target_index,pixel_scale,FWHM,R_E,r_s_eff,N_pix_expected,A_expected,max_snr_expected,IC_joint_expected,SNR2_expected,N_pix,A,max_snr,IC_joint,SNR2,IC_nofactor
0,0.1,0.16,0.5358756661874744,0.3407660347800776,180,1.8000000000000003,4.649510353158585,110.57075510217378,2375.8644882177305,217,2.1700000000000004,6.3550674135106044,133.29918809539842,4044.5992508849263,84.76562500000001
1,0.1,0.16,0.8982205517962478,0.5583827977080916,229,2.2900000000000005,2.6965263166636952,143.89525541831426,1811.129555866211,255,2.5500000000000007,5.466492803596519,160.23270799855956,3528.905305507458,99.60937500000003
2,0.1,0.16,0.4780108147573395,0.2149634364435388,194,1.9400000000000004,26.045171913301292,168.513574471741,20444.99510703717,235,2.3500000000000005,24.62248668204873,204.12726804566563,21709.05969838427,91.79687500000001
3,0.1,0.16,0.6261723860069851,0.2550942879428104,202,2.0200000000000005,13.132260715621182,193.68883259526635,5605.236105120212,252,2.5200000000000005,12.149647943736264,241.63161294062928,7217.694277625735,98.43750000000001
4,0.1,0.16,1.492396410009919,0.1639090601940684,120,1.2000000000000002,9.843765954888953,426.7981381650711,2049.4915298601613,169,1.6900000000000004,9.270091791174805,601.0740445824752,3807.1912857267525,66.01562500000001
5,0.1,0.16,0.5585131030396717,0.1892800612512909,47,0.4700000000000001,9.074836300969942,54.17343714563618,950.176793563682,84,0.8400000000000002,10.248282666526585,96.82061106879658,2551.3594767325294,32.81250000000001
6,0.1,0.16,0.4772935494714498,0.4764395320958737,270,2.7000000000000006,10.527800603961927,105.65780262685502,8350.700681934293,310,3.1000000000000005,11.347227873341579,121.31081042342612,10187.893928606363,121.09375000000001
7,0.1,0.16,0.9977843153115644,0.2503120749164372,210,2.1000000000000005,5.97587612846059,326.9897972070503,3047.0915636716463,241,2.4100000000000006,7.785986787133644,375.2597196519006,4702.0285940080685,94.14062500000001
8,0.1,0.16,2.1646400375600416,0.1513431448533612,4,0.04000000000000001,4.264460927073527,22.348221070499637,58.612926741608895,46,0.4600000000000001,3.2147861748619735,257.0045423107459,1725.5426145346719,17.968750000000004
9,0.1,0.16,0.5618436079509534,0.1863477399259994,137,1.3700000000000003,48.02666481162787,161.35109469903057,21750.987039206062,211,2.1100000000000003,48.639980240744215,248.5042407408427,23688.715568262327,82.42187500000001
10,0.1,0.16,0.5829337601182326,0.2417145857036557,342,3.420000000000001,11.550770026955417,322.18290339860675,22551.53568241385,378,3.7800000000000007,13.287405703934782,356.09689323003903,24084.447336441444,147.65625000000003
11,0.1,0.16,0.5557277491619231,0.3193105043226941,368,3.6800000000000006,15.145945583601508,250.18238629974442,37204.93476009484,417,4.170000000000001,16.881349818079446,283.49471491030823,38295.202203155684,162.89062500000003
12,0.1,0.16,0.339090495063948,0.5550073001359881,69,0.6900000000000002,7.802264906158274,16.467438351767804,1229.9969496049803,124,1.2400000000000002,8.234946535211378,29.593657327814608,2934.1982024808713,48.43750000000001
13,0.1,0.16,0.3278888140743821,0.243029908654151,98,0.9800000000000002,29.475241307886705,51.64793803896511,9207.683240030865,148,1.4800000000000002,28.414471343467486,77.99892683435546,10748.62597352233,57.81250000000001
14,0.1,0.16,0.3170823169224878,0.3861967637293787,156,1.5600000000000003,10.418693172620458,50.03201865514293,7017.209727382273,193,1.9300000000000004,12.329126831976845,61.89858718232427,8670.994745903787,75.39062500000001
15,0.1,0.16,1.0060326128998287,0.7645326784558656,59,0.5900000000000001,12.434867809364903,30.326902340204157,1356.1961241371591,124,1.2400000000000002,10.799782909739168,63.737896443818904,3034.2893284765187,48.43750000000001
16,0.1,0.16,1.353648440847991,0.3597522786115553,41,0.4100000000000001,10.731390705207296,60.26237246954233,1227.5816882216752,87,0.8700000000000002,10.728753010548068,127.87381475244347,2816.3472434440628,33.98437500000001
17,0.1,0.16,1.8117186930731124,0.4065350717956764,584,5.840000000000001,12.811614078421295,1016.6363384879784,20821.336065343712,626,6.260000000000002,14.47725456774953,1089.7505957080043,22283.279751731417,244.53125000000006
18,0.1,0.16,0.4184166653677132,0.2273479363044812,178,1.7800000000000002,17.464798365031594,127.96700175402192,12910.930334044613,220,2.2000000000000006,18.84220921967959,158.1614628420496,14603.454726719658,85.93750000000001
19,0.1,0.16,1.4783560542137122,0.0922169061394906,175,1.7500000000000004,21.204419856255203,1095.8890308101345,9059.060354871519,229,2.2900000000000005,21.862401736874386,1434.049074602976,10594.244239831378,89.45312500000001
20,0.1,0.16,0.6794785554586836,0.3286648160039709,229,2.2900000000000005,14.163313454492352,184.9345509363275,9199.531573560867,295,2.9500000000000006,13.673367957763507,238.2344651799852,10675.032974071815,115.23437500000001
21,0.1,0.16,1.5917667756492744,0.1486773305686607,134,1.3400000000000003,6.647320520644146,560.4017898640852,2132.786554916166,185,1.8500000000000003,7.366426810505095,773.6890382451923,3883.870301882286,72.26562500000001
22,0.1,0.16,1.0888140695379818,0.3912913782440966,182,1.8200000000000003,20.593713062150307,197.82668251874205,8480.260590087253,291,2.9100000000000006,21.063731432532993,316.30530007117545,10243.428856102799,113.67187500000001
23,0.1,0.16,0.2976184990158525,0.488816470198372,124,1.2400000000000002,13.179841303283158,29.4914286342072,3688.4718139698207,181,1.8100000000000003,13.365243737759698,43.04797244186696,5429.662441423463,70.70312500000001
24,0.1,0.16,4.611676005463605,0.5295255471750713,0,0.0,0.5241199684141384,0.0,12.578898022314208,44,0.44000000000000006,3.1604158800307967,149.68717140610363,1705.29226160822,17.1875
25,0.1,0.16,1.1058040902240818,0.4387560850701321,37,0.37000000000000005,6.891286254938079,36.42644577559596,680.6324759919468,70,0.7000000000000002,7.275661894067878,68.91489741328967,2273.299412326608,27.343750000000007
26,0.1,0.16,1.02908522609203,0.2428782648629165,107,1.0700000000000003,12.256828452507358,177.09508334799796,2635.5930009247268,154,1.5400000000000003,13.384863160135284,254.88451248216526,4352.721567987994,60.15625000000001
27,0.1,0.16,0.6993176945352396,0.3679833812957825,142,1.4200000000000004,4.3454251230954775,105.41312553887379,1728.1202990715392,173,1.7300000000000004,6.185697324518203,128.42585012834624,3399.0149427350907,67.57812500000001
28,0.1,0.16,0.5259388220954783,0.1102812685953609,155,1.5500000000000003,88.94370230370201,288.75213827928087,67927.77212171108,222,2.2200000000000006,90.5998595992249,413.5675786967765,69903.15671729257,86.71875000000001
29,0.1,0.16,0.6886034217150797,0.634350204939184,216,2.1600000000000006,14.169104985916583,91.59122714050368,7670.603995604475,280,2.8000000000000007,14.267912575946767,118.72936851546774,9568.483654062631,109.37500000000003
30,0.1,0.16,1.0948798275937752,0.3603607538982513,126,1.2600000000000002,2.4916458213538033,149.5407475187953,1112.1664770431444,187,1.8700000000000003,4.515278556345185,221.9374586191645,2786.841048401537,73.04687500000001
31,0.1,0.16,0.4939713025350964,0.3831213943423109,191,1.9100000000000004,15.019893071698625,96.19637716485862,11233.62749616243,239,2.3900000000000006,16.418597641068427,120.37138294450894,12840.795276618068,93.35937500000001
32,0.1,0.16,0.6954305804179655,0.3585235577512696,91,0.9100000000000001,8.367486749856049,68.95051490715419,2501.9308983342207,139,1.3900000000000003,8.768371225552782,105.320017275763,4111.860896277711,54.296875000000014
33,0.1,0.16,1.1953835182536203,0.2432612050761911,560,5.600000000000001,12.66989057973612,1074.9356624130799,18438.10944402509,618,6.1800000000000015,14.536730145766263,1186.2682845915774,20053.05276133832,241.40625000000006
34,0.1,0.16,0.7568313885040647,0.2277369751330643,193,1.9300000000000004,5.958422397285665,250.54337955266547,2979.72936360915,265,2.6500000000000004,7.215184220480656,344.01033980029194,4706.121249776443,103.51562500000001
35,0.1,0.16,0.5305365484954312,0.2951561768901945,132,1.3200000000000003,25.220638452919413,92.68242687657767,20984.141180373368,173,1.7300000000000004,26.3110909356284,121.47015037612073,22088.14215533399,67.57812500000001
36,0.1,0.16,0.7884105251383368,0.230658,225,2.2500000000000004,29.18363527646268,300.41834148820607,15644.590732493398,295,2.9500000000000006,28.668998143266954,393.88182550675907,16996.594075879508,115.23437500000001
37,0.1,0.16,1.4405632427643802,0.3424130492729907,106,1.0600000000000003,12.544763901653425,174.19990826096603,2123.069627503293,159,1.5900000000000003,12.068873257438119,261.29986239144904,3726.530419497075,62.10937500000001
38,0.1,0.16,1.2731955186723634,0.4561250805949896,611,6.110000000000001,30.320350545844793,666.2119111861628,66862.15550538026,694,6.940000000000001,30.338468289882442,756.7120562409116,68717.92455255962,271.09375000000006
39,0.1,0.16,0.6497293723634407,0.2983537945111139,138,1.3800000000000003,21.47201386842487,117.39242008420995,7816.62791470326,194,1.9400000000000004,22.290258195328267,165.02992388649804,9734.678305676072,75.78125000000001
40,0.1,0.16,0.9597882272105732,0.3324343559033428,192,1.9200000000000004,7.667119375751329,216.53633495607417,3210.9929237984306,247,2.4700000000000006,9.137588271365237,278.56497257369955,4981.878316873175,96.48437500000001
41,0.1,0.16,0.8397626458397912,0.1817633327676968,192,1.9200000000000004,24.25128786578288,346.5066219845284,11227.604253317204,265,2.6500000000000004,23.885183457694477,478.2513272182293,12932.330784909478,103.51562500000001
42,0.1,0.16,1.099933939818442,0.3797560782300384,353,3.5300000000000007,2.8607975963962144,399.38946896434527,2835.7840834056174,341,3.4100000000000006,5.398574112286162,385.81248984941004,4537.260306475919,133.20312500000003
43,0.1,0.16,0.5676835717695656,0.6287284461186003,86,0.8600000000000002,9.372421292780228,30.332045745448042,2164.4443027353254,124,1.2400000000000002,9.8736513273564,43.73457758645996,3829.7954593947934,48.43750000000001
44,0.1,0.16,0.3610402922480091,0.5056124941971982,139,1.3900000000000003,13.739777731358378,38.77150949222381,3760.6947118737617,186,1.8600000000000003,13.808738391370312,51.881300471608824,5491.559076729941,72.65625000000001
45,0.1,0.16,0.6589289301459854,0.673994623746989,375,3.750000000000001,13.904713193260697,143.21003328668547,12424.351924995992,455,4.550000000000001,14.338406090186847,173.7615070545117,13949.064253607135,177.73437500000003
46,0.1,0.16,1.0810150179742375,0.2238294721041865,130,1.3000000000000003,31.362814121770825,245.2549852592781,11161.950917744045,197,1.9700000000000004,32.28779604095021,371.6556315082907,13057.298466757878,76.95312500000001
47,0.1,0.16,1.0629923101043908,0.1509011778191716,67,0.6700000000000002,20.896095251239228,184.36239046027404,6811.057937307549,107,1.0700000000000003,21.139499626567304,294.4294892425272,8434.74205242109,41.79687500000001
48,0.1,0.16,1.1229750416862871,0.183681445330952,110,1.1000000000000003,24.734361498579993,262.69846546294906,5607.749619148493,163,1.6300000000000003,25.112220604920793,389.27136245873356,7522.197242466738,63.67187500000001
49,0.1,0.16,1.047094628992532,0.1810014430284259,34,0.3400000000000001,18.33573891954289,76.83212525064258,3035.5438009608397,73,0.7300000000000001,19.06181357455432,164.96309244990906,4715.06028577259,28.515625000000004
50,0.1,0.16,0.5911824421786775,0.338965684657611,211,2.1100000000000003,6.378909051547096,143.7501421439287,4057.7700878278315,267,2.6700000000000004,8.562324255119934,181.90183863710408,5708.517673081417,104.29687500000001
51,0.1,0.16,0.842504834106618,0.6047723717603202,77,0.7700000000000001,7.568695232121474,41.90165903181521,1673.3300073496657,122,1.2200000000000002,7.69455295288043,66.38964158287604,3295.6313229820803,47.65625000000001
52,0.1,0.16,0.4364160334677294,0.0934853180472605,241,2.4100000000000006,100.14797187461656,439.4751925634264,331469.7683629555,290,2.9000000000000004,100.46543207109423,528.8290698896002,332453.7372964174,113.28125000000001
53,0.1,0.16,0.6528717170701793,0.144770983506683,93,0.9300000000000002,64.00032699093474,163.82844664169355,24962.242427336532,162,1.6200000000000003,63.02268862343442,285.37858447262744,26221.443311809613,63.28125000000001
54,0.1,0.16,0.4440809804154264,0.0863373990283903,150,1.5000000000000002,83.79553434142684,301.38005359253555,61690.00561682632,189,1.8900000000000003,83.79888299988306,379.7388675265948,63244.38100330997,73.82812500000001
55,0.1,0.16,0.4637127502415048,0.6765751206194764,44,0.44000000000000006,11.128574124268045,11.780011785651274,1061.1582498373214,105,1.0500000000000003,11.35586398846584,28.11139176121327,2703.073013110199,41.01562500000001
56,0.1,0.16,0.3794909532726581,0.3477112230322782,67,0.6700000000000002,25.412440514075023,28.563903419823923,4980.766645702424,117,1.1700000000000002,25.975357187835154,49.88024925551342,6610.008487623518,45.70312500000001
57,0.1,0.16,0.5553417815050143,0.4235226332645467,591,5.910000000000001,62.214781752822375,302.7131173637949,199308.22016133385,633,6.330000000000001,63.203945708112464,324.2257246891407,200906.9163772939,247.26562500000003
58,0.1,0.16,0.4362995708838486,0.8910620206728699,115,1.1500000000000001,16.99383737186798,21.995545013800214,4034.2002535282604,180,1.8000000000000003,17.93696187478889,34.42780958681772,5727.046775619285,70.3125
59,0.1,0.16,1.1243098028593224,0.2188327591853011,253,2.5300000000000007,19.50060878733554,507.75500957614366,12713.861069637853,309,3.0900000000000007,19.50062599593839,620.1434701937881,14328.50228355555,120.70312500000003
60,0.1,0.16,1.4017173533453249,0.5203061240239101,202,2.0200000000000005,34.072025837835284,212.57535670927805,17586.858858404154,311,3.1100000000000008,34.7598095207172,327.28186107220534,19291.290211442334,121.48437500000003
61,0.1,0.16,0.8741170091890503,0.4905887927990946,280,2.8000000000000007,11.361126994271483,194.88123105006414,6554.591071120025,326,3.2600000000000007,11.897294627016983,226.8974332940032,8244.812030304101,127.34375000000001
62,0.1,0.16,0.9795433126301912,0.4751725440605854,278,2.7800000000000007,30.1136543673247,223.86032807563095,24738.61344007049,351,3.5100000000000007,30.676341944124687,282.6437955199513,25961.690860269933,137.10937500000003
63,0.1,0.16,1.2170301524245617,0.4574463734224382,248,2.4800000000000004,16.72889475778071,257.73468294009723,7028.2816495975085,344,3.440000000000001,16.459389719930908,357.50294730400583,8650.79212155635,134.37500000000003
64,0.1,0.16,0.641809684893677,0.286815932143362,109,1.0900000000000003,6.424916268051566,95.27731875073957,1776.467439684345,159,1.5900000000000003,6.663503650526618,138.9825108382348,3501.727802387858,62.10937500000001
65,0.1,0.16,1.184654838725748,0.2137015715484558,172,1.7200000000000004,11.257768742147714,372.4539618504334,3612.8490803499326,231,2.3100000000000005,13.551629628137984,500.2143324851751,5344.594406793087,90.23437500000001
66,0.1,0.16,0.3372544503446484,0.1178074564729573,115,1.1500000000000001,281.59582343319295,128.60053781955395,322216.43787017494,156,1.5600000000000003,281.8601482189974,174.4494252160906,324891.90162218065,60.93750000000001
67,0.1,0.16,0.5757210006751813,0.1769716348215876,147,1.4700000000000002,23.542074743467097,186.8038308453968,7941.8872040481665,198,1.9800000000000004,23.72593007551933,251.61332317951405,9548.182955417904,77.34375000000001
68,0.1,0.16,1.3040569567973057,0.4208571589889763,6,0.06000000000000001,3.1064519998313913,7.262282290352445,85.1693493422456,47,0.4700000000000001,4.05817975974987,56.88787794109415,1751.62434618355,18.359375000000004
69,0.1,0.16,0.7752682603283847,0.4722853765995021,106,1.0600000000000003,7.422107407646498,67.96939518930688,2911.075602086667,142,1.4200000000000004,8.913365388544207,91.0533407252979,4603.229363822397,55.468750000000014
70,0.1,0.16,0.6098430590465838,0.3649605304591096,63,0.6300000000000001,4.884345985796518,41.12186189653189,773.1067208555842,110,1.1000000000000003,5.9909215225544,71.8000763272779,2486.285158375272,42.96875000000001
71,0.1,0.16,0.8198006449042174,0.1512800421592955,214,2.1400000000000006,17.584678872795855,453.00232060882627,11081.658452326974,264,2.6400000000000006,19.03142913353607,558.8439843024772,12667.936918333628,103.12500000000001
72,0.1,0.16,0.3849149160829023,0.2173318021401238,125,1.2500000000000002,72.81571864936254,86.47916895633469,48958.58373359984,174,1.7400000000000004,72.88735185905962,120.3790031872179,50911.22694957716,67.96875000000001
73,0.1,0.16,1.1560140676410042,0.2826978909781762,204,2.0400000000000005,17.854508735607343,325.85977453313944,13392.170598240387,272,2.7200000000000006,18.91466822977881,434.47969937751924,15010.32006929021,106.25000000000001
74,0.1,0.16,0.4373142518964944,0.5367660964522173,164,1.6400000000000003,3.6938111141284002,52.19302121964982,1795.6289479202237,196,1.9600000000000004,5.330410201096592,62.3770253600693,3457.4076578442173,76.56250000000001
75,0.1,0.16,1.205899056989725,0.2087414241127232,179,1.7900000000000003,19.82048944652994,403.93862159300096,8178.069444284116,244,2.4400000000000004,20.71957776926643,550.6202439591746,9929.158094367818,95.31250000000001
76,0.1,0.16,0.3593726318553603,0.7730192917247819,208,2.0800000000000005,11.605905936462186,37.77270069560406,5912.15881725514,258,2.5800000000000005,13.32576260452204,46.852676824355036,7742.043010241641,100.78125000000001
77,0.1,0.16,0.7054608296409609,0.2498147730425511,150,1.5000000000000002,14.879903214274917,165.46497624355604,4630.794026013932,217,2.1700000000000004,14.029679711844965,239.3726656323444,6056.571098658955,84.76562500000001
78,0.1,0.16,0.8456854811914739,0.2002255747098924,0,0.0,1.3656802835332733,0.0,656.6646181063498,133,1.3300000000000003,3.890970507359532,219.43252543380055,2314.3072113214293,51.95312500000001
79,0.1,0.16,0.4808007324862847,0.9752488956056048,172,1.7200000000000004,9.093933334424317,33.12364603485392,5233.760214011436,208,2.0800000000000005,10.19930127738887,40.05650218168381,6981.683222026334,81.25000000000001
80,0.1,0.16,0.6389036110600651,0.4417475287325798,1062,10.620000000000003,3.1759357252468896,599.9924225069045,10052.090878667466,941,9.410000000000002,5.997014948049139,531.6317039350256,11753.770695144416,367.57812500000006
81,0.1,0.16,0.7871855254530887,0.154491653215145,335,3.3500000000000005,43.60211930816063,666.7713350596702,41214.77902626796,394,3.940000000000001,42.80708255924853,784.2027045179404,42667.35470257043,153.90625000000003
82,0.1,0.16,1.5958303153544346,0.2740024889512745,439,4.390000000000001,6.3317438885960176,998.7499211486095,11067.520016542167,478,4.780000000000001,8.506787463772659,1087.4771351003085,12540.314243361312,186.71875000000003
83,0.1,0.16,0.5820701469149989,0.2929165024163819,167,1.6700000000000004,12.891902113384882,129.63073752049056,4751.76654826021,228,2.2800000000000002,12.959851173655405,176.98088715372361,6154.6848007868775,89.0625
84,0.1,0.16,1.1757120705709496,1.0590127413678387,885,8.850000000000001,3.024860732936447,383.7983444577103,7023.335097036401,786,7.860000000000001,5.4955340510050155,340.86497033193257,8658.409080566085,307.03125000000006
85,0.1,0.16,0.6004434085625744,0.135022185551733,190,1.9000000000000004,66.54310864592668,330.0506435083519,53801.60776637957,257,2.5700000000000003,66.28694536307255,446.436923061297,55632.52104858823,100.390625
86,0.1,0.16,0.4867430569426348,0.5399630739152765,450,4.500000000000001,33.815276996028715,158.45584098519757,55965.626946228396,478,4.780000000000001,33.852608162077345,168.31531553538764,57391.97250160316,186.71875000000003
87,0.1,0.16,0.8904671367288722,0.5630187569425642,10,0.10000000000000002,2.574992161535327,6.1781019015002405,214.61350581996408,68,0.6800000000000002,4.261296692714178,42.011092930201634,1905.5599551396617,26.562500000000004
88,0.1,0.16,0.4804459375107066,0.5161225114815227,106,1.0600000000000003,17.47910096081385,38.54407462861633,4985.240012251449,163,1.6300000000000003,19.232864679168316,59.27060532513643,6944.27392253436,63.67187500000001
89,0.1,0.16,0.4504843069958649,0.3068201143696858,160,1.6000000000000003,21.469383555117815,91.76474379811174,12837.169346688395,200,2.0000000000000004,22.427276792341168,114.70592974763967,14598.484995714483,78.12500000000001
90,0.1,0.16,0.7349911036096731,0.1106326592735007,110,1.1000000000000003,15.15982030887886,285.4640681207303,4268.57305283627,156,1.5600000000000003,14.680157526489868,404.83995115303566,5911.791496157726,60.93750000000001
91,0.1,0.16,0.7443529133836975,0.1847445144862198,107,1.0700000000000003,23.79059948930228,168.40351532551114,8390.155307816953,162,1.6200000000000003,23.48741680391577,254.9660699320823,9955.05063701203,63.28125000000001
92,0.1,0.16,0.9879990938946897,0.240730160948261,87,0.8700000000000002,21.231561985674,139.47787669943773,3310.3029721149887,147,1.4700000000000002,23.651256979371517,235.6695158024982,4988.4990470834155,57.42187500000001
93,0.1,0.16,0.9120970178477436,0.5738030896263212,75,0.7500000000000001,4.634092399017535,46.56927228670042,1074.5489660977378,146,1.4600000000000002,6.233065719006653,90.65485005144347,2756.0244017876344,57.03125000000001
94,0.1,0.16,0.6317477227099709,0.6054240952255023,193,1.9300000000000004,15.484194833442354,78.66858295372512,8578.416633491204,225,2.2500000000000004,16.221820623096974,91.71207857299561,10347.639401945798,87.89062500000001
95,0.1,0.16,0.5670183557973763,0.2411565806466248,171,1.7100000000000004,14.338949987966762,157.05586027694812,8001.1375322330905,224,2.24,15.225992963219305,205.73399240956942,9652.784801687647,87.5
96,0.1,0.16,0.406317001754352,0.4260276850522628,153,1.5300000000000002,16.426092213555442,57.00049647007316,7787.9607408995735,219,2.1900000000000004,18.706386658004057,81.58894592775178,9468.115809405888,85.54687500000001
97,0.1,0.16,0.8958969435358858,0.3405518755236538,73,0.7300000000000001,41.82978297786517,75.01665125535645,7647.860317033075,145,1.4500000000000002,41.99190423501738,149.00567715105046,9499.055037494214,56.64062500000001
98,0.1,0.16,0.7135482154066378,0.4402965685397705,585,5.850000000000001,29.91604902794567,370.334288436668,79541.67071743289,616,6.160000000000001,31.43270230263794,389.9588404734828,81062.62795934548,240.62500000000003
99,0.1,0.16,1.326094101456049,0.2857664010912347,30,0.30000000000000004,9.415931434050576,54.3806591401089,663.4249539230435,69,0.6900000000000002,8.519818961206742,125.07551602225045,2303.1211661665457,26.953125000000004
100,0.1,0.16,0.791440883933582,0.3908824294550621,131,1.3100000000000003,15.089385789423309,103.61047448205858,6552.201591552071,176,1.7600000000000002,16.190833737394083,139.20185884612448,8069.594820407992,68.75
101,0.1,0.16,0.6882548756301002,0.4827214296180666,419,4.19,13.975157158843183,233.3601929821064,20046.594167655217,479,4.790000000000001,14.620031794712583,266.77692706068973,21409.597150537986,187.10937500000003
102,0.1,0.16,0.6826305870632211,0.3068957930823398,155,1.5500000000000003,23.167384445722853,134.6748627961947,14061.588293302659,193,1.9300000000000004,24.824810837121422,167.69192593332633,15702.980394314603,75.39062500000001
103,0.1,0.16,0.7210862713619748,0.2874574288577528,55,0.5500000000000002,17.428443870010017,53.893503197506966,4919.980901632383,92,0.9200000000000002,17.316856697744104,90.14913262128438,6560.030712121387,35.93750000000001
104,0.1,0.16,0.4836258012221989,0.4191804605209833,109,1.0900000000000003,6.8394318973438555,49.1241404527088,2321.282468588181,151,1.5100000000000002,9.880685706950878,68.05270833356907,3953.285892022307,58.98437500000001
105,0.1,0.16,0.4980540214049109,0.495818897046706,247,2.4700000000000006,25.835122864872027,96.91932126371283,20145.193372361886,299,2.9900000000000007,27.670422425895783,117.32338889817869,22042.229001691714,116.79687500000001
106,0.1,0.16,1.383500976083705,0.1662006925966071,282,2.8200000000000007,23.38556587366386,916.9713857126962,14924.542294530618,358,3.5800000000000005,21.931815257416073,1164.098425833848,16641.86598892866,139.84375
107,0.1,0.16,0.3540364767275135,0.2959415420364332,116,1.1600000000000001,12.276615602470816,54.207590260310596,3303.9021017938553,157,1.5700000000000003,11.237302601410715,73.36716957645487,4822.485917844466,61.32812500000001
108,0.1,0.16,0.3379333812030404,0.3910217191745398,127,1.2700000000000002,7.711226885007308,42.87399653530848,3911.4950464836124,169,1.6900000000000004,9.283597017865478,57.052798539111286,5702.869918990878,66.01562500000001
109,0.1,0.16,1.3962825786602224,0.1846664614343692,71,0.7100000000000002,36.17579721447224,209.7025325645965,10579.605985073436,114,1.1400000000000001,35.21540023148486,336.7054748220281,11811.163098969813,44.53125
110,0.1,0.16,0.7375586897281367,0.1356508584025211,91,0.9100000000000001,50.542859149191614,193.27490336354992,24647.009777265852,146,1.4600000000000002,51.417929318017634,310.08940539646466,26070.364735969768,57.03125000000001
111,0.1,0.16,0.4102371891803201,0.4116254109096193,92,0.9200000000000002,11.214072332926449,35.81629946894814,1943.2908196576464,146,1.4600000000000002,12.021304217265401,56.838910026808996,3616.521155112123,57.03125000000001
112,0.1,0.16,1.164736178571959,0.5817879120734729,19,0.19000000000000003,5.5369062472616,14.858552654574677,405.65625575662284,78,0.7800000000000001,7.449410517582998,60.99826879246446,2037.8792883264314,30.468750000000004
113,0.1,0.16,1.2276303269657003,0.483125399440903,42,0.4200000000000001,7.519669609720132,41.68857624767603,619.0196360073714,94,0.9400000000000002,8.834125946924205,93.30300398289398,2430.547113301717,36.71875000000001
114,0.1,0.16,0.7823350432307653,0.4569880540826386,280,2.8000000000000007,3.8568969881033377,187.24317755993565,3221.5491415698207,310,3.1000000000000005,6.6911040620856514,207.30494658421443,4900.959842075508,121.09375000000001
115,0.1,0.16,0.8210159054160121,0.4745783264552936,207,2.0700000000000003,18.467625217897357,139.8859351054913,7771.753210641548,312,3.1200000000000006,19.556897682883537,210.84256885465356,9558.26683827178,121.87500000000001
116,0.1,0.16,0.5289089802363582,0.2582965462154709,89,0.8900000000000001,8.848816280312978,71.18891652035683,1861.3048280280393,131,1.3100000000000003,9.162122691634666,104.78368611423309,3585.767746020016,51.17187500000001
117,0.1,0.16,0.608715483021355,0.160821834089118,157,1.5700000000000003,87.27775670896366,232.1287991995054,77665.34610592251,202,2.0200000000000005,88.18899282512591,298.6625314541407,79988.95030303234,78.90625000000001
118,0.1,0.16,0.6840465607653272,0.1539818876164854,149,1.4900000000000002,21.228635024892778,258.56058851029417,9864.942711709053,213,2.1300000000000003,21.609837597803974,369.62017015229975,11416.540630993986,83.20312500000001
119,0.1,0.16,1.2803304254855246,0.2751726893202942,260,2.6000000000000005,8.541203143910954,472.5525602107183,5079.643721741987,330,3.3000000000000007,9.936928159001743,599.7782494982195,6694.038632403386,128.90625000000003
120,0.1,0.16,0.8689720553289909,0.2473847930027524,265,2.6500000000000004,2.8451442483292957,363.61242873127725,2188.1413756413094,284,2.8400000000000007,5.60311199404593,389.6827538101236,3906.996311038937,110.93750000000003
121,0.1,0.16,0.7402609006331967,0.4657151848177053,58,0.5800000000000001,10.516350717773216,36.012431152606155,1342.7282059218026,106,1.0600000000000003,10.028679104321146,65.8158224513147,3017.74487029222,41.40625000000001
122,0.1,0.16,0.4555195413406266,0.1614396331759056,77,0.7700000000000001,191.65493566869534,84.86871182033197,216482.58989866986,126,1.2600000000000002,190.40433427557005,138.87607388781595,218412.0198739131,49.21875000000001
123,0.1,0.16,0.786778209698671,0.1623671982704016,215,2.1500000000000004,16.738265791614978,406.9607464379535,9758.417305038283,269,2.6900000000000004,18.39438257219901,509.1741432177185,11486.744455584347,105.07812500000001
124,0.1,0.16,0.5644980932593757,0.380885711180672,37,0.37000000000000005,11.684403511149137,21.42049771005805,1105.068889932294,80,0.8000000000000002,11.592381211557415,46.314589643368755,2746.0888221039386,31.250000000000004
125,0.1,0.16,0.5538050755187685,0.3784309294033698,164,1.6400000000000003,13.808372076490253,93.75062896247822,6094.826911997614,222,2.2200000000000006,13.881156762657541,126.90633920530587,7780.229084245057,86.71875000000001
126,0.1,0.16,0.5047202645103156,0.5164418874849603,180,1.8000000000000003,19.58971632121966,68.71662515836313,9205.005533348323,242,2.4200000000000004,21.341304045919838,92.38568493513266,10939.358430776267,94.53125000000001
127,0.1,0.16,0.4009479527908017,0.3726868490185542,118,1.1800000000000002,16.081501804706544,49.589071220570304,5204.247833047466,168,1.6800000000000004,15.479658423648758,70.6013895343713,6720.860849465075,65.62500000000001
128,0.1,0.16,0.5289514780097119,0.1582102224767149,180,1.8000000000000003,23.92796813975766,235.07899941820574,12841.886661748544,237,2.3700000000000006,23.836805102203343,309.5206825673043,14225.13143430102,92.57812500000001
129,0.1,0.16,0.3633824112538755,0.1748396704133532,122,1.2200000000000002,21.873770101160133,99.04756166249847,10471.779840416028,164,1.6400000000000003,23.696802506227165,133.14590256270287,12216.442947390562,64.06250000000001
130,0.1,0.16,0.8330412719819037,0.1225185724917097,536,5.360000000000001,112.3733513933793,1423.6047055887238,164759.49402103905,635,6.350000000000001,111.57523465806139,1686.5466194941039,166484.84157820462,248.04687500000006
131,0.1,0.16,1.0917359793374526,0.0818828719446545,104,1.0400000000000003,61.06099978947948,541.6489811271135,20967.632267639106,141,1.4100000000000004,61.75613420353703,734.3510224896443,23090.959894744705,55.078125000000014
132,0.1,0.16,0.529679623923611,0.4261102036559819,85,0.8500000000000002,18.55921835301896,41.273404420250515,4054.344324042998,129,1.2900000000000003,17.85345151232021,62.63846082602725,5775.300008286762,50.39062500000001
133,0.1,0.16,0.3488335317713625,0.2640079954165706,191,1.9100000000000004,17.88948424581196,98.58130146186646,18527.350297923836,233,2.3300000000000005,19.216463058107156,120.25886513410933,20083.872220489502,91.01562500000001
134,0.1,0.16,0.4597029781999323,0.4067137618499158,153,1.5300000000000002,10.631058253506255,67.55226496766258,3425.276503005269,199,1.9900000000000004,11.140082891963406,87.86209626512978,5132.3656814433325,77.73437500000001
135,0.1,0.16,0.5574544099470541,0.4894198184796083,76,0.7600000000000001,10.141932067687579,33.81438015059192,2337.975926481217,117,1.1700000000000002,10.708924388190075,52.05634838972704,3843.356897728865,45.70312500000001
136,0.1,0.16,0.9519379386665652,0.3160637800630756,48,0.4800000000000001,6.972356562044982,56.472261220302045,755.5036848777938,109,1.0900000000000003,7.224291780812949,128.23909318776924,2448.8557705294643,42.57812500000001
137,0.1,0.16,0.5879131092494352,0.829408879823969,0,0.0,0.8223540054695229,0.0,674.503979471832,144,1.4400000000000004,4.052735535464924,39.87190540122916,2360.6978962662715,56.250000000000014
138,0.1,0.16,0.939571701202328,0.6843231758093716,129,1.2900000000000003,12.726063569500353,69.18603216952481,3273.007493746268,236,2.3600000000000003,11.499519222809939,126.5728960620764,5046.4397910729695,92.18750000000001
139,0.1,0.16,1.005303282755461,0.1492311397839378,263,2.6300000000000003,5.947013147618699,692.0754246658032,4489.41159884111,304,3.0400000000000005,7.7378086689408185,799.9655098798638,6246.44161358468,118.75000000000001
140,0.1,0.16,0.697852358368076,0.1731595090584254,224,2.24,14.34830956800655,352.6348722587555,14158.449927651833,262,2.6200000000000006,15.879697230742803,412.4568595169373,15605.627388921674,102.34375000000001
141,0.1,0.16,0.8862433257222103,0.4234201960626219,426,4.260000000000001,30.52075035806074,348.2980495317481,22393.47035087869,502,5.020000000000001,32.12307659753959,410.4357297299004,23836.135863814186,196.09375000000006
142,0.1,0.16,0.6387281423213398,0.1646529849533212,147,1.4700000000000002,17.097503700472856,222.75312869521338,6886.242356144567,191,1.9100000000000004,17.719796604980502,289.4275345631684,8679.507045517179,74.60937500000001
143,0.1,0.16,0.4815861718930465,0.1466961054596042,100,1.0000000000000002,54.08896890289398,128.2376228096416,37310.38619484799,145,1.4500000000000002,54.18402501588981,185.94455307398033,39094.45126260649,56.64062500000001
144,0.1,0.16,0.8569816049667841,0.2703556684123536,133,1.3300000000000003,21.38029960104151,164.682592774909,4484.005046500515,198,1.9800000000000004,20.676799868311416,245.16656668745856,6224.002886907567,77.34375000000001
145,0.1,0.16,1.0184580684095286,0.4831627528288789,82,0.8200000000000002,10.070261182943247,67.51862558266487,1867.2773411831106,152,1.5200000000000002,9.10902518848945,125.15647668981778,3682.152203164551,59.37500000000001
146,0.1,0.16,0.3397337941818414,0.2424306862361654,137,1.3700000000000003,49.92202824865959,74.99490518931835,22370.513800847504,199,1.9900000000000004,49.74222991412978,108.93420534798797,23552.26266389317,77.73437500000001
147,0.1,0.16,0.5250679846112994,0.5471724369768701,162,1.6200000000000003,4.1023664572202305,60.72483947613092,1671.5041480451187,209,2.0900000000000003,5.656515502133363,78.34253981797137,3240.6334772234186,81.64062500000001
148,0.1,0.16,1.239049922216181,0.3173805278353057,99,0.9900000000000002,13.549696572315845,150.9745542283821,5508.329433459609,134,1.3400000000000003,13.5903835726026,204.34939663235554,7076.725215383052,52.34375000000001
149,0.1,0.16,0.5712092993129648,0.2745896651821252,0,0.0,0.812028007851008,0.0,581.2152647617019,135,1.3500000000000003,3.765517416824247,109.69955979034418,2273.9470727424346,52.73437500000001
150,0.1,0.16,0.9531887370100992,0.287351458301177,195,1.9500000000000004,6.856907302049774,252.67375970941356,2892.317128848092,267,2.6700000000000004,8.802699546609354,345.9686863713509,4677.698489913342,104.29687500000001
151,0.1,0.16,1.0415273437329573,0.3337682087138022,122,1.2200000000000002,13.66530729000811,148.71184905850262,4562.5849413122605,158,1.5800000000000003,14.214527974004213,192.59403402658535,6384.431463801946,61.71875000000001
152,0.1,0.16,0.3888073130813518,0.2801614137457927,129,1.2900000000000003,2.733759801536303,69.93198402588452,978.1396338508586,147,1.4700000000000002,4.817989932795398,79.68993528531026,2707.093131625282,57.42187500000001
153,0.1,0.16,0.429448894365242,0.2741391632833327,201,2.0100000000000002,17.61154043362543,122.99756059223365,10243.043704992098,242,2.4200000000000004,17.270767488496894,148.08661524040076,11915.640893916121,94.53125000000001
154,0.1,0.16,1.5922741128943998,0.6728139633580451,314,3.1400000000000006,15.40089895215511,290.27692987366186,14530.528828755325,382,3.8200000000000007,17.618096317665195,353.1394497189135,16407.649917801682,149.21875000000003
155,0.1,0.16,0.6813817394289944,0.1991428629808688,28,0.28,5.475210185815665,37.42344899259876,434.77527367938876,76,0.7600000000000001,6.369139210382097,101.57793297991091,2143.970489613912,29.687500000000004
156,0.1,0.16,0.6612838827367842,0.6147888712423352,114,1.1400000000000001,11.944489630556362,47.8990418997269,5905.576050679667,151,1.5100000000000002,12.18178637698854,63.445222165427744,7692.460300448264,58.98437500000001
157,0.1,0.16,0.93087483295597,0.1552411388974651,91,0.9100000000000001,11.461312153769459,213.1502742297394,4589.815813226865,125,1.2500000000000002,12.67260587291963,292.78883822766403,6167.8368437945865,48.82812500000001
158,0.1,0.16,0.588847725996397,0.3155735746850294,265,2.6500000000000004,19.52833854978433,193.15603483968601,11705.13145533637,330,3.3000000000000007,21.040490011854025,240.53393017772223,13454.45544911148,128.90625000000003
159,0.1,0.16,0.7906394124904729,0.1871148459734092,140,1.4000000000000004,23.704130926139438,231.07783161533473,6999.994002052546,196,1.9600000000000004,24.844741537796953,323.5089642614686,8585.246933996796,76.56250000000001
160,0.1,0.16,0.8521885588908031,0.1983435711758019,54,0.5400000000000001,5.293328393694353,90.6298717298479,793.8002339859478,105,1.0500000000000003,6.4546401846336305,176.22475058581537,2575.433499294978,41.01562500000001
161,0.1,0.16,0.709367168041367,0.3922444793753222,310,3.1000000000000005,12.901378183807287,218.9958941979532,15860.605314918896,356,3.5600000000000005,14.107230816647425,251.4920591434559,17275.444157156584,139.0625
162,0.1,0.16,0.501972300192469,0.3850217721212586,27,0.2700000000000001,4.366404660507361,13.750492795314136,339.29117905726815,64,0.6400000000000001,5.548557558742089,32.59376070000388,1945.792756577206,25.000000000000004
163,0.1,0.16,0.6293716198521636,0.1155332481012008,25,0.25000000000000006,17.10782819499997,53.19860149465413,1002.465618043009,73,0.7300000000000001,17.99139877628535,155.33991636439004,2786.8096842032237,28.515625000000004
164,0.1,0.16,1.8581324429358144,0.1593804661106921,19,0.19000000000000003,7.465203783214517,86.5277098345058,391.460440623251,65,0.6500000000000001,8.194096803734451,296.0158494338356,2103.0934825105114,25.390625000000004
165,0.1,0.16,0.6865777597573238,0.304970891932866,85,0.8500000000000002,14.289651009544386,74.7498459113949,3626.320417436579,130,1.3000000000000003,13.4756243212909,114.32329374683925,5237.827298463316,50.78125000000001
166,0.1,0.16,0.8728526415367847,0.2083727628507483,327,3.2700000000000005,13.82502243330818,535.0665082540554,10581.685106338186,388,3.880000000000001,14.496136773245722,634.8801382341697,11927.264401099608,151.56250000000003
167,0.1,0.16,0.7074776926250845,0.3327523523861976,151,1.5100000000000002,4.148756132972883,125.4089692429885,1701.190985995077,212,2.1200000000000006,6.10341951564987,176.0708707252554,3379.037177544228,82.81250000000001
168,0.1,0.16,0.4702798605434442,0.1150928602035972,164,1.6400000000000003,54.92658927269334,261.76518259055985,23344.210947062013,231,2.3100000000000005,56.151034731224065,368.7058364537763,24872.257746335104,90.23437500000001
169,0.1,0.16,0.4736238488343952,0.358681400968202,334,3.3400000000000007,42.444772879206305,172.2785496008772,30646.592384399115,401,4.010000000000001,41.99214972011366,206.83742032919687,31931.023412909217,156.64062500000003
170,0.1,0.16,1.510766238055029,0.3841041645368243,127,1.2700000000000002,12.452253430009549,195.12459317224065,3442.6393053752818,195,1.9500000000000004,13.715717672426289,299.60075329596003,5104.6215245569,76.17187500000001
171,0.1,0.16,1.6912319171512635,0.3505483299961022,181,1.8100000000000003,19.649239204063313,341.10954584683094,7984.523280234874,263,2.6300000000000003,19.911475639823944,495.6453621973289,9889.374894134766,102.73437500000001
172,0.1,0.16,0.5466120355632572,0.4279568879738207,132,1.3200000000000003,17.515014855363937,65.85869716263238,6719.224483627031,192,1.9200000000000004,18.278775013302383,95.79446860019257,8282.583572660813,75.00000000000001
173,0.1,0.16,1.7273286031356982,0.4837886564178641,303,3.0300000000000007,4.948741378756665,422.5926572990542,3665.8460922772733,354,3.5400000000000005,6.347344844786678,493.7221144682018,5139.899337693324,138.28125
174,0.1,0.16,0.5094455199377784,0.2775125844807633,58,0.5800000000000001,8.694081966205957,41.591357316952134,1288.8999912353158,105,1.0500000000000003,9.337923836829447,75.29469859103405,2973.76626874643,41.01562500000001
175,0.1,0.16,0.4087636537257632,0.5601345802960228,206,2.0600000000000005,19.235694046310364,58.722852360519695,7038.781432942069,269,2.6900000000000004,19.373001490386613,76.68178293679513,8806.008525110952,105.07812500000001
176,0.1,0.16,0.8261339998621564,0.2612552515568963,90,0.9000000000000001,15.166057781985824,111.17010379532513,3516.7590935966937,151,1.5100000000000002,13.953893925675601,186.51872970104552,5139.748454722662,58.98437500000001
177,0.1,0.16,0.4930238888528722,0.4446186156905656,141,1.4100000000000004,6.676379510142497,61.07443642693346,2837.7418329320667,196,1.9600000000000004,8.912383076914805,84.89779815375147,4446.581904206487,76.56250000000001
178,0.1,0.16,0.6508937445857358,0.538197293542816,121,1.2100000000000002,7.852592595770852,57.16286576604215,3255.9937379858948,172,1.7200000000000004,8.925237353590282,81.25630505586157,4937.717055250911,67.18750000000001
179,0.1,0.16,0.8142225349728381,0.4092890860923251,66,0.6600000000000001,4.25008997777258,51.28813702360318,680.5989890360584,110,1.1000000000000003,6.465846313583454,85.48022837267196,2403.567448062806,42.96875000000001
180,0.1,0.16,1.0300373736233663,0.1353667566500919,72,0.7200000000000002,14.522210771157207,214.00971590123058,2266.154111773567,117,1.1700000000000002,16.982224880534126,347.7657883394997,4000.5967567128805,45.70312500000001
181,0.1,0.16,0.5985131400563877,0.2459961484257803,148,1.4800000000000002,27.581816552747703,140.65887263251025,10949.700970489204,208,2.0800000000000005,28.004057288564,197.68273991596035,12589.534053724718,81.25000000000001
182,0.1,0.16,0.8946050921852925,0.1207979599744565,118,1.1800000000000002,9.402140166736858,341.36092593480373,3696.7380654572517,167,1.6700000000000004,11.289975527753931,483.11249687383247,5440.681972022634,65.23437500000001
183,0.1,0.16,0.4049056066192569,0.4995136790966057,167,1.6700000000000004,16.808273168279097,52.8789606514353,7207.498963125073,236,2.3600000000000003,15.741822909291022,74.72715397448341,8914.591497787203,92.18750000000001
184,0.1,0.16,0.6790091586460644,0.4025980957317498,99,0.9900000000000002,6.9424945671238945,65.222755858517,2240.205138396792,140,1.4000000000000004,9.197988802815528,92.23420020396345,3983.640384968112,54.687500000000014
185,0.1,0.16,1.3494356712459827,0.7643681062652191,87,0.8700000000000002,6.182357046537428,59.996914463210054,1242.453564450458,153,1.5300000000000002,6.782139370250722,105.51181509047284,2833.7467125214944,59.76562500000001
186,0.1,0.16,0.4974211426216393,0.321005855887613,149,1.4900000000000002,20.242222927214414,90.18983426827661,8699.630790308594,201,2.0100000000000002,21.29857307664631,121.665481127004,10623.202446220657,78.515625
187,0.1,0.16,0.6653113447895156,0.7386349204354012,218,2.1800000000000006,18.13899438803756,76.7028712524662,16457.296335124887,257,2.5700000000000003,19.265166917699524,90.42494454992573,18344.16324364957,100.390625
188,0.1,0.16,0.3728341303928584,0.1873374412595482,139,1.3900000000000003,36.6785053697926,108.06023631777856,42446.768292029024,179,1.7900000000000003,37.7453711625847,139.1567072005925,43930.71353399966,69.921875
189,0.1,0.16,0.5340588748136373,0.5921313584512427,110,1.1000000000000003,9.43409506280846,38.75464784903476,3157.660210089419,159,1.5900000000000003,9.432119604179519,56.01808189087752,4794.882708063244,62.10937500000001
190,0.1,0.16,1.5745110099440116,0.7380308181234546,260,2.6000000000000005,22.248209220351328,216.67289565771148,18551.85076811677,319,3.190000000000001,22.3122846788757,265.84097582619216,20388.825091323182,124.60937500000003
191,0.1,0.16,0.8044647196691508,0.2812528380987534,125,1.2500000000000002,4.035560589283839,139.6626044936233,1387.21074737022,155,1.5500000000000003,5.476448957176102,173.18162957209287,3128.443484687084,60.54687500000001
192,0.1,0.16,0.5891048576470845,0.4672436284722258,202,2.0200000000000005,28.399320810397906,99.48569084977562,19666.17713733166,263,2.6300000000000003,30.284594747678902,129.52839947272767,21364.844898735737,102.73437500000001
193,0.1,0.16,0.4553904863075626,0.2781533277270049,168,1.6800000000000004,24.983295372700628,107.44074467181856,10821.831209350144,214,2.1400000000000006,25.11572392085209,136.85904380814983,12414.293037313071,83.59375000000001
194,0.1,0.16,1.2652245336498378,0.2391933049239213,20,0.20000000000000004,6.26451887000032,41.324595904903276,349.4183919945238,61,0.6100000000000001,6.567842189501455,126.04001750995499,2031.9194789456092,23.828125000000004
195,0.1,0.16,0.6538701945633395,0.2629466791849607,294,2.9400000000000004,18.65077545253855,285.58225336651634,13121.353470408443,372,3.7200000000000006,20.565504910861545,361.34897364742886,14620.387824776008,145.31250000000003
196,0.1,0.16,0.386960923376639,0.2615660228610112,61,0.6100000000000001,11.370459818660445,35.25134171280923,2000.2245289260766,117,1.1700000000000002,11.28959335369561,67.6132291868636,3715.1315876347753,45.70312500000001
197,0.1,0.16,0.3265488437885341,0.7029894438215765,96,0.9600000000000002,21.74328528216211,17.41929661916523,4800.443069224629,152,1.5200000000000002,21.847202107629972,27.580552980344944,6478.782674985345,59.37500000000001
198,0.1,0.16,0.5804155288995746,0.2834592814883669,61,0.6100000000000001,13.461298015937789,48.79083056282906,2277.120249171549,115,1.1500000000000001,15.234020501995735,91.98271335615314,3982.144644631658,44.921875
199,0.1,0.16,0.4021701629878229,0.4777228137535001,118,1.1800000000000002,23.217343532838637,38.803947428361944,6862.54513536822,161,1.6100000000000003,24.196584529864154,52.94436894886672,8615.452097918671,62.89062500000001
200,0.1,0.16,0.4270338309315841,0.1932642478990636,210,2.1000000000000005,35.6656460787985,181.25503979350464,37146.0404214103,262,2.6200000000000006,36.85359243461872,226.13724012332483,38824.87399803197,102.34375000000001
201,0.1,0.16,1.200133206786914,0.1050198036483943,158,1.5800000000000003,35.03581538759175,705.3024170980951,24222.80076624539,208,2.0800000000000005,33.37090442949456,928.4993845342012,26337.06058873804,81.25000000000001
202,0.1,0.16,0.4587074395415728,0.3878939397535718,122,1.2200000000000002,4.157099522067621,56.356323662960214,1375.0960243891286,160,1.6000000000000003,5.9155372577177285,73.90993267273471,3121.630173409321,62.50000000000001
203,0.1,0.16,0.6617302026765424,0.3039321209714736,156,1.5600000000000003,46.13815232709018,132.67496734702334,13289.621095589457,241,2.4100000000000006,47.82294480148102,204.96581493995274,14992.355031248142,94.14062500000001
204,0.1,0.16,0.3873132386783668,0.1077958442205063,231,2.3100000000000005,153.1963965059084,324.214428432667,122639.87615613735,290,2.9000000000000004,152.92639734211085,407.02244262109707,124073.24554504396,113.28125000000001
205,0.1,0.16,0.6992990340065773,0.2993074789965756,257,2.5700000000000003,3.948830758841316,234.55166346384465,2696.771731243201,294,2.9400000000000004,5.530461971553581,268.3198017835422,4348.798628131981,114.84375000000001
206,0.1,0.16,0.7486310892580076,0.2634074092781437,77,0.7700000000000001,10.91635937704255,85.48514084435399,1509.035766408465,125,1.2500000000000002,9.354194255151329,138.77457929278248,3127.698386054296,48.82812500000001
207,0.1,0.16,1.8283314883004105,0.2630510741681524,97,0.9700000000000002,9.565628327332975,263.3580684585932,2093.4168641906244,150,1.5000000000000002,11.062730840298745,407.2547450390616,3839.432052150422,58.59375000000001
208,0.1,0.16,1.7265765401559985,0.1976722300968671,407,4.070000000000001,7.047386053913351,1388.6558167115775,7347.222819567729,439,4.390000000000001,8.258719749163152,1497.8376008264925,9108.691924762861,171.484375
209,0.1,0.16,0.5222608269439157,0.1635942179320354,205,2.0500000000000003,29.527609898196328,255.64270125972854,41338.416505594265,247,2.4700000000000006,29.71361078226332,308.01827907879493,42961.194470979244,96.48437500000001
210,0.1,0.16,0.7218722302393199,0.3648185151426507,264,2.6400000000000006,7.403808702457376,204.0550867170798,6168.543759817772,303,3.0300000000000007,8.807156124550556,234.19958816392113,7825.440182194473,118.35937500000003
211,0.1,0.16,1.3585757171278317,0.1804844303600847,169,1.6900000000000004,18.86319995729982,496.9249973367893,8479.596023286695,260,2.6000000000000005,19.306047833394153,764.4999959027527,10315.303748197724,101.56250000000001
212,0.1,0.16,1.096596600057696,0.0636587604849962,183,1.8300000000000003,103.8738437215435,1231.401962354028,184998.31553013576,225,2.2500000000000004,102.09722483609993,1514.0188061729853,185599.92379477056,87.89062500000001
213,0.1,0.16,0.6588921542492906,0.3709797383209017,143,1.4300000000000004,5.931337119037883,99.21108925073415,2046.9041350305647,195,1.9500000000000004,7.068926041910312,135.28784897827381,3631.697882073136,76.17187500000001
214,0.1,0.16,0.5695169160840395,0.2465731479806623,142,1.4200000000000004,16.769615862185134,128.1177277321133,7293.005062015769,179,1.7900000000000003,17.5940674842946,161.50051594400193,8795.455907212134,69.921875
215,0.1,0.16,1.1211006851909593,0.1297492955110195,169,1.6900000000000004,20.587537151579788,570.4089731610437,8342.235580476074,220,2.2000000000000006,19.544504828416297,742.5442254167432,10044.56697116746,85.93750000000001
216,0.1,0.16,0.5008872392475365,0.4058267939679825,301,3.0100000000000007,4.282508772855994,145.11950246389628,3280.80263404609,328,3.2800000000000007,6.232483636291367,158.13686647228567,5002.574159085269,128.12500000000003
217,0.1,0.16,0.3690774688701566,0.3327393017993225,138,1.3800000000000003,23.064208237934768,59.793304243575804,22187.015143719334,177,1.7700000000000002,24.009992707796645,76.69141196458635,24031.79672787705,69.140625
218,0.1,0.16,0.7011011032147455,0.4376613389821835,239,2.3900000000000006,48.94290216640993,149.5548155113689,16439.741693540513,315,3.150000000000001,49.976229383474106,197.1119953392519,18338.27731991098,123.04687500000003
219,0.1,0.16,0.6773581748711758,0.1584435839963197,61,0.6100000000000001,24.32768746020478,101.8670169754374,4538.180509019752,105,1.0500000000000003,25.016148152309633,175.34486528558895,6362.58381522005,41.01562500000001
220,0.1,0.16,1.0593648476446451,0.324236477722591,82,0.8200000000000002,17.91356712198498,104.65441925121584,3953.3975527316306,146,1.4600000000000002,17.672602729416962,186.3359172033843,5643.3411950760365,57.03125000000001
221,0.1,0.16,1.305124874975494,0.2556826029287664,199,1.9900000000000004,4.51263206365928,396.79299761133217,2218.3664733814653,222,2.2200000000000006,6.648851194237518,442.65349482269215,3860.5679528155056,86.71875000000001
222,0.1,0.16,0.87648842605112,0.2552476066398058,152,1.5200000000000002,6.35998003625731,203.88633994215638,2376.2882285743067,208,2.0800000000000005,7.371981019387876,279.0023599208456,3911.811333618659,81.25000000000001
223,0.1,0.16,0.6266934038032534,0.4910501700295633,76,0.7600000000000001,7.498674589966425,37.888105046962906,1389.9333770630406,147,1.4700000000000002,8.453839879578888,73.28357160399403,3132.836663149627,57.42187500000001
224,0.1,0.16,0.904125423213054,0.3463787743169322,274,2.7400000000000007,6.80455552928152,279.375300620266,4968.677421666939,345,3.4500000000000006,8.557449984404432,351.76817048902103,6761.832352731745,134.76562500000003
225,0.1,0.16,0.6148512680613213,0.2555587665092364,155,1.5500000000000003,42.04545642612986,145.67030268380498,12167.367120984276,217,2.1700000000000004,42.229362816553845,203.93842375732697,13694.589007258968,84.76562500000001
226,0.1,0.16,0.7547626809747796,0.1116701586793826,151,1.5100000000000002,46.37949534916369,398.6669808398978,15040.49600228743,215,2.1500000000000004,46.01650177940424,567.6384164276691,16936.98112232596,83.98437500000001
227,0.1,0.16,1.4339239990635928,0.2352797572118071,13,0.13000000000000003,4.74670861722649,30.94888142539868,286.4449536111264,73,0.7300000000000001,5.720880345853618,173.78987261954643,1938.2854303810786,28.515625000000004
228,0.1,0.16,0.5506239585057061,0.4692482450624367,118,1.1800000000000002,22.34150895721206,54.08719873634343,6381.915136629485,182,1.8200000000000003,23.169763916561916,83.42262855944496,7840.766541583537,71.09375000000001
229,0.1,0.16,0.8524312450844528,0.2163289634621984,84,0.8400000000000002,7.827716986479622,129.29567905141465,1651.1481807518794,137,1.3700000000000003,8.092322907122657,210.8750955957596,3295.179573279331,53.51562500000001
230,0.1,0.16,0.6225298237959088,0.2308956016352777,106,1.0600000000000003,10.98648421429321,111.6375770434383,2473.598635661545,161,1.6100000000000003,9.729194875758925,169.56273494333553,4055.8602135572664,62.89062500000001
231,0.1,0.16,0.7066698077466065,0.3736901048873169,88,0.8800000000000001,15.049803661709609,65.00513212308519,3756.142243202246,129,1.2900000000000003,14.5205469648678,95.29161413497717,5256.691501156957,50.39062500000001
232,0.1,0.16,0.9843829513011344,0.3456432867315038,57,0.5700000000000001,12.58599952781724,63.41191190873665,1622.9657682831903,103,1.0300000000000002,13.054632349401029,114.58643730876975,3143.1220616889077,40.23437500000001
233,0.1,0.16,0.4425935325551043,0.2766060861112741,248,2.4800000000000004,21.749599909012634,155.00833358029342,18258.29933655895,293,2.9300000000000006,21.00754445285557,183.13484572187892,19776.58991471189,114.45312500000001
234,0.1,0.16,0.8446822208387288,0.2377021542861461,110,1.1000000000000003,14.533732427035263,152.69082977250702,4686.921510108773,201,2.0100000000000002,15.16247252887957,279.00778894794456,6462.809383284723,78.515625
235,0.1,0.16,0.5182186645350128,0.2649655658049757,270,2.7000000000000006,41.319936757601006,206.2753875550978,44462.27329000175,313,3.130000000000001,41.066610000269655,239.12665298053932,45853.61793969972,122.26562500000003
236,0.1,0.16,0.3749366278866581,0.2976448128426747,96,0.9600000000000002,20.829397992419743,47.23792567210437,4801.555795748705,155,1.5500000000000003,21.839767864694746,76.2695674914185,6643.659973098731,60.54687500000001
237,0.1,0.16,0.3552848219779609,0.2534350141189611,431,4.3100000000000005,123.11113426094306,236.01920509341565,226355.95801649507,484,4.840000000000001,122.29050062051635,265.04244841116747,227179.63246182163,189.06250000000003
238,0.1,0.16,1.051314973054073,0.3583618648802566,780,7.800000000000002,97.45786553482887,893.852170792352,189148.5616252591,837,8.370000000000001,97.6546894092314,959.1721371194852,189240.1478749434,326.953125
239,0.1,0.16,0.6808152184380675,0.1072183274847328,139,1.3900000000000003,23.468214988139586,344.774439975229,14627.91069834412,202,2.0200000000000005,22.839436180275897,501.0391142086061,16294.985298092823,78.90625000000001
240,0.1,0.16,0.474692105437185,0.167281152644359,96,0.9600000000000002,39.90614458522918,106.41338652023401,10569.09971636937,162,1.6200000000000003,39.644537694870515,179.57258975289488,12326.614526423657,63.28125000000001
241,0.1,0.16,0.5851941901722252,0.3962728146745759,0,0.0,0.8437337750682874,0.0,752.0238861873033,156,1.5600000000000003,3.8962890319207064,89.9891934118787,2444.221819331763,60.93750000000001
242,0.1,0.16,0.8783713629270457,0.2284533677219152,68,0.6800000000000002,67.99956264219799,102.12911090087411,26943.03779419293,99,0.9900000000000002,67.2946751709514,148.68797028215496,29173.296466770742,38.67187500000001
243,0.1,0.16,0.9921098724053932,0.2433206410515381,262,2.6200000000000006,19.608019096253813,417.29400479625946,14992.387064921615,344,3.440000000000001,19.68758400010714,547.8974719462338,16844.656786552714,134.37500000000003
244,0.1,0.16,0.8206836001350275,0.1513242562178815,209,2.0900000000000003,14.90461682849548,442.76524938476075,6119.706145254788,277,2.7700000000000005,15.233675888114947,586.8228424860226,7757.421757995607,108.20312500000001
245,0.1,0.16,0.9490267239434343,0.6716947129337809,98,0.9800000000000002,24.877774053425586,54.08696626072921,4521.175177626541,163,1.6300000000000003,24.325287912872277,89.96097449488634,6105.079464407148,63.67187500000001
246,0.1,0.16,0.5155280217841864,0.2948564875756321,122,1.2200000000000002,13.648307661883242,83.32233925105955,4742.446949575121,169,1.6900000000000004,14.186340271707785,115.4219289625333,6306.022253656279,66.01562500000001
247,0.1,0.16,1.1202818728970203,0.4596098678973939,72,0.7200000000000002,11.479997907382723,68.5536361944751,2272.763781925963,176,1.7600000000000002,13.194549557505082,167.5755551420502,4086.114530009722,68.75
248,0.1,0.16,0.3122418314411059,0.7902612483631515,104,1.0400000000000003,12.249542961941543,16.051431635511282,3466.47581038091,160,1.6000000000000003,13.910296016872497,24.694510208478896,5191.659174964824,62.50000000000001
249,0.1,0.16,0.5802117843479607,0.1809221061335213,142,1.4200000000000004,23.61143522210811,177.88662259602097,11213.802489898259,200,2.0000000000000004,24.02528639626479,250.54453886763514,12836.223345006816,78.12500000000001
250,0.1,0.16,0.6600672619436516,0.2181986127883747,121,1.2100000000000002,9.53746138288795,142.98208077089856,2286.384444268114,184,1.8400000000000003,11.260828990030474,217.4272963788871,3927.560320645285,71.87500000000001
251,0.1,0.16,0.513533732490955,0.542424206066245,208,2.0800000000000005,23.728472435138446,76.9224811471529,16106.634713955707,270,2.7000000000000006,23.485138117575676,99.85129764293885,17711.560721166148,105.46875000000001
252,0.1,0.16,0.5826066469952258,0.1759056536873056,150,1.5000000000000002,34.92502459795768,194.06487231535783,20519.987165295315,206,2.0600000000000005,33.82466996407049,266.5157579797581,21936.484216553523,80.46875000000001
253,0.1,0.16,0.5031790417904611,0.3068374695500187,307,3.0700000000000007,14.110856520886424,196.65842714942238,16860.247263888174,357,3.5700000000000007,15.460767771569484,228.68748694574523,18531.848971440126,139.45312500000003
254,0.1,0.16,0.3850259910204378,0.4294010037551978,213,2.1300000000000003,5.654709605039327,74.6047759063595,4116.240606340961,248,2.4800000000000004,7.190621500609253,86.86377664214628,5908.356381477142,96.87500000000001
255,0.1,0.16,0.4425096121675493,0.5008392623632119,27,0.2700000000000001,5.972962658479876,9.318545722250137,368.7271724556296,71,0.7100000000000002,7.370266555393727,24.504323936287403,2074.096995980685,27.734375000000007
256,0.1,0.16,1.6272034420748829,0.1099681294067838,23,0.23000000000000004,14.922501692542712,132.94220792656017,1165.1922777318932,61,0.6100000000000001,14.037808105551955,352.5858558052248,2772.7230255191953,23.828125000000004
257,0.1,0.16,1.0022382830077092,0.6631485742535108,144,1.4400000000000004,16.262968680873744,85.01247775831315,5559.868224346573,240,2.4000000000000004,16.612241374684743,141.6874629305219,7337.698613830169,93.75000000000001
258,0.1,0.16,0.9390459999860292,0.266779548400661,0,0.0,0.6839552059311057,0.0,291.3753293208669,101,1.0100000000000002,3.680540409782163,138.8723365051885,2010.4073230882282,39.45312500000001
259,0.1,0.16,0.6780009448739354,0.3931312585874486,176,1.7600000000000002,14.978667855609597,118.56743502810144,5981.077607098481,229,2.2900000000000005,15.225394246306656,154.27240125815476,7902.072487153815,89.45312500000001
260,0.1,0.16,1.647440118560224,0.5877534125713324,0,0.0,1.6609510062602393,0.0,130.98541771621754,72,0.7200000000000002,3.3247595318888465,78.83281039883879,1840.5571734884513,28.125000000000007
261,0.1,0.16,0.902256470165962,0.4098354739810502,187,1.8700000000000003,76.0762765073501,160.81335018159422,58596.56668439755,267,2.6700000000000004,76.19292591544982,229.6105053394955,60444.113936166264,104.29687500000001
262,0.1,0.16,0.3801401162082505,0.3927494899261833,156,1.5600000000000003,10.558854674170004,58.98107808057002,3969.6650149968686,210,2.1000000000000005,11.279350199229487,79.39760510845966,5790.774347327922,82.03125000000001
263,0.1,0.16,0.7470493729742677,0.6120915935154501,259,2.5900000000000003,43.614028283608704,123.47888221646231,32657.027865465516,343,3.4300000000000006,43.3201416839071,163.52608725963933,34394.00908250137,133.98437500000003
264,0.1,0.16,0.4198316429707987,0.1211576319539773,115,1.1500000000000001,313.2020860921548,155.6618785165992,745110.4711207799,159,1.5900000000000003,312.8359925060693,215.21946681860237,745272.7606966656,62.10937500000001
265,0.1,0.16,0.8803126165864277,0.1801579640005756,109,1.0900000000000003,16.586082436079128,208.05108914293814,6103.418324162436,147,1.4700000000000002,17.682287843525238,280.5826615046964,7774.549546793872,57.42187500000001
266,0.1,0.16,1.066462605415053,0.2754974297300305,274,2.7400000000000007,7.076166145566481,414.3226521121609,4776.763454524971,352,3.5200000000000005,8.134251421095001,532.268516582046,6559.2872276465005,137.5
267,0.1,0.16,0.6027477601771606,0.6372813271559993,343,3.4300000000000006,14.219696049997955,126.72391060065993,13274.787199632898,401,4.010000000000001,14.30553073884259,148.15244358852664,14739.684489611527,156.64062500000003
268,0.1,0.16,0.3416128802687508,0.2811328955580068,101,1.0100000000000002,12.947594171523042,47.94065682033349,4818.252629204211,140,1.4000000000000004,12.745501539560834,66.45239559254148,6285.0279899224515,54.687500000000014
269,0.1,0.16,0.8737758879282721,0.2671836909452338,123,1.2300000000000002,13.2426211988309,157.12860585457307,3633.8423163510033,201,2.0100000000000002,14.252689177280065,256.7711363964974,5462.953994209974,78.515625
270,0.1,0.16,0.6382539520838066,0.2913042794042766,60,0.6000000000000001,29.062569696304692,51.352067441493986,9228.281558042489,107,1.0700000000000003,30.8692306318168,91.57785360399761,11100.768688012617,41.79687500000001
271,0.1,0.16,1.5431085573296237,0.2752383649536981,74,0.7400000000000001,16.63570224821714,162.0612800210944,3004.029219235503,116,1.1600000000000001,16.94745120297821,254.04200651955338,4473.8199307619,45.3125
272,0.1,0.16,0.7365397300542134,0.1653789556230715,41,0.4100000000000001,14.670640090862163,71.32796352297119,2330.2560075772844,78,0.7800000000000001,16.204078557639043,135.69710133638418,4074.8698953233275,30.468750000000004
273,0.1,0.16,0.5620778597616038,0.2177155706486547,82,0.8200000000000002,33.19083964238606,82.69530925991272,7297.040139648782,141,1.4100000000000004,34.097141678466585,142.19559275180114,9110.47238537813,55.078125000000014
274,0.1,0.16,0.5640889108496734,0.3424102841230917,30,0.30000000000000004,5.556582924335226,19.305544344115724,448.8917084621535,73,0.7300000000000001,6.811672737287826,46.97682457068159,2142.3675100100427,28.515625000000004
275,0.1,0.16,0.9713023699583798,1.067679780513156,0,0.0,1.9596991511471225,0.0,137.3951606811515,65,0.6500000000000001,3.4932242963856512,23.098661871606556,1834.8527557237032,25.390625000000004
276,0.1,0.16,0.4879862796517033,0.6687774639649301,107,1.0700000000000003,8.328683050361466,30.49789000274514,1924.0753102623348,163,1.6300000000000003,8.35030548958087,46.45940252754633,3638.901712137539,63.67187500000001
277,0.1,0.16,0.4796721294264621,0.2463349486858721,76,0.7600000000000001,12.80288854854516,57.80855058657297,3419.608596764011,112,1.12,13.398974200611269,85.19154823284437,5310.970074317849,43.75
278,0.1,0.16,0.5207250112612721,0.3830294197806558,119,1.1900000000000002,6.301408262873961,63.195084882016836,1941.8702990450224,157,1.5700000000000003,7.753472688005901,83.37502795358523,3640.2282820517908,61.32812500000001
279,0.1,0.16,0.4675708618561129,0.2270887126198208,70,0.7000000000000002,14.938792579121811,56.30020359172257,2540.7171769285324,114,1.1400000000000001,15.908728443913745,91.68890299223388,4317.737526765404,44.53125
280,0.1,0.16,0.6911388333531842,0.31216832923523,87,0.8700000000000002,18.71598982978186,75.24120511289321,4480.633245243033,155,1.5500000000000003,18.712626308322445,134.05042290228099,6127.266763604168,60.54687500000001
281,0.1,0.16,1.8447270808596832,0.2052694496077401,242,2.4200000000000004,30.165465094280236,849.5387754766086,21632.39892537851,299,2.9900000000000007,29.97807328466848,1049.6367515186198,23032.39211647236,116.79687500000001
282,0.1,0.16,0.8767621667250877,0.396022457776901,309,3.0900000000000007,19.03634513446787,267.2271012092633,15882.704753698383,368,3.6800000000000006,19.51584227859923,318.25104610035237,17540.189650712833,143.75000000000003
283,0.1,0.16,0.584890672327333,0.2778448632160548,129,1.2900000000000003,5.980822907958248,106.07720507802237,2199.2330473188013,185,1.8500000000000003,6.99490612180004,152.12622433669875,3806.7692286883457,72.26562500000001
284,0.1,0.16,0.5023155850951012,0.2556807324151809,205,2.0500000000000003,15.58061687822323,157.32311869075883,11509.745058102597,253,2.5300000000000007,16.500054873089223,194.1597513598146,13084.481693794754,98.82812500000003
285,0.1,0.16,0.63694020506544,0.2853272824387708,153,1.5300000000000002,7.965416535690318,133.415666101026,2734.9205257955255,223,2.2300000000000004,9.228271345479902,194.45551333678955,4354.55544017473,87.10937500000001
286,0.1,0.16,0.3153999504235856,0.2625978538335329,171,1.7100000000000004,53.380210460935,80.22811594189871,21069.22998416594,221,2.2100000000000004,52.39436585051866,103.68662937520241,22625.17237001162,86.32812500000001
287,0.1,0.16,0.5843370146173761,0.8394591500657517,316,3.1600000000000006,6.126182658907496,85.92329982487269,4571.615564916553,370,3.7000000000000006,6.592687202490238,100.60639536456613,6272.161540638075,144.53125000000003
288,0.1,0.16,0.5061690033433255,0.5583244201354506,153,1.5300000000000002,13.057396957566786,54.18266826498806,6567.696276199056,186,1.8600000000000003,14.017518338342116,65.86912612606392,8297.630986922579,72.65625000000001
289,0.1,0.16,1.0622827703317508,0.7116156973511252,127,1.2700000000000002,14.214061086031151,74.05567992048367,4317.458403168018,179,1.7900000000000003,14.562819858416379,104.3776905965872,5849.213435210581,69.921875
290,0.1,0.16,1.162959681097335,0.7907698746481409,412,4.120000000000001,7.89627554595036,236.68557652108635,7934.2347619261545,522,5.220000000000001,9.66339764263468,299.8783275339977,9416.098231729064,203.90625000000003
291,0.1,0.16,1.2082443134494258,0.5047992262283243,46,0.4600000000000001,5.304355487609829,43.0084653051241,630.2434299582592,99,0.9900000000000002,7.167142017321467,92.5616970697236,2373.11120888982,38.67187500000001
292,0.1,0.16,0.4128246353807489,0.3051532757782294,113,1.1300000000000001,22.87488007119361,59.715359026152086,7343.778894758496,173,1.7300000000000004,23.098446559841346,91.4226293055249,9068.797658889667,67.57812500000001
293,0.1,0.16,0.5688061319315254,0.3237176977241249,150,1.5000000000000002,36.33956598214028,102.95539764176146,13103.086756622424,236,2.3600000000000003,36.99571157777807,161.98315895637137,14614.58729797916,92.18750000000001
294,0.1,0.16,0.5550197414534592,0.2828499997366624,117,1.1700000000000002,13.295909117935746,89.68052552494746,3951.5119062478216,175,1.7500000000000004,14.236581554739546,134.1375381783402,5795.265713548145,68.35937500000001
295,0.1,0.16,0.6672002607482934,0.1984715386633487,183,1.8300000000000003,36.53881917077305,240.30847929449953,29453.219560077054,227,2.2700000000000005,36.430660347234365,298.0875672123027,30773.96320632952,88.67187500000001
296,0.1,0.16,1.2008516790199877,0.2369529482326321,68,0.6800000000000002,14.609980276655751,134.61585079183087,3014.3358826191647,117,1.1700000000000002,14.60281645413415,231.6184491565325,4642.260585438484,45.70312500000001
297,0.1,0.16,1.5094291250674414,0.4085117810044886,36,0.3600000000000001,14.453621831819527,51.960183422537995,2435.9543087267302,85,0.8500000000000002,14.450226131566314,122.68376641432582,4004.5824066419796,33.20312500000001
298,0.1,0.16,0.7764472672991887,0.1689462936240768,188,1.8800000000000003,20.288935079782476,337.50575386495564,18628.22923593336,226,2.2600000000000002,21.3005880115531,405.72500198659554,20406.440286228244,88.28125
299,0.1,0.16,0.3948440996514696,0.4393310158073487,72,0.7200000000000002,17.58578287512733,25.27704601572506,3415.14259960375,132,1.3200000000000003,17.692272676096266,46.34125102882927,5135.989370927091,51.56250000000001
300,0.1,0.16,1.245438389941274,0.13411535227809,228,2.2800000000000002,18.48545756003892,827.063082041098,10688.367806508535,285,2.8500000000000005,18.24934723008529,1033.8288525513726,12170.379860317154,111.32812500000001
301,0.1,0.16,0.5296060058600283,0.3710839796593208,243,2.4300000000000006,12.081207693761591,135.47120825223203,7953.274782221078,307,3.0700000000000007,12.819825063758849,171.15086803882815,9378.380693846975,119.92187500000003
302,0.1,0.16,0.939316158993444,0.6687782376751147,71,0.7100000000000002,6.362435499393668,38.9536398308153,1044.7889372022487,122,1.2200000000000002,7.137500969039349,66.93442337126008,2776.0767116085117,47.65625000000001
303,0.1,0.16,0.7352790552099175,0.2646819667292122,201,2.0100000000000002,14.910838455209362,218.11419675704184,9470.036015105145,276,2.7600000000000007,14.997425876724515,299.5000910693709,11170.184391875864,107.81250000000001
304,0.1,0.16,1.1584806180063378,0.2176963196152616,187,1.8700000000000003,8.066625311969188,388.7221843850557,3676.267362853303,245,2.4500000000000006,9.101930738844702,509.2884233921852,5257.345254713848,95.70312500000001
305,0.1,0.16,0.4108054947821523,0.2555990708224246,194,1.9400000000000004,15.3314203505218,121.79760200727897,19992.004532206807,241,2.4100000000000006,16.635646954695,151.30526847295997,21388.32348446927,94.14062500000001
306,0.1,0.16,1.508174544433247,0.2622155663505969,135,1.3500000000000003,35.07871987027795,303.31014706143503,8327.541491820924,230,2.3000000000000003,34.403671682414306,516.7506209194819,10055.58133815382,89.84375
307,0.1,0.16,0.6354904449888601,0.250420039953206,81,0.8100000000000002,3.253443338742729,80.29435210030694,719.5588289863101,115,1.1500000000000001,5.003752581002559,113.99815421648515,2431.2391038599344,44.921875
308,0.1,0.16,0.5091591107751393,0.1069301580556263,79,0.7900000000000001,241.8188740164273,146.94013569027766,456416.4816798943,113,1.1300000000000001,240.53475839259028,210.18019408862497,458425.65997586586,44.140625
309,0.1,0.16,0.4347487906080631,0.0852476768128189,95,0.9500000000000002,346.2801944775166,189.25156091813983,750753.4707356659,137,1.3700000000000003,347.8157592229867,272.9206720608964,749973.3990242685,53.51562500000001
310,0.1,0.16,1.0608938945455402,0.4706503215140502,597,5.9700000000000015,14.607192730401833,525.6636619423936,14313.94003727373,686,6.860000000000001,16.647181256876824,604.0289314781942,15879.909362688562,267.96875000000006
311,0.1,0.16,0.479010299654265,0.0830056338323695,163,1.6300000000000003,64.94048640434633,367.43872090529237,35332.050603614436,222,2.2200000000000006,65.52487356725761,500.43801252131846,37183.662929063765,86.71875000000001
312,0.1,0.16,0.9743364859509184,0.6245025551502689,19,0.19000000000000003,4.195699155300559,11.57946200064296,260.3681621055027,61,0.6100000000000001,5.392277534074843,37.17616747574846,1908.384891379649,23.828125000000004
313,0.1,0.16,0.7175757823214198,0.5381145710910923,45,0.45000000000000007,10.23063894935391,23.440429745366373,1059.2758572594753,98,0.9800000000000002,10.058785771129246,51.048047001020116,2729.1410972331873,38.28125000000001
314,0.1,0.16,0.5906996355416443,0.2729368450882005,162,1.6200000000000003,16.187413357234988,136.9555337958865,6739.338273134921,213,2.1300000000000003,16.25696566258766,180.07116480570267,8386.808159367889,83.20312500000001
315,0.1,0.16,1.1092756731379367,0.1741681990423653,54,0.5400000000000001,43.38318277831878,134.34590159918775,15447.045616970698,95,0.9500000000000002,43.001838876589616,236.34927133190442,17333.91964852268,37.10937500000001
316,0.1,0.16,0.300640975755967,0.7971352131829545,117,1.1700000000000002,12.83850015295841,17.237015587647036,4196.573757761302,158,1.5800000000000003,13.394363599930752,23.277337289301126,5945.708557305365,61.71875000000001
317,0.1,0.16,0.6046407675425869,0.3948246858754272,276,2.7600000000000007,57.22228103245207,165.1057674019219,32592.144309019477,370,3.7000000000000006,57.9499730417694,221.3374418069243,34123.01635074166,144.53125000000003
318,0.1,0.16,1.106145975514142,0.3282749991684176,195,1.9500000000000004,21.384819759938615,256.6665545413318,8977.45439073026,303,3.0300000000000007,19.812473600450886,398.8203385949925,10395.20066960324,118.35937500000003
319,0.1,0.16,0.4068847678535546,0.3507545798680097,70,0.7000000000000002,10.193745474371546,31.719487098877803,1984.5475626123814,124,1.2400000000000002,11.144725811390906,56.188805718012105,3748.361047236934,48.43750000000001
320,0.1,0.16,1.256592685495165,0.6154222782223638,1117,11.170000000000002,22.51448472383648,890.9114111607016,72950.6466171116,1123,11.230000000000002,22.81273079244518,895.6969693227109,74381.5151373435,438.67187500000006
321,0.1,0.16,0.9587833607882084,0.4514005859309986,74,0.7400000000000001,6.021918608107845,61.397420354745975,1190.026269294847,123,1.2300000000000002,6.961927260255104,102.05246896802372,2856.5393911378123,48.04687500000001
322,0.1,0.16,0.9899054732678164,0.4113893524239179,195,1.9500000000000004,17.454541476636006,183.2885453337467,10374.630644221636,241,2.4100000000000006,16.992001725378508,226.5258432073485,11944.290108958838,94.14062500000001
323,0.1,0.16,0.8327173486872202,0.3068911322972437,220,2.2000000000000006,9.40981096224444,233.18251856002138,6234.039651657486,275,2.7500000000000004,11.05036843090423,291.47814820002674,7803.8074500772755,107.42187500000001
324,0.1,0.16,0.6139034242830933,0.198553457561332,143,1.4300000000000004,12.381168741766928,172.7104730987661,5170.816565178013,192,1.9200000000000004,13.095954039712531,231.89098485988174,6773.526994532604,75.00000000000001
325,0.1,0.16,0.7497589283262949,0.5051249593272634,174,1.7400000000000004,14.676470726257323,100.88627817470702,6172.7762650953455,234,2.3400000000000003,13.938066152798882,135.67464995908875,7759.24407477233,91.40625000000001
326,0.1,0.16,0.8802031545997947,0.4908556994688238,298,2.9800000000000004,23.72037318617218,208.73985689890125,21964.554086784745,371,3.710000000000001,24.65450345432708,259.87411714594754,23837.09451476305,144.92187500000003
327,0.1,0.16,0.8492235741079956,0.5579043079640783,45,0.45000000000000007,7.3822459639327285,26.756843289294448,878.914347266567,105,1.0500000000000003,8.098573047301134,62.432634341687056,2606.219946285316,41.01562500000001
328,0.1,0.16,1.2408956987607411,0.3252802270239773,47,0.4700000000000001,20.137892201372487,70.0382856894531,5495.067100392677,88,0.8800000000000001,20.311672966328704,131.13551363131643,7310.556282937452,34.375
329,0.1,0.16,1.1137476175070131,0.0985638330685496,142,1.4200000000000004,11.652975457113872,626.7835395121696,3957.0355374669,187,1.8700000000000003,12.496372394338486,825.4121259772937,5670.786711888508,73.04687500000001
330,0.1,0.16,0.5425733235922502,0.6750916311122906,141,1.4100000000000004,16.685360255699266,44.26646689315676,4227.119283465553,197,1.9700000000000004,16.398315002787495,61.84747502093533,5994.209351207297,76.95312500000001
331,0.1,0.16,0.3522833584855757,0.7993850924879563,247,2.4700000000000006,13.220937458245032,42.51998190333255,8318.85191551279,295,2.9500000000000006,14.002278698331972,50.78297433798827,10020.990268067195,115.23437500000001
332,0.1,0.16,0.453794703775643,0.7720003917878084,349,3.4900000000000007,58.47467891031076,80.13594521292421,54353.48170686545,422,4.220000000000001,58.89056453398191,96.89790509986824,55262.85646720916,164.84375000000003
333,0.1,0.16,0.9945685643770028,0.4261275178108577,255,2.5500000000000007,31.14737582680974,232.4852278988782,14801.99590184306,369,3.690000000000001,29.638686418442898,336.4198003713178,16671.68495021474,144.14062500000003
334,0.1,0.16,0.6383473561554027,0.4078127362237173,65,0.6500000000000001,9.4981983645246,39.743825781330905,1844.3462235642835,103,1.0300000000000002,11.238425126617603,62.978677776570514,3656.339238769882,40.23437500000001
335,0.1,0.16,0.4015660185602808,0.356771689644197,174,1.7400000000000004,21.222999320193026,76.50253962481979,13033.596924310996,217,2.1700000000000004,21.71452494895063,95.40833964704537,14531.352068557666,84.76562500000001
336,0.1,0.16,0.4762606144405097,0.3890747720318447,125,1.2500000000000002,10.379890698076933,59.76977816637945,2741.5670067202363,202,2.0200000000000005,11.059648454791342,96.5879615168692,4458.511112601556,78.90625000000001
337,0.1,0.16,0.6643098329070647,0.2143352835126582,308,3.0800000000000005,19.265708177209984,372.8960321500731,29644.732198337144,365,3.650000000000001,20.66316044527926,441.90601212589837,31095.413418086544,142.57812500000003
338,0.1,0.16,0.9264960020928572,0.3740901427672877,374,3.7400000000000007,24.626027606337203,361.82529244015547,17465.073977733962,430,4.300000000000001,26.941074095768183,416.0023415755798,19444.14814775083,167.96875000000003
339,0.1,0.16,0.4719074530967176,0.5414037728636267,283,2.8300000000000005,37.04322150735493,96.35672458121509,55147.124103343434,322,3.2200000000000006,36.167668005768306,109.63556648463343,56756.12360637759,125.78125000000001
340,0.1,0.16,1.3112626312998212,0.3861449320528926,246,2.4600000000000004,11.134489615464629,326.3130835528036,5596.201815423061,333,3.3300000000000005,12.09690732975882,441.71649115074626,7207.375498948795,130.078125
341,0.1,0.16,0.7654706574728987,0.1658582989995123,237,2.3700000000000006,13.442400065834105,427.2673640018857,9016.938809085086,282,2.8200000000000007,14.745410102532192,508.3940786857881,10815.030110269823,110.15625000000003
342,0.1,0.16,0.6085643763447109,0.2311889895234625,197,1.9700000000000004,12.084300411310604,202.56557468386225,6167.476528093647,247,2.4700000000000006,11.687667278603971,253.97815709093388,7908.393913783802,96.48437500000001
343,0.1,0.16,1.9595071050441533,0.193686311353988,24,0.24000000000000005,5.519420963435163,94.84603729281922,423.5814265448171,88,0.8800000000000001,6.833088457976439,347.76880340700376,2130.2196423511214,34.375
344,0.1,0.16,0.7552720384507379,0.2236947847675335,62,0.6200000000000001,61.93842608562073,81.77099300834317,13020.74067794647,104,1.0400000000000003,63.22837667534171,137.16424633657564,14620.890096051324,40.62500000000001
345,0.1,0.16,0.4614609440489654,0.6399441485675995,189,1.8900000000000003,3.5318685817366706,53.23714004748998,1926.584914308834,213,2.1300000000000003,5.956114197954477,59.9974117995522,3641.6204223969125,83.20312500000001
346,0.1,0.16,1.6440384593044814,0.2083945982869705,48,0.4800000000000001,6.892396863751845,147.9199622511826,715.4617990853018,95,0.9500000000000002,7.847381763562269,292.7582586221322,2430.8710494656384,37.10937500000001
347,0.1,0.16,0.5294236948407971,0.3515209822486506,231,2.3100000000000005,7.892004897359462,135.9014642840241,6427.645167495463,280,2.8000000000000007,9.422645130765629,164.7290476169989,8048.766078857036,109.37500000000003
348,0.1,0.16,1.2968047717868472,0.2949084609902624,29,0.29000000000000004,6.670858307168023,49.81330988629363,549.5000722471133,69,0.6900000000000002,7.4774270533096665,118.52132352256072,2185.0790775012943,26.953125000000004
349,0.1,0.16,0.9266683658569012,0.339637343369382,154,1.5400000000000003,18.30050026345807,164.13063808166794,6121.546881187473,236,2.3600000000000003,19.129628115693528,251.52487394333528,7775.855727601993,92.18750000000001
350,0.1,0.16,1.1954566184497135,0.2881183559462295,146,1.4600000000000002,13.271208367807176,236.63325804789795,3495.8178751736705,199,1.9900000000000004,14.231818590967004,322.53437227076506,5324.928873645498,77.73437500000001
351,0.1,0.16,0.7736114371183065,0.3445987797381185,150,1.5000000000000002,16.351688542071223,131.5407883280924,6085.524044173491,226,2.2600000000000002,16.02581698783152,198.18812108099252,7758.681969878556,88.28125
352,0.1,0.16,0.8503370004793658,0.3336433753179343,88,0.8800000000000001,24.058044966984255,87.60951529046284,6583.733216409115,157,1.5700000000000003,21.92009323249321,156.30333977957577,8218.90434643696,61.32812500000001
353,0.1,0.16,0.9064707726079222,0.478156655274038,217,2.1700000000000004,7.765122615175631,160.69537198077225,3958.3733664211913,331,3.3100000000000005,8.58984349366774,245.11598214578618,5540.083776331489,129.296875
354,0.1,0.16,0.5115707030044514,0.2614506069048419,163,1.6300000000000003,12.250518392993358,124.58439565686979,7343.144307801116,204,2.0400000000000005,12.907524482159403,155.92157493252418,8787.888152332074,79.68750000000001
355,0.1,0.16,0.4125242123938042,0.1818010620189804,84,0.8400000000000002,27.431845338592282,74.45473953149141,12919.287424877884,118,1.1800000000000002,28.161481453646832,104.59118172280937,14755.317422288008,46.09375000000001
356,0.1,0.16,0.5843309216269741,0.2455167783025846,134,1.3400000000000003,11.822621883866859,124.57833590996557,4776.459107826522,179,1.7900000000000003,11.632462941337424,166.41434423793908,6450.680749915025,69.921875
357,0.1,0.16,1.6022395473412383,0.3864143274517748,104,1.0400000000000003,13.342213765890243,168.44867538940127,3083.936294171458,206,2.0600000000000005,14.985018845276212,333.6579531751602,4817.414161607478,80.46875000000001
358,0.1,0.16,0.6373257804232343,0.778086110087076,137,1.3700000000000003,12.403835385875574,43.83433533358568,4033.862331673533,211,2.1100000000000003,13.22295177662797,67.51127558676335,5700.1627686585525,82.42187500000001
359,0.1,0.16,1.0824498087599497,0.90539187397009,507,5.070000000000001,3.164571868373211,236.7768124858802,4832.223643496258,582,5.820000000000001,5.731800414370507,271.80296817905776,6468.7673169842155,227.34375000000003
360,0.1,0.16,0.484315185049892,0.3991599430254684,101,1.0100000000000002,18.178906990850855,47.86990245149011,4356.834771146944,160,1.6000000000000003,18.630923580165657,75.83350883404374,5906.888252750238,62.50000000000001
361,0.1,0.16,0.6769931595829674,0.3383501981524905,117,1.1700000000000002,18.762614820297372,91.4457954081667,4524.452785431583,182,1.8200000000000003,18.401798218651503,142.24901507937045,6229.704750431868,71.09375000000001
362,0.1,0.16,1.0067104638008637,0.4758081723035549,0,0.0,0.753363763318333,0.0,854.9109160733209,179,1.7900000000000003,3.979173763943969,147.94004665848425,2529.3024796306863,69.921875
363,0.1,0.16,0.8605424157179672,0.1929033283291081,65,0.6500000000000001,10.856976614727476,113.26766605504965,1901.0180936616284,123,1.2300000000000002,11.114105785372189,214.33727576570934,3624.437256443489,48.04687500000001
364,0.1,0.16,0.5864204671155039,0.2562849529360065,153,1.5300000000000002,19.19314906975242,136.75319338276313,5327.195174703877,197,1.9700000000000004,19.667362188140693,176.08090912682573,6848.209110622648,76.95312500000001
365,0.1,0.16,0.4995559307653318,0.283738876477052,270,2.7000000000000006,27.50627875502582,185.69023824681042,27468.27328531296,338,3.380000000000001,26.328159715721558,232.4566686200812,28753.768575884962,132.03125000000003
366,0.1,0.16,0.4341835696070026,0.0962697414120711,188,1.8800000000000003,127.15242751889882,331.20849215261535,539008.2351345825,228,2.2800000000000002,126.75373379544237,401.67838409998024,539196.1729595889,89.0625
367,0.1,0.16,1.0622451951278715,0.2235877837357665,157,1.5700000000000003,11.695112893495391,291.3643358281136,4248.489462893354,209,2.0900000000000003,12.486098984432239,387.867173172457,5918.804422691376,81.64062500000001
368,0.1,0.16,1.482728316657421,0.398899616486515,0,0.0,0.29377827847493687,0.0,0.8533079425742316,38,0.38000000000000006,3.1616056715047294,55.17490501555202,1691.2856601058193,14.843750000000002
369,0.1,0.16,0.59142973408186,0.1767890566811701,55,0.5500000000000002,6.407030280408615,71.87378241448776,764.8682411180948,95,0.9500000000000002,7.995521734930374,124.14562417047885,2514.791574633047,37.10937500000001
370,0.1,0.16,0.9216763474089316,0.5829738951323264,184,1.8400000000000003,3.8802181667232327,113.63371160038002,2014.7658954526246,265,2.6500000000000004,5.0907665347057005,163.6572476853299,3691.883515513565,103.51562500000001
371,0.1,0.16,0.3886285945805066,0.6525937133316997,226,2.2600000000000002,3.460872644659116,52.57270705253025,2277.146387752406,241,2.4100000000000006,5.688017319142154,56.06204601619377,3926.548224817002,94.14062500000001
372,0.1,0.16,0.5734193286258275,0.168273671413694,168,1.6800000000000004,10.364955986542384,223.62763660487636,7621.9705498550375,203,2.0300000000000002,11.421889020834804,270.21672756422555,9083.089593879376,79.296875
373,0.1,0.16,1.001533115592024,0.2621828755087717,56,0.56,6.872069664357877,83.56204371113682,1115.2036440889517,98,0.9800000000000002,8.4043932687391,146.23357649448948,2902.395930978757,38.28125000000001
374,0.1,0.16,2.101017647680841,0.5483912059252344,151,1.5100000000000002,11.016777179707232,225.9832241535259,3560.933628206604,240,2.4000000000000004,11.396824092799719,359.1786344162001,4987.03515601431,93.75000000000001
375,0.1,0.16,0.4212692550171236,0.4147118021957693,206,2.0600000000000005,6.607383681222444,81.7411276582304,4890.212745334599,253,2.5300000000000007,8.052645927175726,100.3908024152053,6441.000151030694,98.82812500000003
376,0.1,0.16,0.7139517726130813,0.441217048149852,224,2.24,13.495669258415266,141.58741228518318,7132.15125497306,263,2.6300000000000003,14.512656285555085,166.23879210269277,8870.631057384611,102.73437500000001
377,0.1,0.16,1.6299660773396585,0.1366174328329156,109,1.0900000000000003,11.097935149334296,507.9944626950033,2490.990998829693,154,1.5400000000000003,10.591069665378221,717.7169472938577,4086.474546921443,60.15625000000001
378,0.1,0.16,1.0945754238969954,0.1847877588823749,40,0.4000000000000001,13.290405702174029,92.55343049686078,1485.181382289085,90,0.9000000000000001,12.820257009647259,208.24521861793676,3089.1391446023117,35.15625
379,0.1,0.16,0.6115766950393468,0.3927538016732171,318,3.1800000000000006,12.598864925438226,193.4272622270569,9989.125208095742,361,3.6100000000000008,13.171056254144345,219.5825209558728,11421.425672931691,141.01562500000003
380,0.1,0.16,0.6600264707725195,0.0795110098656057,308,3.0800000000000005,225.84239834341238,998.7225026954301,1615575.148220852,347,3.4700000000000006,227.5844383796858,1125.184118296475,1612691.3657584079,135.54687500000003
381,0.1,0.16,0.3660573489082587,0.350583638752235,129,1.2900000000000003,15.144873320122837,52.614716028908326,4045.804056395179,172,1.7200000000000004,16.4789859080641,70.15295470521112,5867.869303354616,67.18750000000001
382,0.1,0.16,0.4767030761677934,0.35166043998749,198,1.9800000000000004,29.458565969338583,104.84546839748135,12277.278487589589,261,2.6100000000000003,29.592253197595888,138.20539016031634,14014.02042993532,101.95312500000001
383,0.1,0.16,1.138843985552728,0.1347689306659452,212,2.1200000000000006,21.982841100620046,699.7942113776573,23774.479033034746,247,2.4700000000000006,23.79654606491374,815.3262745767989,25523.2826027986,96.48437500000001
384,0.1,0.16,0.4949824942627661,0.7400191541195527,111,1.1100000000000003,19.385293759578293,29.002129833665553,11948.342361030305,159,1.5900000000000003,19.369654800806906,41.543591383358766,13475.983605248462,62.10937500000001
385,0.1,0.16,0.5732209666670917,0.8224031208106665,125,1.2500000000000002,12.187448460479906,34.03355885304974,3392.5433885049774,208,2.0800000000000005,13.162284503637308,56.63184193147477,5099.982335592142,81.25000000000001
386,0.1,0.16,0.5345722050613538,0.0878660969697129,61,0.6100000000000001,54.71552491794431,144.96892160941508,21131.776167400854,106,1.0600000000000003,55.66442275243339,251.91320804259016,22517.061362352313,41.40625000000001
387,0.1,0.16,1.1711650039561234,0.2270320771441511,157,1.5700000000000003,11.644951007442868,316.36654459467445,6009.7697285956265,208,2.0800000000000005,12.269598641385906,419.1352947496324,7667.405507269333,81.25000000000001
388,0.1,0.16,1.000176699763145,0.4181034870823354,64,0.6400000000000001,14.181039130576483,59.80437443506566,2220.8505200426252,123,1.2300000000000002,14.37769570714467,114.93653211739182,3859.61970573558,48.04687500000001
389,0.1,0.16,0.7029331907389808,0.6058017462823766,148,1.4800000000000002,5.394818230951048,67.08188832234725,2292.812021489179,203,2.0300000000000002,6.7387137207898675,92.01096844213845,3853.152771351435,79.296875
390,0.1,0.16,0.4799287126891075,0.4574602882860254,104,1.0400000000000003,13.537111602159088,42.6203201725884,3735.904348265094,145,1.4500000000000002,13.679314792171953,59.42256177908959,5428.0681306645365,56.64062500000001
391,0.1,0.16,0.4961460184710083,0.3333720964661148,60,0.6000000000000001,5.29812331226616,34.88121060874756,894.0503525741478,101,1.0100000000000002,6.331955265987785,58.71670452472505,2495.324733912903,39.45312500000001
392,0.1,0.16,1.0037705729062834,0.2490071693483307,353,3.5300000000000007,15.06566036049596,555.8496649589875,13876.40114089106,441,4.410000000000001,15.462697727352825,694.4184199629278,15263.354630041104,172.26562500000003
393,0.1,0.16,0.9764715936788944,0.6668017922802735,16,0.16000000000000003,3.310069379247347,9.152566071579887,259.31926851611456,70,0.7000000000000002,3.924037503660475,40.04247656316201,1903.8907004522887,27.343750000000007
394,0.1,0.16,0.3342511749381821,0.3021442272350035,119,1.1900000000000002,28.928486443354554,51.42397424635305,11536.533990924892,169,1.6900000000000004,30.439251496825243,73.03068611456862,12756.340936725555,66.01562500000001
395,0.1,0.16,0.895035878754009,0.3298460078733959,49,0.4900000000000001,4.200065040917298,51.93801261148361,587.509015350206,93,0.9300000000000002,6.076518975030615,98.57622801771379,2299.731339368962,36.32812500000001
396,0.1,0.16,0.80584075248196,0.4053649013935871,655,6.550000000000002,37.747703066897365,508.63286527950453,45240.2055211789,705,7.050000000000002,37.88945942795115,547.4598015603827,46629.2696286436,275.39062500000006
397,0.1,0.16,0.5162256766465796,0.3129858708949613,155,1.5500000000000003,13.578081398886,99.86345845688479,7401.121935137005,206,2.0600000000000005,14.34054307630743,132.7217576910856,9054.383607595506,80.46875000000001
398,0.1,0.16,1.1028531385052245,0.7351324425126607,30,0.30000000000000004,3.6256755054258867,17.58058748255491,728.8787723769702,157,1.5700000000000003,4.652053480905749,92.00507449203737,2469.2750649459063,61.32812500000001
399,0.1,0.16,0.5001162634363346,0.3958901011714386,207,2.0700000000000003,5.874953777999763,102.14725846677686,3084.000467420288,239,2.3900000000000006,6.88796485493603,117.9381390027037,4660.837325873805,93.35937500000001
400,0.1,0.16,1.6565161672753272,0.6698329559059516,0,0.0,0.267731894816771,0.0,0.7483347881671423,37,0.37000000000000005,3.1595163505646284,35.742993859968855,1688.9764749698238,14.453125000000002
401,0.1,0.16,0.6814176441409889,0.6791819032343316,81,0.8100000000000002,16.117686449616272,31.74478007139963,2563.449372827409,169,1.6900000000000004,16.06506968930636,66.23293619835232,4256.925225418863,66.01562500000001
402,0.1,0.16,1.8640039980102376,0.2328653469840626,33,0.33000000000000007,21.118547037234826,103.18485274021995,3366.671355961475,76,0.7600000000000001,20.112495340891773,237.63784267444595,5073.325993172573,29.687500000000004
403,0.1,0.16,0.9431173228893732,0.1711258462102783,195,1.9500000000000004,13.560341488548787,419.80224741263623,6764.861870079709,235,2.3500000000000005,13.70170146022972,505.915528933177,8729.25771000803,91.79687500000001
404,0.1,0.16,0.6046219046675319,0.4862247880934214,116,1.1600000000000001,19.339777222841526,56.346222418392195,4660.555118193848,227,2.2700000000000005,20.777832486064533,110.26372835323302,6358.119092883842,88.67187500000001
405,0.1,0.16,0.5467160321589742,0.3716218542173156,314,3.1400000000000006,24.34374923304282,180.44724108255807,21814.13314441038,365,3.650000000000001,25.002056381798504,209.75555093991625,23701.48186348124,142.57812500000003
406,0.1,0.16,0.6571965896777342,0.1977949104071611,194,1.9400000000000004,4.5255552887183,251.79201506750547,2474.966354069211,237,2.3700000000000006,6.2243413231083995,307.6015854175196,4113.9528450952175,92.57812500000001
407,0.1,0.16,1.1069612617649074,0.1620744353990978,119,1.1900000000000002,5.72115900386811,317.48623572647386,2015.5041454311147,160,1.6000000000000003,7.568183647598143,426.87224971626733,3709.5776923663393,62.50000000000001
408,0.1,0.16,2.8901922800566435,0.2266963626570095,69,0.6900000000000002,23.113771015736578,343.6301883513836,4833.114104353032,120,1.2000000000000002,23.20718890698661,597.6177188719714,6476.685242333317,46.87500000000001
409,0.1,0.16,0.4530534647267651,0.1104125401259307,135,1.3500000000000003,54.18773925817217,216.38385709359767,63126.149437535176,174,1.7400000000000004,53.39844725419092,278.8947491428592,64857.773664872075,67.96875000000001
410,0.1,0.16,0.4004234994259415,0.2566881733196853,223,2.2300000000000004,38.65529711048924,135.8872141213358,44264.328965868626,267,2.6700000000000004,39.33750757411917,162.69904112285496,45425.93214540034,104.29687500000001
411,0.1,0.16,0.5912158818373966,0.3530051220525728,229,2.2900000000000005,13.577590530996154,149.81682949096017,17499.026698290454,275,2.7500000000000004,14.306264684123828,179.91103978172072,19152.72504501125,107.42187500000001
412,0.1,0.16,0.9519158537770464,0.6842877057246972,719,7.190000000000001,14.883514230466005,390.7048007844449,19687.465095271604,754,7.540000000000002,16.814949536484697,409.7238105583748,21396.54366975219,294.53125000000006
413,0.1,0.16,1.549883531381089,0.1673389680421935,423,4.23,9.429230474216308,1530.3909162746513,19451.173551650332,434,4.340000000000001,11.707400131017035,1570.1883159886497,21334.564117525537,169.53125000000003
414,0.1,0.16,1.95088576586228,0.7084497347494177,23,0.23000000000000004,6.445414376310404,24.74062511840517,347.2693312726955,63,0.6300000000000001,7.581218212058465,67.76779923737068,2068.3458302787635,24.609375000000004
415,0.1,0.16,0.4540611259790315,0.3570902879480492,127,1.2700000000000002,17.823950272471386,63.08121344059948,6894.605521004532,183,1.8300000000000003,18.494888482103967,90.8965516506276,8621.130775573361,71.48437500000001
416,0.1,0.16,0.5055253905061461,0.3730979829163413,174,1.7400000000000004,3.9553434970595838,92.0935798617519,1960.6656961977988,207,2.0700000000000003,5.641981228058249,109.55960362863588,3549.048335066147,80.85937500000001
417,0.1,0.16,0.702519227640353,0.4030462323860143,144,1.4400000000000004,19.582917950407868,98.04509601995996,17587.460855258454,178,1.7800000000000002,21.172917008854252,121.19463258022826,19469.72792735214,69.53125
418,0.1,0.16,0.5639106913445895,0.6741324140972201,286,2.8600000000000008,44.55300393974226,93.4525565470998,25791.64949363972,383,3.830000000000001,43.57136143794945,125.14800404733995,27612.724176882417,149.60937500000003
419,0.1,0.16,1.246194329609057,0.2194670971928467,225,2.2500000000000004,13.62285683591034,499.0670578950274,5900.280411068037,264,2.6400000000000006,13.59516957191489,585.5720145968321,7634.094234997803,103.12500000000001
420,0.1,0.16,1.3975383118986022,0.5028194572677833,288,2.880000000000001,8.512745915441721,312.6829278701948,4478.647707570442,305,3.0500000000000007,9.891892980317799,331.13990625142156,6215.436978341706,119.14062500000003
421,0.1,0.16,0.6234648608202968,0.1894460573042606,131,1.3100000000000003,30.320148816426176,168.40606966841912,10424.08809864719,175,1.7500000000000004,30.41314758501911,224.96994039674314,11923.457759009958,68.35937500000001
422,0.1,0.16,0.8439432956647667,0.2660675078629138,223,2.2300000000000004,7.177754576527577,276.3034600176563,3779.000182228103,277,2.7700000000000005,7.721479784214223,343.21102432686456,5352.629971073893,108.20312500000001
423,0.1,0.16,0.6165323107762589,0.4527389819233954,124,1.2400000000000002,6.0847610070766684,65.96137066959697,2291.933049389449,174,1.7400000000000004,7.1454578622310985,92.55869755249898,3954.282394433966,67.96875000000001
424,0.1,0.16,0.3763513253374163,0.2746962721648606,189,1.8900000000000003,14.145131047482767,101.14921644896194,5217.607409995053,222,2.2200000000000006,14.143158719728985,118.81019074957433,6947.8240598885495,86.71875000000001
425,0.1,0.16,2.368847854376444,0.1763434080966179,99,0.9900000000000002,6.297792396879818,519.485185793123,1370.8073478673036,155,1.5500000000000003,6.498986753190104,813.3353918983239,3009.442029680547,60.54687500000001
426,0.1,0.16,0.8384799958771858,0.7699606297080701,411,4.110000000000001,29.619792339839908,174.8340602027072,21021.029401893902,493,4.930000000000001,30.64930787058759,209.71579484169015,22876.317527352265,192.57812500000003
427,0.1,0.16,0.3439211722288156,0.3357033306109009,101,1.0100000000000002,20.805921754140517,40.418916825752184,5209.6446852638965,175,1.7500000000000004,21.403286099446646,70.03277667828348,6852.725097346488,68.35937500000001
428,0.1,0.16,0.4688837062464711,0.2714768346617754,41,0.4100000000000001,19.579043501276548,27.661533689272055,1751.6307972603297,90,0.9000000000000001,19.325089855562933,60.72043980571913,3345.7986340308853,35.15625
429,0.1,0.16,0.6785088632227763,0.1816332006887311,260,2.6000000000000005,45.12948759445027,379.3968071903201,27265.698008146137,317,3.170000000000001,47.02265604658556,462.57226107435184,28950.60840235937,123.82812500000003
430,0.1,0.16,0.9303026705593608,0.1286230852334175,153,1.5300000000000002,19.54829687005883,432.27170646894,6736.497028590999,204,2.0400000000000005,19.674702542353746,576.36227529192,8432.48418879773,79.68750000000001
431,0.1,0.16,0.5924461754950023,0.664441428810434,92,0.9200000000000002,11.447820494410339,32.04350828931531,2445.3603709696326,136,1.3600000000000003,10.234995394285276,47.3686644276835,4085.56915648421,53.12500000000001
432,0.1,0.16,1.2464509757882205,0.4112686388206611,148,1.4800000000000002,19.505859743318304,175.21503036164975,5238.328432113751,218,2.1800000000000006,20.24312222744546,258.08700418134896,7033.816138910679,85.15625000000001
433,0.1,0.16,0.7715019677446754,1.236506719273827,0,0.0,0.9208262608848069,0.0,1168.9056526408613,199,1.9900000000000004,4.15201270526216,48.50133229289919,2844.2584338222828,77.73437500000001
434,0.1,0.16,1.1744238393512405,0.5611121024363058,66,0.6600000000000001,26.642665523412166,53.96090099787354,3458.857292271774,135,1.3500000000000003,25.743284038988133,110.37457022292314,5235.9368401566135,52.73437500000001
435,0.1,0.16,0.4879494729561223,0.964406450146266,143,1.4300000000000004,26.956195830041395,28.26251585809547,7554.326736090181,236,2.3600000000000003,27.151373001076934,46.6430331644093,9305.628683444244,92.18750000000001
436,0.1,0.16,0.4712046845417741,0.3389918373637948,160,1.6000000000000003,10.86165403840183,86.87611186417982,5394.787507706039,209,2.0900000000000003,11.685653499110737,113.4819211225849,6849.879126753657,81.64062500000001
437,0.1,0.16,0.551697972085637,0.3331857506435919,244,2.4400000000000004,35.520296686465365,157.8210138423986,23013.651881444534,308,3.0800000000000005,35.92084744480801,199.2166896043392,24494.49636667531,120.31250000000001
438,0.1,0.16,0.5800254072396497,0.5387758201060594,380,3.8000000000000007,11.091614691578688,159.80212580844292,13739.54418782297,441,4.410000000000001,12.583508863924736,185.45457231979822,15301.188811581673,172.26562500000003
439,0.1,0.16,0.4079885757633388,0.631791624510319,101,1.0100000000000002,8.810395048776318,25.477425869073194,1896.5111275508852,157,1.5700000000000003,8.06038548386928,39.60352338063853,3392.6316290162017,61.32812500000001
440,0.1,0.16,0.3724098302221711,0.2591317891552803,163,1.6300000000000003,18.02674995482808,91.50568610657133,13351.126704165727,191,1.9100000000000004,18.15917248420181,107.22445427211734,15158.925787826509,74.60937500000001
441,0.1,0.16,1.0629440436881954,0.2228642241786437,279,2.7900000000000005,11.935246232078022,519.7976152891732,9023.92092910348,336,3.3600000000000008,12.39128846929103,625.9928270149182,10764.089341219122,131.25000000000003
442,0.1,0.16,0.5801005673930079,0.3512750283684265,0,0.0,0.5374665743190699,0.0,200.64119955515912,83,0.8300000000000002,3.4046743094439,53.54194452934158,1875.6848447100078,32.42187500000001
443,0.1,0.16,0.7502689005096475,0.4658720672844966,172,1.7200000000000004,13.705392948007875,108.20286360334329,6801.425901928414,228,2.2800000000000002,14.964781962474653,143.43170291605966,8361.44867087881,89.0625
444,0.1,0.16,0.5182944870891558,0.2556803771494283,171,1.7100000000000004,5.328567154279805,135.40519790085452,2847.2707512181573,212,2.1200000000000006,6.8695940669488635,167.8707716665565,4490.195616296622,82.81250000000001
445,0.1,0.16,0.7143348190638412,0.2640697507737178,362,3.6200000000000006,94.41830031018166,382.51790563775444,149626.0133384058,407,4.070000000000001,95.61907737540139,430.06847401813826,151365.60030791775,158.98437500000003
446,0.1,0.16,0.4936130834930953,0.2439641155730647,0,0.0,1.7870930215131138,0.0,1364.7935285091976,221,2.2100000000000004,4.350703627004018,174.66786815483658,3002.1816729840793,86.32812500000001
447,0.1,0.16,0.8207800531243611,0.8231927496849517,111,1.1100000000000003,9.572339455577422,43.23229295879897,2457.7666655031085,169,1.6900000000000004,10.836264016555473,65.8221397300633,4188.854520910161,66.01562500000001
448,0.1,0.16,0.6649308141035329,0.4307784374961456,232,2.3200000000000003,12.010686293717848,139.8847987340867,5731.259245397658,292,2.9200000000000004,12.92055528550673,176.0619018549712,7301.204315992808,114.06250000000001
449,0.1,0.16,0.3817029157657115,0.1540369366093816,242,2.4200000000000004,138.84371585397645,234.24806121325972,229238.70070925792,293,2.9300000000000006,137.90604910126487,283.61438816316155,229155.0924691326,114.45312500000001
450,0.1,0.16,0.704192522087187,0.8011779629251993,54,0.5400000000000001,11.514746266700142,18.540276567945778,1560.792900265946,94,0.9400000000000002,10.018643848144288,32.27381476642413,3156.265350957177,36.71875000000001
451,0.1,0.16,0.4978549305057713,0.1879568680888244,214,2.1400000000000006,9.2198007520733,221.42080265616715,9997.170085249294,258,2.5800000000000005,11.209408787451853,266.9465751649118,11568.787895651743,100.78125000000001
452,0.1,0.16,1.1716954347613942,0.1181998291031557,496,4.960000000000001,37.933434713461246,1920.611833430809,64198.95196038886,549,5.490000000000001,39.118620179887536,2125.8385011159558,66287.36498586342,214.45312500000003
453,0.1,0.16,0.4326218677509119,0.4372227881684834,193,1.9300000000000004,9.398671976794239,74.59728513931023,6279.364717809463,243,2.4300000000000006,10.121980720453049,93.92300667799164,8032.481323742042,94.92187500000001
454,0.1,0.16,0.341352805475738,0.5273148035715277,177,1.7700000000000002,15.994034186080514,44.757602396600525,5325.9381801737345,226,2.2600000000000002,16.376771062987896,57.14812509396452,6988.586730900198,88.28125
455,0.1,0.16,0.3780195332037411,0.1442649845146078,273,2.7300000000000004,83.40306232351874,279.43190385864784,114978.54899545446,354,3.5400000000000005,84.76988826917786,362.34027093758726,116531.38686468112,138.28125
456,0.1,0.16,0.66827734780594,0.1101851616735856,22,0.22000000000000003,26.17605824983298,52.12143241864529,1912.2964543307646,63,0.6300000000000001,27.197569953171044,149.2568291988479,3709.6881441896576,24.609375000000004
457,0.1,0.16,0.934673940675702,0.2795958020951086,286,2.8600000000000008,9.805346206263794,373.46985729901417,8602.536354149534,342,3.420000000000001,10.692862521268244,446.5968223645554,10293.161310309464,133.59375000000003
458,0.1,0.16,0.9644402513217888,0.2266320447078172,200,2.0000000000000004,9.652447102933285,332.4635522379675,8923.420279476648,234,2.3400000000000003,11.483840858665342,388.98235611842193,10410.274939127725,91.40625000000001
459,0.1,0.16,0.5940584878604361,0.1891900426492645,360,3.6000000000000005,45.75987510108818,441.5638037052824,83454.95203178599,402,4.0200000000000005,46.15079219259211,493.07958080423197,84329.89060996701,157.03125
460,0.1,0.16,1.250870215085284,0.7637119104567386,0,0.0,1.7682812522047138,0.0,4865.5615826769135,644,6.440000000000001,4.961725949685884,412.02976433116237,6498.452964595668,251.56250000000003
461,0.1,0.16,0.3970098917678859,0.4846288952991102,253,2.5300000000000007,21.415440315604698,80.96038760886726,20023.73406362,293,2.9300000000000006,22.059894496722425,93.7604488909016,21351.188963901892,114.45312500000001
462,0.1,0.16,0.5835744373701307,0.3382164290319585,114,1.1400000000000001,15.964160686827855,76.8363004674828,5025.1367728560035,162,1.6200000000000003,15.916875647266988,109.18842698010715,6494.094275252651,63.28125000000001
463,0.1,0.16,0.7495584900598028,0.1164593757798392,88,0.8800000000000001,47.75122591157476,221.24515886565658,9484.07311867716,139,1.3900000000000003,46.69621232482121,349.46678502643493,11161.242825788471,54.296875000000014
464,0.1,0.16,1.288054780692274,0.2857774816855881,105,1.0500000000000003,18.902316861094747,184.86541190273155,6427.459712843856,147,1.4700000000000002,19.673936933469147,258.81157666382416,8043.302477905866,57.42187500000001
465,0.1,0.16,0.5353076673651901,0.0893536381377345,93,0.9300000000000002,120.74292221200278,217.63773987047762,66330.36839559628,143,1.4300000000000004,121.26733639641049,334.64727743525054,68574.14250271217,55.859375000000014
466,0.1,0.16,0.52194967828312,0.3141991993170593,273,2.7300000000000004,13.462618529193094,177.1520743262402,23393.565232903158,314,3.1400000000000006,14.59962391826686,203.7573309100345,24744.599034658626,122.65625000000001
467,0.1,0.16,0.6030926414695958,0.3687305355363093,73,0.7300000000000001,14.561889063179573,46.639922509788946,3289.8970301012832,133,1.3300000000000003,15.099491353175617,84.97410539454698,4920.848912319664,51.95312500000001
468,0.1,0.16,0.5076484449631083,0.5192866290105677,43,0.4300000000000001,3.5321903339836282,16.42042563321265,429.1603161355899,80,0.8000000000000002,5.579401549501801,30.54962908504679,2170.54093274807,31.250000000000004
469,0.1,0.16,0.5163798826645705,0.2523504399423759,57,0.5700000000000001,8.122078467364194,45.561722926176714,1140.922687698812,104,1.0400000000000003,9.58111242503892,83.1301611284628,2839.892886420669,40.62500000000001
470,0.1,0.16,0.3878263784797809,0.1862286410243915,144,1.4400000000000004,34.27846558298153,117.1422057825703,22815.497641196424,189,1.8900000000000003,33.99305149185261,153.7491450896235,24309.20470416291,73.82812500000001
471,0.1,0.16,0.5661082097867999,0.1440941889191893,73,0.7300000000000001,13.26517029177278,112.03039859404026,2923.6421113621245,113,1.1300000000000001,14.193603358935304,173.41691837159655,4790.629019400097,44.140625
472,0.1,0.16,1.7293590607175489,0.2874490917196593,107,1.0700000000000003,17.976042559505675,251.45949864897517,3744.607972012828,167,1.6700000000000004,18.70180012026729,392.4648249941949,5415.109576363128,65.23437500000001
473,0.1,0.16,0.5660278756624847,0.2350243780855594,170,1.7000000000000004,205.67467500908887,159.93144593931547,179143.5085382048,225,2.2500000000000004,205.08383128116733,211.67397256674104,179906.2718346837,87.89062500000001
474,0.1,0.16,0.4846668848793277,0.3049049550930672,252,2.5200000000000005,20.057796165415006,156.47301128886647,15520.390324426382,311,3.1100000000000008,20.02119789290666,193.10756551919633,16741.64397076722,121.48437500000003
475,0.1,0.16,0.3719144571162417,0.4956861404036795,152,1.5200000000000002,11.387963257973015,44.549199768412436,4273.446312508136,211,2.1100000000000003,11.629983702025084,61.84132336273043,5973.790333282506,82.42187500000001
476,0.1,0.16,0.6885832831447,0.0988146737041272,79,0.7900000000000001,22.651677809156826,215.0414402714964,4865.4512739529455,124,1.2400000000000002,22.79715522858501,337.53339991981716,6636.507644669686,48.43750000000001
477,0.1,0.16,0.3955229872324585,0.5199204899219787,120,1.2000000000000002,29.091115570029945,35.65956792605673,9703.801732748938,165,1.6500000000000004,28.318239369847102,49.031905898328006,11192.440463566169,64.45312500000001
478,0.1,0.16,0.8315813089303112,0.2042476098006315,137,1.3700000000000003,10.015367955379041,217.8855044089045,2972.0984233083345,180,1.8000000000000003,11.613447904967865,286.2729255007504,4663.181496741638,70.3125
479,0.1,0.16,0.3506433623525322,0.2721184602625857,147,1.4700000000000002,26.65544483105107,73.99203752350195,8816.151465484594,191,1.9100000000000004,25.47244472741592,96.1393140611488,10364.012346226085,74.60937500000001
480,0.1,0.16,0.6952926257336478,0.3223002114023738,257,2.5700000000000003,37.476979239036424,216.57094468408374,22566.348596528143,335,3.3500000000000005,37.92458056018805,282.3006477399536,24261.160491545375,130.85937500000003
481,0.1,0.16,1.4425110843867732,0.3563552425140695,51,0.5100000000000001,12.210152971355297,80.64291493658367,1801.521457979723,116,1.1600000000000001,13.224707369784662,183.42310064007262,3430.6813661530387,45.3125
482,0.1,0.16,0.5178467469781565,0.4480362541444375,505,5.050000000000001,33.535350498418474,228.00244679291245,66257.88055841468,544,5.440000000000001,33.046124583491896,245.6105565452364,67311.27431967997,212.50000000000003
483,0.1,0.16,0.4915968783964554,0.2907263022059854,128,1.2800000000000002,17.58034523458074,84.54633699570623,6007.907558142252,164,1.6400000000000003,18.064753762756546,108.32499427574861,7698.1336311209,64.06250000000001
484,0.1,0.16,0.3286554542205713,0.2726095869493473,144,1.4400000000000004,8.88858458612759,67.81445035292221,5278.4183302086785,186,1.8600000000000003,9.810750820597807,87.59366503919118,6718.626403106361,72.65625000000001
485,0.1,0.16,0.9475928723288952,0.3615627408041795,266,2.6600000000000006,17.352255468403214,272.32015575341086,8704.750781582365,359,3.5900000000000007,16.389438979304472,367.5298342687011,10272.921374690417,140.23437500000003
486,0.1,0.16,0.953111525083168,0.4959289867595602,20,0.20000000000000004,2.481094298363208,15.014616988545503,223.93600296389556,70,0.7000000000000002,4.35334579168124,52.55115945990927,1925.1502715764618,27.343750000000007
487,0.1,0.16,0.3644395029184896,0.2158035424762135,225,2.2500000000000004,76.3297945840063,148.4258104323098,52323.45664963548,300,3.0000000000000004,77.03553745335833,197.90108057641305,53814.38157987223,117.18750000000001
488,0.1,0.16,0.7934406908103699,0.4388422248886613,55,0.5500000000000002,4.26169260884574,38.844432861842165,651.6102416322874,89,0.8900000000000001,5.6342980706833945,62.85735499461731,2298.4690268935424,34.765625
489,0.1,0.16,0.6004921462087116,0.167457666541971,191,1.9100000000000004,10.080096607664277,267.54429729146796,8246.414918951155,227,2.2700000000000005,11.438087836299628,317.9714946867185,9966.138546818886,88.67187500000001
490,0.1,0.16,0.3807528134024339,0.1002575204250267,181,1.8100000000000003,69.15271032252046,268.5126626508307,29736.65188780896,241,2.4100000000000006,69.40992831953473,357.52238507652044,30550.82016619492,94.14062500000001
491,0.1,0.16,0.6380560222210657,0.4727868403288776,227,2.2700000000000005,55.71476554873271,119.66835584092682,42912.14895397701,295,2.9500000000000006,54.696431548278944,155.51614525583,44269.14708943425,115.23437500000001
492,0.1,0.16,0.3913014755538218,0.3844156815911423,261,2.6100000000000003,27.74136436762387,103.7793465778907,35740.37320362599,306,3.0600000000000005,28.796836228889028,121.67233736718221,36894.805950958114,119.53125000000001
493,0.1,0.16,0.4883785171472286,0.2013690767581427,155,1.5500000000000003,6.424120054276273,146.84376323537424,3221.400592361715,189,1.8900000000000003,8.225454623599443,179.05465323539184,4951.622842931305,73.82812500000001
494,0.1,0.16,0.3768874804079874,0.2009876543813208,165,1.6500000000000004,48.56150656851852,120.86103477571933,94962.41827225045,206,2.0600000000000005,48.67426531983165,150.89317068968595,95941.71493320438,80.46875000000001
495,0.1,0.16,0.7027233123647887,0.1740120337621791,89,0.8900000000000001,24.326381555565515,140.39612449918974,5538.893893384048,167,1.6700000000000004,23.577939415303188,263.4399190040977,7098.945079743578,65.23437500000001
496,0.1,0.16,1.350624802917891,0.515114845428751,384,3.8400000000000007,7.726471899569053,393.2981591106285,7991.596145007516,461,4.610000000000001,9.945128388379157,472.16263372395764,9667.706378319548,180.07812500000003
497,0.1,0.16,1.0205724733648127,0.1039743086726721,180,1.8000000000000003,42.22270550591884,690.1608959899153,17379.737144187344,241,2.4100000000000006,41.27224953638666,924.0487551864978,19182.012947493826,94.14062500000001
498,0.1,0.16,0.4225299981336428,0.4896162994545777,88,0.8800000000000001,10.639142065884378,29.665002374357073,2525.9760859253956,132,1.3200000000000003,10.454092053801602,44.497503561535616,4042.181806283304,51.56250000000001
499,0.1,0.16,0.7168529506005541,0.2390587050386516,183,1.8300000000000003,25.35419232430266,214.35649093933338,13763.260687043386,260,2.6000000000000005,26.074027716896666,304.5502057061567,15478.553379665795,101.56250000000001
500,0.1,0.16,1.501272575871289,0.132972700936113,50,0.5000000000000001,7.495189797393409,220.50939622241563,833.2297278156475,93,0.9300000000000002,8.929234631120396,410.1474769736931,2540.419638108544,36.32812500000001
501,0.1,0.16,0.4847142221942302,0.4430392889771514,77,0.7700000000000001,15.678241396783159,32.907453869599635,2882.6386645134908,159,1.5900000000000003,14.825248452765939,67.95175539306938,4577.678142054401,62.10937500000001
502,0.1,0.16,0.6075440264425807,0.3732022657642058,134,1.3400000000000003,36.53593158870915,85.2115208062435,8582.991433989531,189,1.8900000000000003,37.45071977795436,120.18639874910464,10277.106753543376,73.82812500000001
503,0.1,0.16,0.5969900659782905,0.5870441868008154,145,1.4500000000000002,13.223694197665711,57.60024750449441,4429.927610769152,218,2.1800000000000006,14.284360515481886,86.59899279986057,6174.231775315016,85.15625000000001
504,0.1,0.16,0.9194440014551908,0.4283007145778057,453,4.530000000000001,7.461071177685001,379.8697592190091,8602.04917648925,523,5.230000000000001,9.263571173338358,438.5692805111297,10468.185369938863,204.29687500000003
505,0.1,0.16,1.0474526926050918,0.2332048186715544,128,1.2800000000000002,29.29169806246067,224.57784075215102,10024.208273696067,194,1.9400000000000004,29.275583067222136,340.37578988997893,11678.241817545295,75.78125000000001
506,0.1,0.16,0.9431792878352058,0.2961085996961157,81,0.8100000000000002,12.84242460659293,100.78323353251899,2338.5649421921717,163,1.6300000000000003,14.410991992860886,202.81070451605675,4170.211431786665,63.67187500000001
507,0.1,0.16,1.0613733579989515,0.5179704348165746,56,0.56,27.367999696400954,44.82406841318837,4022.8758066715477,122,1.2200000000000002,27.91452433015758,97.65243475730324,5749.220398081959,47.65625000000001
508,0.1,0.16,0.7410028908004996,0.2073257027958039,102,1.0200000000000002,29.03382999772345,142.40556540840996,6156.541572222928,187,1.8700000000000003,30.18601990266991,261.07686991541823,7996.134245770985,73.04687500000001
509,0.1,0.16,0.4666883118255874,0.1937739574974301,132,1.3200000000000003,21.548917478176865,124.18395324782482,7318.320966722369,168,1.6800000000000004,22.531204734402632,158.05230413359524,9231.965683102004,65.62500000000001
510,0.1,0.16,1.0227740197038504,0.2658307518106925,113,1.1300000000000001,5.94552986661594,169.82942776929082,1609.1115154425638,154,1.5400000000000003,6.7120639901941,231.44895465903352,3401.415434150901,60.15625000000001
511,0.1,0.16,0.8723489837584509,0.6524921728516182,47,0.4700000000000001,15.540139459020997,24.545554399060087,3332.3782504901806,92,0.9200000000000002,16.42897719976204,48.04661712156443,5170.261606779917,35.93750000000001
512,0.1,0.16,1.3979412841778478,0.1707226513432526,113,1.1300000000000001,45.62059664011721,361.44004038952966,16025.186340691273,192,1.9200000000000004,46.68289190416042,614.1282102193779,17461.09731885725,75.00000000000001
513,0.1,0.16,0.5376679852777121,0.6672787701755577,114,1.1400000000000001,9.171336558550472,35.8815963275721,3086.7456578884644,163,1.6300000000000003,10.382394559263165,51.30438773152853,4809.902578723007,63.67187500000001
514,0.1,0.16,0.833999925660389,0.2538200786290104,47,0.4700000000000001,8.09551097872396,60.32508329473488,1038.1253782851777,106,1.0600000000000003,9.334993602524357,136.05231551578504,2599.0604289915723,41.40625000000001
515,0.1,0.16,0.6337940870733741,0.4554493494478617,496,4.960000000000001,47.49490782897171,269.618574533772,184141.76647363228,556,5.560000000000001,46.94195795904561,302.2337246789864,184760.1425958861,217.18750000000006
516,0.1,0.16,0.6760871358121254,0.4261469165379463,33,0.33000000000000007,8.474460831335252,20.4511294036364,628.6858920041328,78,0.7800000000000001,8.123266132335642,48.33903313586785,2316.812759774529,30.468750000000004
517,0.1,0.16,0.8629267318279072,0.4520789027186445,123,1.2300000000000002,11.45037472054749,91.71171795224778,4801.6869071172805,160,1.6000000000000003,12.51197693505684,119.29979571024101,6621.485883844342,62.50000000000001
518,0.1,0.16,0.6337206770138338,0.3257146698715839,18,0.18000000000000005,4.8983914004375775,13.680220519420514,280.43027613157506,58,0.5800000000000001,6.47902999256053,44.080710562577195,1950.0089230228841,22.65625
519,0.1,0.16,0.7767089285360781,0.3173169272014003,332,3.3200000000000007,7.219667290988348,317.4411149695456,5968.961160143579,361,3.6100000000000008,8.90744535599279,345.16940513254804,7736.5400671465995,141.01562500000003
520,0.1,0.16,1.6620506091523892,0.1341736230263461,64,0.6400000000000001,27.450132001558394,309.68281463675464,8407.731754340366,120,1.2000000000000002,28.753478172156896,580.655277443915,9861.695172246498,46.87500000000001
521,0.1,0.16,0.747516109501847,0.2978212883475338,489,4.890000000000001,41.5094758615689,479.4393901333284,345999.1034661321,530,5.300000000000001,42.77149337713796,519.637784807084,346120.50318559003,207.03125000000003
522,0.1,0.16,0.5392279748314966,0.1519374110425919,93,0.9300000000000002,2.6420658608007916,128.92901846066167,717.6702379732235,120,1.2000000000000002,4.485249105866963,166.36002382020857,2359.5474099959047,46.87500000000001
523,0.1,0.16,0.913440586616812,0.3119921694967454,71,0.7100000000000002,6.580170352774903,81.19980642563827,1041.0549294701384,112,1.12,7.104713059383012,128.08983548833078,2672.6433801497456,43.75
524,0.1,0.16,0.6149765182811574,0.5310016502371269,334,3.3400000000000007,28.15658291543898,151.1016351524793,30502.21588467472,399,3.9900000000000007,29.860742234842377,180.50764199353065,32142.250676231986,155.85937500000003
525,0.1,0.16,0.8520862941422601,0.2069527133512903,167,1.6700000000000004,27.124109591227253,268.5894567136389,10630.099227620429,237,2.3700000000000006,27.959770944904935,381.1718637193558,12125.284634650543,92.57812500000001
526,0.1,0.16,1.519185161882744,0.1886118040883841,87,0.8700000000000002,31.560593650213814,273.72919995858575,15788.691656276507,131,1.3100000000000003,30.612703715797927,412.16695625947966,16997.400671799103,51.17187500000001
527,0.1,0.16,0.5485839627180933,0.3317895487735797,107,1.0700000000000003,10.150350997112602,69.10734651373879,4049.5362183253146,141,1.4100000000000004,10.684997446330762,91.06669026576795,5585.477346302322,55.078125000000014
528,0.1,0.16,1.6547645444619064,0.2467874295499778,43,0.4300000000000001,6.005453936961682,112.62677867524754,772.4702227721094,104,1.0400000000000003,7.0576490388486555,272.39965074943586,2380.034520270128,40.62500000000001
529,0.1,0.16,1.2016274222848833,0.2315676311324015,130,1.3000000000000003,5.953775761504173,263.5089465634999,2186.7868068289936,185,1.8500000000000003,7.593961050066178,374.99350087882675,3938.4267086846603,72.26562500000001
530,0.1,0.16,0.8718523664386844,0.2247115215313891,57,0.5700000000000001,16.337981495165437,86.38781720756003,2855.712882114394,97,0.9700000000000002,17.675576907743864,147.01084682690043,4535.404015961121,37.89062500000001
531,0.1,0.16,0.6367691956207714,0.1397714907646748,167,1.6700000000000004,11.671324668225667,297.193943259223,8760.377380425627,207,2.0700000000000003,13.055651051530718,368.3781212853841,10385.902242628204,80.85937500000001
532,0.1,0.16,0.6499893904032465,0.2583243560802796,54,0.5400000000000001,28.69934520427098,53.07557487749084,6741.264630340969,104,1.0400000000000003,27.774368679921377,102.21962568998235,8193.189355075003,40.62500000000001
533,0.1,0.16,0.5506600521974642,0.3632980601697685,260,2.6000000000000005,17.120039045147777,153.940848253279,9694.462809061839,307,3.0700000000000007,17.518611877852177,181.76861697598716,11401.205946764983,119.92187500000003
534,0.1,0.16,0.4223040046530155,0.6134670338507175,94,0.9400000000000002,8.049707597761948,25.276786388209242,2520.658274329063,128,1.2800000000000002,9.326335209101902,34.419453805221096,4200.758573065278,50.00000000000001
535,0.1,0.16,0.518424710609351,0.2417861707469101,40,0.4000000000000001,5.843750057483446,33.50227218640307,633.3669326039252,84,0.8400000000000002,6.7409408334925605,70.35477159144645,2290.259304660451,32.81250000000001
536,0.1,0.16,1.219185605485679,0.3634539737664958,516,5.160000000000001,6.637754858087727,676.1298990875426,8758.292597968131,553,5.530000000000001,8.040217920669257,724.6120817740525,10320.76678319,216.01562500000003
537,0.1,0.16,0.3710781021236183,0.2293618570784956,201,2.0100000000000002,95.42575713878993,127.02822292757493,135407.7303380399,251,2.5100000000000007,94.81330737322676,158.62728335731998,137052.4442694015,98.04687500000003
538,0.1,0.16,0.9319678685594964,0.4392562173876175,0,0.0,1.9187510647975685,0.0,1517.1595060788113,232,2.3200000000000003,4.886464639534912,192.27863999401015,3243.9471066613214,90.625
539,0.1,0.16,1.886216150329912,0.3857408307906975,23,0.23000000000000004,7.926960866732997,43.93227751099919,505.62746108536606,74,0.7400000000000001,8.076254056055927,141.34732764408434,2213.694227388147,28.906250000000004
540,0.1,0.16,0.4674896414218624,0.2964499680806502,110,1.1000000000000003,8.147112643002362,67.75998547040085,2884.2966156782168,160,1.6000000000000003,8.98658880707415,98.5599788660376,4539.356566506454,62.50000000000001
541,0.1,0.16,1.3434323520947264,0.1837755084380146,55,0.5500000000000002,9.296008029606952,157.0546841897066,1010.8809878788128,104,1.0400000000000003,9.32955048951657,296.9761301041725,2626.272863118718,40.62500000000001
542,0.1,0.16,0.5150017455271759,0.8896313926343419,152,1.5200000000000002,6.924280897306871,34.371795885180056,2874.462676706446,205,2.0500000000000003,7.7937288133003175,46.35669839777572,4479.048221390093,80.078125
543,0.1,0.16,1.0513439871983092,0.1038917503129344,49,0.4900000000000001,24.068015468029756,193.69565864809869,3010.2318825787165,94,0.9400000000000002,21.790514600560115,371.57942679431176,4579.434039853702,36.71875000000001
544,0.1,0.16,0.6174472932714163,0.3073719338929203,41,0.4100000000000001,5.425925044827373,32.17211207626071,475.64433287446883,81,0.8100000000000002,6.095856644062155,63.559538492124815,2114.8897020565473,31.640625000000004
545,0.1,0.16,0.7493433850730041,0.6688468112932004,107,1.0700000000000003,11.53617140915437,46.82718265101136,2794.718055948169,173,1.7300000000000004,13.975957878826142,75.71123923948566,4564.26625836577,67.57812500000001
546,0.1,0.16,0.8608329366551699,0.4557769802266204,85,0.8500000000000002,7.733815627662733,62.711248790290036,1521.2073399264377,153,1.5300000000000002,7.4155300269006865,112.88024782252205,3179.9008849653464,59.76562500000001
547,0.1,0.16,0.6457565318633792,0.4226143740114939,178,1.7800000000000002,17.807013131451928,106.24404094429697,18195.51558701706,205,2.0500000000000003,19.360784598969477,122.35971007629706,20014.402925543665,80.078125
548,0.1,0.16,0.9853281849759776,0.1329019041191819,127,1.2700000000000002,16.762550758038305,367.80146793613557,7376.274580549995,188,1.8800000000000003,16.099069338747373,544.4620155275078,8860.795983694874,73.43750000000001
549,0.1,0.16,0.76975689013838,0.5334670624273457,329,3.2900000000000005,29.716457301418338,185.43935474491118,30458.67738957929,428,4.280000000000001,29.06239031408885,241.24025480493012,32282.618009106696,167.18750000000003
550,0.1,0.16,1.1238932089123912,0.2952457797677676,103,1.0300000000000002,13.53834612632474,153.15761960392004,6324.993107714961,142,1.4200000000000004,14.807321755511875,211.14933964812278,8164.727585231607,55.468750000000014
551,0.1,0.16,0.8722864478281757,0.1036904429874384,222,2.2200000000000006,462.09260168559115,729.5136197533989,1123317.792231369,270,2.7000000000000006,462.0678673133072,887.2462942946743,1125381.2744891215,105.46875000000001
552,0.1,0.16,1.309519969052362,0.2038167899856132,110,1.1000000000000003,10.166575459047312,276.0736059781459,2507.215470054559,160,1.6000000000000003,10.467792166483463,401.5616086954849,4121.604938908388,62.50000000000001
553,0.1,0.16,1.1080961600234855,0.1680932234256195,89,0.8900000000000001,8.24468511585912,229.18030113428716,1959.2980923815173,131,1.3100000000000003,9.013164653591243,337.33280279316426,3723.4259877970258,51.17187500000001
554,0.1,0.16,0.6611469628058984,0.5490369745768288,462,4.620000000000001,27.873676744536358,217.31936366551687,24337.576902066947,536,5.360000000000001,29.73385463109616,252.12809291064295,25885.226805171107,209.37500000000003
555,0.1,0.16,0.4211369484628437,0.3369566187046463,0,0.0,0.9968779058406887,0.0,556.5836686451083,116,1.1600000000000001,3.6207774615836787,56.63271447399372,2233.718545218126,45.3125
556,0.1,0.16,0.5258565885372093,0.2928338670902959,195,1.9500000000000004,16.402669338249233,136.78568919636456,9066.340756109332,249,2.4900000000000007,16.214801278026723,174.66480312766552,10225.045437391449,97.26562500000001
557,0.1,0.16,0.3516315360648424,0.1212267207228602,85,0.8500000000000002,76.9847687212042,96.3093431570596,49572.758028425815,130,1.3000000000000003,75.59412483167716,147.29664247550292,50726.5436934529,50.78125000000001
558,0.1,0.16,0.7689292949433593,0.3994803154599196,163,1.6300000000000003,8.159881320834767,122.55715252228454,2568.063068746641,233,2.3300000000000005,9.17174347464259,175.18905851344968,4385.93137898428,91.01562500000001
559,0.1,0.16,0.7325697974025485,0.1720764570934382,270,2.7000000000000006,21.74706337397869,449.0051813296331,50320.42270786097,304,3.0400000000000005,22.429140366607367,505.5465745341054,51421.9702054978,118.75000000000001
560,0.1,0.16,0.5427627178143591,0.3066492741659306,188,1.8800000000000003,5.092991121042657,129.98281896445607,2678.263936606349,220,2.2000000000000006,6.524465036268068,152.1075541073422,4344.119938804284,85.93750000000001
561,0.1,0.16,0.4229224688669533,0.4649052427723836,135,1.3500000000000003,3.4658191135047884,47.97225330512139,1290.2845881450062,169,1.6900000000000004,5.427567806927662,60.05415413752234,2916.0599934923966,66.01562500000001
562,0.1,0.16,0.5024526780871678,0.8204289023879173,146,1.4600000000000002,5.26894259146568,34.92746807645962,1971.7896922026084,195,1.9500000000000004,6.1520135767731805,46.64970051307964,3639.8833107543246,76.17187500000001
563,0.1,0.16,0.7837462491042682,0.349601328951189,305,3.0500000000000007,4.13923950042072,267.0928575695583,3573.893895474544,329,3.2900000000000005,6.656054336215112,288.1100004602776,5361.125270316976,128.515625
564,0.1,0.16,1.5783582670190988,0.2118040055610667,288,2.880000000000001,12.227064841297995,838.3472473491704,8410.692329412193,370,3.7000000000000006,12.236359221953714,1077.043338608309,10069.063683766584,144.53125000000003
565,0.1,0.16,1.00077056164227,0.2265042280466752,255,2.5500000000000007,8.075006528494974,440.10714953649085,6267.462368367704,300,3.0000000000000004,8.811090444187546,517.7731171017539,7830.391392911155,117.18750000000001
566,0.1,0.16,1.6972669418885884,0.3618499311791117,296,2.9600000000000004,14.884257959451483,542.3422066611593,10394.67712588756,372,3.7200000000000006,15.986894505355743,681.5922326957813,12165.289438788206,145.31250000000003
567,0.1,0.16,0.7015134476884382,0.2002944617841181,169,1.6900000000000004,14.003801743274668,231.21382529773558,7698.582810604797,210,2.1000000000000005,15.301759106119711,287.3071201924525,9217.709247069692,82.03125000000001
568,0.1,0.16,0.9723681137613268,0.266264894856165,52,0.5200000000000001,25.653769629807275,74.17886357661408,6573.884288175245,95,0.9500000000000002,26.62846356837302,135.51907768804494,8263.63871065201,37.10937500000001
569,0.1,0.16,0.9480841627026326,0.4388260905022177,0,0.0,0.300966478016968,0.0,2.1466792314354626,39,0.39000000000000007,3.3587413541967517,32.913880871675126,1691.4696141319898,15.234375000000002
570,0.1,0.16,0.7729564167875237,0.2368077639978905,484,4.840000000000001,10.548638869425451,617.1126743555293,28914.101497278803,508,5.080000000000001,12.343170030598174,647.7133028359688,30447.928737956292,198.43750000000003
571,0.1,0.16,0.7509699316768398,0.4090516577836508,0,0.0,0.9708885122555481,0.0,696.9071735934566,141,1.4100000000000004,3.899804251294382,101.11685157871918,2388.6882687018383,55.078125000000014
572,0.1,0.16,1.2097957177881014,0.6385770737522873,122,1.2200000000000002,11.314942070690039,90.28562024167518,3035.058953201447,183,1.8300000000000003,11.284879858496918,135.42843036251278,4664.477045245059,71.48437500000001
573,0.1,0.16,0.7035141898632437,0.1337259990826362,258,2.5800000000000005,20.896500669130003,530.1963711883852,20264.297666736522,310,3.1000000000000005,22.4686301986399,637.0576553038737,22127.73086699287,121.09375000000001
574,0.1,0.16,0.726968349964981,0.0886208784876582,155,1.5500000000000003,52.616022619590254,496.67372480871774,32876.113288477616,209,2.0900000000000003,52.03593769773083,669.7084418388516,34064.184816711524,81.64062500000001
575,0.1,0.16,0.7043413490852651,0.2044653059335719,374,3.7400000000000007,61.23327800937204,503.2632235483329,172302.91208510226,421,4.210000000000001,61.87331212516463,566.5075323899683,172591.14460267173,164.45312500000003
576,0.1,0.16,0.5066108229340881,0.2477475642533315,37,0.37000000000000005,8.639576171318074,29.55471861968379,786.9694652008056,72,0.7200000000000002,9.744228749433459,57.51188488154684,2440.2021809395287,28.125000000000007
577,0.1,0.16,0.8949680999977081,0.2424343129723539,202,2.0200000000000005,5.594171088975401,291.2895281803496,3015.792583749044,256,2.5600000000000005,7.338021236660221,369.15900601074003,4787.936414760034,100.00000000000001
578,0.1,0.16,0.8490750641354715,0.2468162878418638,230,2.3000000000000003,19.55936750741506,309.07234064834813,14653.265101525858,300,3.0000000000000004,22.353429278661807,403.1378356282802,16474.555653551815,117.18750000000001
579,0.1,0.16,0.8661234638268199,0.1337403396419283,210,2.1000000000000005,24.791582040310544,531.2472705114137,12483.901000032143,270,2.7000000000000006,24.988403829447073,683.0322049432461,14254.358853737016,105.46875000000001
580,0.1,0.16,1.0839747017971662,0.304553043579805,137,1.3700000000000003,10.93649512815537,190.47448342332248,3404.5050872327797,189,1.8900000000000003,12.504960543106826,262.7713676423938,5160.479063360646,73.82812500000001
581,0.1,0.16,0.4144593179673333,0.2079686492521817,179,1.7900000000000003,101.14034401801649,139.34683293709531,48364.49316935766,237,2.3700000000000006,101.63575023297737,184.4983207044223,50829.42950649558,92.57812500000001
582,0.1,0.16,0.3156772068812191,0.4597771823867911,107,1.0700000000000003,27.3634571552444,28.697206520491555,10078.08946078648,156,1.5600000000000003,25.72598783745947,41.838917917726,11705.631022391663,60.93750000000001
583,0.1,0.16,1.5559203298023043,0.1384762744499612,36,0.3600000000000001,5.057331908154689,158.00634242042207,494.65391866788684,90,0.9000000000000001,5.447086958873754,395.01585605105504,2191.424905764813,35.15625
584,0.1,0.16,0.8268878980872587,0.2923709432838322,131,1.3100000000000003,9.470953249562243,144.72506633074107,2727.2266438809547,224,2.24,10.186672255009588,247.46881571058015,4465.829634542988,87.5
585,0.1,0.16,0.9293496566794632,0.3773707799597396,65,0.6500000000000001,7.240157482076013,62.52940047224763,1018.5271053253742,123,1.2300000000000002,8.66455574647204,118.32486550902244,2665.663709954633,48.04687500000001
586,0.1,0.16,1.419572496943836,0.281259064125077,552,5.520000000000001,27.692624882888442,1088.3038404671393,42097.56602785086,607,6.070000000000001,28.203423300100802,1196.7399115281767,43358.14693732168,237.10937500000003
587,0.1,0.16,0.8549159573690629,0.5415625351788784,283,2.8300000000000005,20.463485035337907,174.51038677106234,22994.16344341044,331,3.3100000000000005,21.49971022307877,204.10932162975843,24427.249731500604,129.296875
588,0.1,0.16,1.2074626073672488,0.4236662998905504,977,9.770000000000001,28.684032171479654,1087.6880796485666,72315.73593016302,1024,10.240000000000002,29.80767216541271,1140.0128900308416,73624.39759413624,400.00000000000006
589,0.1,0.16,0.8333246784642157,0.3357590300032186,155,1.5500000000000003,7.924702001027314,150.27207203006392,3259.5755210747993,233,2.3300000000000005,8.936418850164838,225.8928566645477,4970.1907798689,91.01562500000001
590,0.1,0.16,0.4483714005748443,0.34700197763939,93,0.9300000000000002,13.821040249850176,46.94063243476751,2521.1859239185465,142,1.4200000000000004,14.869849270980419,71.67279361007512,4164.788835503703,55.468750000000014
591,0.1,0.16,0.457907036174228,0.7984453480698057,144,1.4400000000000004,52.101753987124226,32.2592784178241,15193.038364749882,216,2.1600000000000006,53.39122324686316,48.38891762673614,17387.998546883195,84.37500000000001
592,0.1,0.16,1.6160767170689605,0.0786242185345964,19,0.19000000000000003,34.4125221062826,152.55247820642472,4497.125167384551,59,0.5900000000000001,34.853382402779495,473.7155902199505,6264.003202265306,23.046875000000004
593,0.1,0.16,0.5355879903816477,0.2796534221086436,129,1.2900000000000003,11.775856289036877,96.5073603402583,6421.46889949977,167,1.6700000000000004,13.334274349997397,124.93588509165222,7935.906591915192,65.23437500000001
594,0.1,0.16,0.8154780038675308,0.3493921807490995,225,2.2500000000000004,45.746105188475624,205.13587705369517,18175.892313465833,284,2.8400000000000007,47.53138912586337,258.92706259221967,19996.754821188355,110.93750000000003
595,0.1,0.16,1.1060655734383558,0.2713574623516399,92,0.9200000000000002,14.644896527584338,146.48291298483505,2754.2747586741634,164,1.6400000000000003,15.465041898630778,261.1217144512277,4419.643170980831,64.06250000000001
596,0.1,0.16,0.9147106588189384,0.3927203861131799,84,0.8400000000000002,14.356732744352962,76.42573330493357,4763.2832204259175,122,1.2200000000000002,15.516848853306655,110.99927932383208,6175.771541788143,47.65625000000001
597,0.1,0.16,0.7346815828432298,0.2815219669365412,149,1.4900000000000002,13.252755693415455,151.89139400642657,8134.97978428607,173,1.7300000000000004,14.23961597956612,176.35712190007916,9585.884459797519,67.57812500000001
598,0.1,0.16,1.023984500536678,0.6886737886622548,208,2.0800000000000005,26.058843990428652,120.81008750197714,10156.253994828936,317,3.170000000000001,28.371423589245566,184.11921989484017,11975.117433308184,123.82812500000003
599,0.1,0.16,1.000951354285054,0.1529995554413471,202,2.0200000000000005,27.012206220451954,516.2192633254599,17563.722357551836,259,2.5900000000000003,26.852313201233564,661.8850950559113,19485.237279558693,101.171875
600,0.1,0.16,0.4308858588591699,0.2930023846553929,86,0.8600000000000002,30.749680379258407,49.402573422993534,17424.802054962387,121,1.2100000000000002,29.988276451688275,69.50827190909555,18999.808781762527,47.26562500000001
601,0.1,0.16,0.9436829690918028,0.17348885713237,48,0.4800000000000001,16.271860088600807,101.98957998190596,2903.6129494610386,98,0.9800000000000002,16.87496975881389,208.22872579639133,4714.771994376953,38.28125000000001
602,0.1,0.16,1.984643376757008,0.127398507177561,76,0.7600000000000001,54.251491460847966,462.47873348590736,14184.94790036478,150,1.5000000000000002,53.30995119288261,912.7869739853435,15843.612692386007,58.59375000000001
603,0.1,0.16,1.089629702308809,0.4182166296946083,93,0.9300000000000002,14.462604576334508,94.65000006836776,5584.688358559864,138,1.3800000000000003,14.879992449378243,140.44838719822312,7275.846850246016,53.90625000000001
604,0.1,0.16,0.8460166825382751,0.1034858774830243,131,1.3100000000000003,18.154142474094105,418.3397868357923,12977.835612570128,164,1.6400000000000003,18.858696383903453,523.7230919165645,14793.901817478996,64.06250000000001
605,0.1,0.16,0.4313130175328939,0.4030516651507911,81,0.8100000000000002,32.84543470624052,33.85921613863338,6302.697195317691,169,1.6900000000000004,31.13206130101213,70.64453737566718,7961.199762491657,66.01562500000001
606,0.1,0.16,0.4565081733493903,0.281253087970995,200,2.0000000000000004,24.594619399717303,126.80643366518039,18809.834011688123,266,2.6600000000000006,26.243703161660136,168.6525567746899,20334.626310115797,103.90625000000001
607,0.1,0.16,0.798576203283999,0.2020536444412473,144,1.4400000000000004,10.427704352633981,222.31675928907418,5019.807212285017,185,1.8500000000000003,10.920402410069796,285.6152810311022,6549.443362153223,72.26562500000001
608,0.1,0.16,0.5227484364915728,0.222332570222334,233,2.3300000000000005,15.224437263365315,213.99597736613546,9464.15512640087,300,3.0000000000000004,15.673610567308977,275.53130132978816,11046.207193011593,117.18750000000001
609,0.1,0.16,1.429907377461907,0.1316524008697761,0,0.0,0.4059849322638484,0.0,210.9310294890657,91,0.9100000000000001,3.6169154589477492,386.0828854803299,1909.8508884052972,35.54687500000001
610,0.1,0.16,1.5054444980456785,0.1943966372552116,187,1.8700000000000003,3.6400175112862403,565.6888803267212,1859.1023688033858,274,2.7400000000000007,6.48480332548004,828.8703380188322,3703.286974625742,107.03125000000001
611,0.1,0.16,0.5927996166171364,0.2039452811925131,128,1.2800000000000002,15.09922044355672,145.33300627278703,5626.45156503632,177,1.7700000000000002,16.008838651541645,200.9682977365883,7359.813690059491,69.140625
612,0.1,0.16,0.8792105253916775,0.468758845849992,62,0.6200000000000001,9.856956306716834,45.42501992302415,1303.8899079777411,122,1.2200000000000002,10.397454968208377,89.38471662272494,2979.7294891104693,47.65625000000001
613,0.1,0.16,0.4992167846451059,0.3213134031377786,0,0.0,0.6859938044164638,0.0,324.568168325806,100,1.0000000000000002,3.6437392007320075,60.6904519380961,2021.4195086963382,39.06250000000001
614,0.1,0.16,0.895059107418636,0.1688123220564076,282,2.8200000000000007,94.96664169862542,584.058992853844,119461.50882218988,332,3.3200000000000007,94.24397790765244,687.6155518704828,120174.03543114246,129.68750000000003
615,0.1,0.16,0.5677861853497578,0.2342299030677652,99,0.9900000000000002,25.54256807430718,93.7427548702873,5947.222356771657,150,1.5000000000000002,25.30283889605138,142.03447707619287,7675.62166480553,58.59375000000001
616,0.1,0.16,0.3715745564830134,0.5095397299042295,40,0.4000000000000001,6.32824113903577,11.39430765514266,669.3861776938675,91,0.9100000000000001,7.51984069366177,25.922049915449552,2436.1550559905004,35.54687500000001
617,0.1,0.16,0.9254717740133436,0.2128126465727707,108,1.0800000000000003,9.392280587857979,183.4634411768249,4114.975418494862,152,1.5200000000000002,10.44192980976559,258.2078061007165,5837.252204970486,59.37500000000001
618,0.1,0.16,1.0685213552494048,1.0330712753804538,51,0.5100000000000001,17.20021428050453,20.6054987505773,2807.566815344577,107,1.0700000000000003,17.21421044637912,43.23114443748571,4306.0030072840755,41.79687500000001
619,0.1,0.16,0.5191060973344159,0.0835657327214375,157,1.5700000000000003,108.46852554308947,380.9672049631924,314079.09745484416,193,1.9300000000000004,108.5480642483736,468.3227424069817,314761.41732150764,75.39062500000001
620,0.1,0.16,2.025301318211718,0.1914684371142015,21,0.21000000000000005,8.604495187262277,86.7704365604979,379.869785615148,55,0.5500000000000002,8.715003435422355,227.2559052774945,2074.0444596894577,21.484375000000004
621,0.1,0.16,1.0833586450604586,0.5466470098161079,123,1.2300000000000002,11.80267475405796,95.2204923189821,3116.7266094745764,199,1.9900000000000004,12.68288240160269,154.05591846729624,4803.549826416138,77.73437500000001
622,0.1,0.16,0.6200406960658195,0.2495654116767622,191,1.9100000000000004,3.6568532196904955,185.36562617881094,2047.3827028110306,221,2.2100000000000004,5.711938874514174,214.48064599747235,3741.342053101904,86.32812500000001
623,0.1,0.16,1.0589068411411648,0.108961876279036,103,1.0300000000000002,11.508300728976318,391.00331594359716,3142.5300731673196,150,1.5000000000000002,11.975129539987044,569.4223047722288,4995.406344445097,58.59375000000001
624,0.1,0.16,0.3584449342242,0.2951700735869169,174,1.7400000000000004,17.43336063468101,82.53903868705397,10657.070832639205,219,2.1900000000000004,19.62828034444082,103.88534179577482,12582.176006380963,85.54687500000001
625,0.1,0.16,0.6729146132852841,0.3479550730072398,127,1.2700000000000002,5.468863834792236,95.94018303838627,1816.5692208975265,193,1.9300000000000004,7.332121699049143,145.7988608378626,3525.882730938812,75.39062500000001
626,0.1,0.16,0.8009989177027562,0.0901307969278027,109,1.0900000000000003,15.574690852789079,378.39487950086317,3991.2830767014025,149,1.4900000000000002,14.049276091115486,517.255385739712,5473.6002432767245,58.20312500000001
627,0.1,0.16,1.0169470395922071,1.473932830197939,507,5.070000000000001,8.91272544248069,136.64339317599084,12167.174561274105,566,5.660000000000001,10.946065754678225,152.54469534045526,13910.549290470532,221.09375000000003
628,0.1,0.16,0.4326246908955024,0.0775749349071699,98,0.9800000000000002,66.01521709955972,213.48924066983335,29334.26589851738,154,1.5400000000000003,66.82415410772884,335.4830924811667,31486.682969262918,60.15625000000001
629,0.1,0.16,1.0776467786088857,0.239243110448533,117,1.1700000000000002,20.980375678456497,205.86517762735951,5770.4744019094505,190,1.9000000000000004,21.467803885279363,334.31097221537016,7495.089866051174,74.21875000000001
630,0.1,0.16,1.6479281292863548,0.2433912216714409,0,0.0,1.5100200473470207,0.0,36.4890532506661,48,0.4800000000000001,3.220898241641714,126.95056219336425,1713.86994314174,18.750000000000004
631,0.1,0.16,0.4076863238615848,0.288244965632172,115,1.1500000000000001,28.455173091727545,63.53635366901805,10550.635145048216,166,1.6600000000000004,29.16055152648883,91.7133452961478,12314.073518428173,64.84375000000001
632,0.1,0.16,0.8402993611373283,0.4052485599275933,219,2.1900000000000004,14.617475787050932,177.38492253405846,7575.635586324317,289,2.8900000000000006,14.884831912746346,234.08329959973923,9177.908393726608,112.89062500000001
633,0.1,0.16,1.0839624805577526,0.172450039112594,724,7.240000000000001,152.25089142695646,1777.6634937878166,608893.713210864,760,7.600000000000001,151.65391025073103,1866.0556012137301,609422.412101575,296.87500000000006
634,0.1,0.16,0.7513064167220079,0.3614696089765192,50,0.5000000000000001,10.098468618872422,40.595261917454664,1085.9304250053842,91,0.9100000000000001,10.41421058755596,73.88337668976749,2669.240038514248,35.54687500000001
635,0.1,0.16,0.3801066012285094,0.1879374043545372,108,1.0800000000000003,26.44850847077496,85.32493728112196,11734.422103828088,155,1.5500000000000003,24.782286800708935,122.45708591272133,13039.022327610837,60.54687500000001
636,0.1,0.16,0.4512403229319007,0.2082865230480947,124,1.2400000000000002,53.44147917466676,104.93695329950386,34161.68237394633,172,1.7200000000000004,53.739559646062325,145.55770941544083,35657.26089458016,67.18750000000001
637,0.1,0.16,1.1206805148440628,0.3279078205944137,139,1.3900000000000003,13.533356411279408,185.56876660983298,5139.0235197336115,217,2.1700000000000004,13.30357418056544,289.7008802470054,6561.926313584181,84.76562500000001
638,0.1,0.16,0.4358609865002536,0.4096776415291546,158,1.5800000000000003,12.372838600391212,65.66332289981254,5146.035083144807,211,2.1100000000000003,13.575860669376976,87.68962741683828,6913.684105808665,82.42187500000001
639,0.1,0.16,1.9681888480346104,0.1207666530030539,82,0.8200000000000002,11.073653309529265,522.0277905442523,2871.8021804446485,112,1.12,11.477351303055974,713.0135675726372,4499.475574910897,43.75
640,0.1,0.16,0.7649665666437196,0.3754622989574706,68,0.6800000000000002,5.232556770842193,54.11841477265187,961.9344891481048,106,1.0600000000000003,6.4955528682104795,84.36105832207498,2631.9018845002297,41.40625000000001
641,0.1,0.16,0.6148963859542685,0.2987131204404412,155,1.5500000000000003,34.974789908227045,124.63481538216519,12814.881074999576,220,2.2000000000000006,34.84545634137526,176.9010282843635,14250.605775125452,85.93750000000001
642,0.1,0.16,0.4127031606929167,0.1527194879733238,101,1.0100000000000002,31.242365177880203,106.61657921192649,14126.951962132618,146,1.4600000000000002,32.45315972862947,154.119015494468,16076.68551009452,57.03125000000001
643,0.1,0.16,0.5661807258356264,0.8228840095947657,73,0.7300000000000001,6.803034878530618,19.620015788260655,1396.8480613243769,114,1.1400000000000001,8.459728796708868,30.639476710434444,3152.8034714247015,44.53125
644,0.1,0.16,0.642623674197446,0.1212693127120644,0,0.0,0.9644949981061683,0.0,300.10328336469485,91,0.9100000000000001,3.5549636649724543,188.3680455332934,1996.7995799176267,35.54687500000001
645,0.1,0.16,2.256074090499393,0.3622118190537008,121,1.2100000000000002,27.010474729459652,294.398874703619,5388.477167260904,189,1.8900000000000003,28.28909604699831,459.84617618995037,7163.718988093824,73.82812500000001
646,0.1,0.16,0.724845574137836,0.2755476801539921,344,3.440000000000001,35.253079026912204,353.4819236015281,24751.81613193349,410,4.1000000000000005,36.73121439225252,421.3011298739142,26484.80165336883,160.15625
647,0.1,0.16,0.4804438951677124,0.2899961649014859,115,1.1500000000000001,4.807741170820836,74.42319318453337,1582.6257496413264,153,1.5300000000000002,6.884599311540571,99.01520484550963,3187.2109652377158,59.76562500000001
648,0.1,0.16,0.7638551350446269,0.3526196509577609,108,1.0800000000000003,29.939684375584935,91.38781239833779,9987.082325561572,151,1.5100000000000002,29.415403524085075,127.77370066804635,11840.67853165461,58.98437500000001
649,0.1,0.16,1.1396844873634693,0.3191428962193495,237,2.3700000000000006,20.54801947730952,330.6037959221202,7012.400524507719,320,3.2000000000000006,21.848464927255517,446.3848721311327,8926.191009459004,125.00000000000001
650,0.1,0.16,0.4833785868658213,0.1580086218286401,117,1.1700000000000002,19.803229054436663,139.81459823002956,9824.653215574983,160,1.6000000000000003,20.131270257959166,191.1994505709806,11250.768073917907,62.50000000000001
651,0.1,0.16,0.945593782952942,0.2344537212330244,54,0.5400000000000001,16.84002359085989,85.07486575288392,2681.724416590778,121,1.2100000000000002,17.966719167309652,190.6307177055362,4375.211520451394,47.26562500000001
652,0.1,0.16,0.6239766202241621,0.2124300804882658,197,1.9700000000000004,15.209682412023213,226.03649512734538,11732.403558033035,243,2.4300000000000006,15.846174758444231,278.81659043626865,13651.461795395473,94.92187500000001
653,0.1,0.16,0.5183781679606493,0.5327364104041475,57,0.5700000000000001,11.21674160162233,21.665524770951478,1667.9591020792027,102,1.0200000000000002,10.53165242809307,38.76988643222897,3342.330469365023,39.84375000000001
654,0.1,0.16,0.5239392570999121,0.2523736301422126,74,0.7400000000000001,23.706266371102476,60.01070374115576,3953.0517152835637,124,1.2400000000000002,22.555423385796356,100.55847653923398,5561.379696266622,48.43750000000001
655,0.1,0.16,1.5846446074417588,0.324991460993339,5,0.05000000000000001,2.8367387995544076,9.52335482738459,107.09982233109311,56,0.56,3.816961664050218,106.6615740667074,1821.1978151095166,21.875
656,0.1,0.16,0.6453306166110115,0.2180216050396004,145,1.4500000000000002,13.735425958510007,167.65278583213788,5885.6609948180685,196,1.9600000000000004,14.136052641965911,226.62031740068295,7471.138267458333,76.56250000000001
657,0.1,0.16,0.5343667609078101,0.2099671737430669,158,1.5800000000000003,52.90515252460435,157.0743080303424,31696.487715961623,210,2.1000000000000005,53.91314455923138,208.76964991374624,33214.82362808364,82.03125000000001
658,0.1,0.16,1.1784810069541902,0.2219505208502347,130,1.3000000000000003,4.3800635631796165,269.63098984919185,1526.8576639920439,167,1.6700000000000004,6.584048380246281,346.3721177293465,3146.9779992503827,65.23437500000001
659,0.1,0.16,0.8597066967426412,0.4395193986682359,90,0.9000000000000001,19.519420838849438,68.76616515434539,4125.954679056389,152,1.5200000000000002,20.443563527190854,116.13841226067221,5893.061282696104,59.37500000000001
660,0.1,0.16,1.5060416398531555,0.4013357405168118,78,0.7800000000000001,5.404978351613551,114.33620677586684,1038.8767196328379,145,1.4500000000000002,6.254330164367207,212.54807669872682,2766.240845889294,56.64062500000001
661,0.1,0.16,1.330079676771409,0.2841306243523405,94,0.9400000000000002,10.048209056489119,171.8887685647247,2268.9363955639324,168,1.6800000000000004,10.059862751417226,307.20545871142286,3849.931685095925,65.62500000000001
662,0.1,0.16,0.7592773870583094,0.762285370081931,91,0.9100000000000001,6.060663282869042,35.40660680026884,1536.7039961269804,152,1.5200000000000002,6.627302716203171,59.14070586418531,3133.61008994002,59.37500000000001
663,0.1,0.16,0.5345261392523749,0.1969333588761425,186,1.8600000000000003,65.52477486985326,197.207141678221,28402.310572419126,292,2.9200000000000004,66.76437481621366,309.5940073658093,30463.88422150159,114.06250000000001
664,0.1,0.16,0.7957666542494177,0.2717505606898603,61,0.6100000000000001,12.328268215879927,69.77585348913841,2027.3660307385148,109,1.0900000000000003,12.57923945021543,124.68144311993586,3817.6174679281385,42.57812500000001
665,0.1,0.16,1.487307391122743,0.3922131284896081,81,0.8100000000000002,11.763577115265138,119.98409029158724,2113.0340206262563,165,1.6500000000000004,12.75067438175304,244.41203577915923,3808.1378909774708,64.45312500000001
666,0.1,0.16,1.478980810333815,1.0927983699748904,96,0.9600000000000002,6.792475716076373,50.7520709321633,1838.6438600867266,213,2.1300000000000003,6.985241796804952,112.60615738073732,3434.8202910124296,83.20312500000001
667,0.1,0.16,0.8043804723635555,0.171263154096781,175,1.7500000000000004,10.932927033699809,321.0669956592313,5832.330621334442,211,2.1100000000000003,11.534868056243758,387.11506333770166,7460.6510405803165,82.42187500000001
668,0.1,0.16,0.5719952705398895,0.1515971674183824,104,1.0400000000000003,5.45496451188687,153.28325892496395,1506.5545174890783,154,1.5400000000000003,6.421630186217393,226.97713340811967,3158.9175700088526,60.15625000000001
669,0.1,0.16,0.4836846497974704,0.323683404528242,246,2.4600000000000004,23.753890373576542,143.5942379690964,14139.453924278092,332,3.3200000000000007,25.7122401714282,193.7938496168293,15850.22444650242,129.68750000000003
670,0.1,0.16,0.9159603960487064,0.838550051740149,490,4.900000000000001,46.02956814346338,209.07582581668757,31991.58786863491,580,5.800000000000001,44.321401321907274,247.47750810954855,33167.48392527321,226.56250000000003
671,0.1,0.16,1.2209089703811355,0.2836507127455627,205,2.0500000000000003,10.366987733444029,344.67779120830465,6092.596098243075,272,2.7200000000000006,10.812886808992758,457.32858150565306,7735.602353085113,106.25000000000001
672,0.1,0.16,0.4986434786641455,0.2220027547090504,166,1.6600000000000004,25.78246450946748,145.6464498019584,35547.0430844639,202,2.0200000000000005,26.399445174819107,177.23242686744337,37334.51151332885,78.90625000000001
673,0.1,0.16,1.529160219628276,0.3028083362341616,205,2.0500000000000003,7.2842152937998295,404.38874548595066,3832.501854230249,264,2.6400000000000006,9.873046404033323,520.7737990648341,5417.854645994165,103.12500000000001
674,0.1,0.16,0.472363099899407,0.2052964571601166,223,2.2300000000000004,30.514037194415156,200.42846805294838,16963.23616142894,268,2.6800000000000006,31.384831522727907,240.8736746107182,18675.164377948313,104.68750000000001
675,0.1,0.16,1.236717189760658,0.1319894911506032,158,1.5800000000000003,30.45441331499035,578.2933049453746,19424.088554053516,211,2.1100000000000003,31.839422653798408,772.2777679966713,21139.427724776368,82.42187500000001
676,0.1,0.16,0.7144255746217161,0.6669874335004876,93,0.9300000000000002,18.817169474048796,38.911889901499265,7050.001294997032,141,1.4100000000000004,18.622974720445796,58.99544597969244,8747.712662831053,55.078125000000014
677,0.1,0.16,0.5134829792248111,0.3775501081177893,57,0.5700000000000001,16.50295156569627,30.282124712663375,2255.035348030676,100,1.0000000000000002,17.8444972559802,53.126534583619964,3913.0073694269076,39.06250000000001
678,0.1,0.16,1.6851051362853482,0.3217078548602914,116,1.1600000000000001,3.9870383953634105,237.3467894375449,1342.099195807571,158,1.5800000000000003,5.656868386612079,323.28269595803533,2897.168971418334,61.71875000000001
679,0.1,0.16,0.8840057485523679,0.4450830532200237,654,6.540000000000001,32.334093363913084,507.40157806872816,39904.881483491794,700,7.000000000000002,31.684244879437323,543.0903740796786,41530.935467983305,273.43750000000006
680,0.1,0.16,0.3614758445849165,0.1287561351811928,144,1.4400000000000004,122.62358157731695,157.918814736772,224549.62287568243,186,1.8600000000000003,122.30126452847215,203.97846903499715,223939.6874536232,72.65625000000001
681,0.1,0.16,0.6053184213483214,0.3389224563607654,101,1.0100000000000002,17.732965239292437,70.46362049505849,3363.7599606122903,163,1.6300000000000003,16.548768768017382,113.71851624450034,4988.188590965343,63.67187500000001
682,0.1,0.16,1.0901725493350838,0.6411826157924322,1094,10.940000000000001,22.100839283351984,726.592415179784,62568.55579741746,1122,11.220000000000002,22.356049590191102,745.1889303763415,63464.3302699297,438.28125000000006
683,0.1,0.16,0.6887984115703013,0.5913161575000613,163,1.6300000000000003,7.517871850010756,74.1685912103598,2802.7129061027845,238,2.3800000000000003,8.149696464229477,108.29524360776465,4421.34950195833,92.96875000000001
684,0.1,0.16,0.8917015861097748,0.6672747049808577,183,1.8300000000000003,14.886620446051976,95.52696976786277,6608.58632278948,256,2.5600000000000005,15.674408870795892,133.63335661515228,8376.710150315761,100.00000000000001
685,0.1,0.16,0.5895244530405789,0.4579760474034908,255,2.5500000000000007,8.46327119156625,128.22103393292298,7964.560768278844,307,3.0700000000000007,9.741073388960574,154.36806830355823,9480.991403410575,119.92187500000003
686,0.1,0.16,0.6973075568195561,0.1372075372898357,227,2.2700000000000005,45.98078465472665,450.6426522636782,44263.528932366746,272,2.7200000000000006,46.54227229418756,539.9770987476672,45657.16718687893,106.25000000000001
687,0.1,0.16,0.5465595156136767,0.8832616796916681,497,4.970000000000001,4.96000391283103,120.13360072179005,7666.040967815484,535,5.350000000000001,6.688293903394487,129.3188659681241,9300.391925650623,208.98437500000006
688,0.1,0.16,0.5461516247063112,0.6789539170300007,360,3.6000000000000005,13.275564999739636,113.1189765577733,22220.615455447496,409,4.090000000000001,14.186635360414762,128.51572614480358,24114.61380987329,159.76562500000003
689,0.1,0.16,0.8634066636196829,0.4717236468023467,142,1.4200000000000004,2.7421425701144364,101.52573163821316,1147.3495572393826,163,1.6300000000000003,5.118664660198627,116.54010040161086,2778.909832856577,63.67187500000001
690,0.1,0.16,0.71192188605563,0.8267205440906432,251,2.5100000000000007,12.25275545619455,84.43205708482724,9308.64219217643,296,2.9600000000000004,13.712781266716604,99.56927847453728,10852.240071568496,115.62500000000001
691,0.1,0.16,0.5479371001256803,0.2056040542688143,0,0.0,1.900152304165632,0.0,1742.1145432552325,265,2.6500000000000004,4.7488929385965,275.8702963417224,3432.539911666636,103.51562500000001
692,0.1,0.16,0.9165194088640464,0.2583365229260003,129,1.2900000000000003,110.59215247086902,178.77451207516293,42121.31892226642,210,2.1000000000000005,110.33438960135415,291.02827547119546,43679.27867905506,82.03125000000001
693,0.1,0.16,1.1886840716569005,0.2478293794002369,272,2.7200000000000006,35.439482222649694,509.6154576959126,21135.954064041827,359,3.5900000000000007,33.13815900509269,672.6174607089434,23021.215845076455,140.23437500000003
694,0.1,0.16,0.4711180363214283,0.4742658776482899,89,0.8900000000000001,8.11774121412434,34.53487537982528,1884.5467850294422,138,1.3800000000000003,8.34629606862835,53.54845845411111,3445.8610413082743,53.90625000000001
695,0.1,0.16,0.951948388253884,0.0817276239418113,71,0.7100000000000002,19.291892836735933,323.0449180717206,2846.34154808734,116,1.1600000000000001,20.140089995957517,527.7916971312617,4508.308845774378,45.3125
696,0.1,0.16,0.9943423612000684,0.7251742689644104,1210,12.100000000000003,44.48878740074259,648.0954327462981,219344.02300489604,1219,12.190000000000003,43.96055776608659,652.9159772873863,220069.19678312592,476.1718750000001
697,0.1,0.16,0.6114890319027697,0.6617396742072417,166,1.6600000000000004,14.248680999324277,59.91969872434666,5208.176237704143,229,2.2900000000000005,15.371403883557196,82.66030727635773,6937.503494661795,89.45312500000001
698,0.1,0.16,0.5510193019320104,0.2352741649459685,135,1.3500000000000003,10.008931850869393,123.5055217685888,2859.7488016095467,179,1.7900000000000003,10.840442401065435,163.7591733079807,4490.282497605504,69.921875
699,0.1,0.16,0.5612447296609865,0.8100842147812003,131,1.3100000000000003,7.110708232405465,35.45303639619482,2350.093953051852,179,1.7900000000000003,8.088574788518594,48.443461945945586,4059.579925607681,69.921875
700,0.1,0.16,0.3870406724700012,0.656067358006157,114,1.1400000000000001,12.705800263866728,26.270785667967935,4099.223365168733,161,1.6100000000000003,13.143327528784665,37.101723618796825,5930.601869083755,62.89062500000001
701,0.1,0.16,0.90162017836431,0.2998058216967899,188,1.8800000000000003,18.75477147819386,220.8520550864873,12462.360436556912,240,2.4000000000000004,18.113840141313492,281.93879372743055,13895.72471238576,93.75000000000001
702,0.1,0.16,2.0036586940338155,0.2693561082420038,39,0.39000000000000007,15.172016570964377,113.32391203653935,1079.7726003031576,91,0.9100000000000001,15.25102218302099,264.42246141859187,2733.7123653235267,35.54687500000001
703,0.1,0.16,0.5179984640415733,0.2065690679036953,213,2.1300000000000003,15.646428655412938,208.6425203484594,9650.87940039469,254,2.5400000000000005,15.074401036649204,248.8037566596652,11059.196802128386,99.21875000000001
704,0.1,0.16,0.6423724129203335,0.3207900302829088,219,2.1900000000000004,8.409021003188387,171.30505104251668,6983.298809141132,240,2.4000000000000004,9.98986803686043,187.73156278631964,8728.709814168838,93.75000000000001
705,0.1,0.16,0.4162887928491789,0.317316452109347,213,2.1300000000000003,35.74191218854732,109.15453087063264,20834.28874725056,279,2.7900000000000005,34.9706294521003,142.97706156294134,22277.03779159924,108.98437500000001
706,0.1,0.16,0.5328136225386925,0.3020102373502293,60,0.6000000000000001,7.936035154081349,41.348993291803474,1271.648338563587,106,1.0600000000000003,8.636675812528038,73.0498881488528,3014.025910904641,41.40625000000001
707,0.1,0.16,0.4024203223009337,0.5095103818226923,156,1.5600000000000003,6.15836717616444,48.12951662042264,2562.9914708089154,198,1.9800000000000004,6.949280292220732,61.08746340284412,4234.220850275509,77.34375000000001
708,0.1,0.16,1.1117859509751629,0.2836394053829719,45,0.45000000000000007,15.572633813794681,68.90126001039256,1601.6237996342659,91,0.9100000000000001,17.304090593327352,139.3336591321272,3375.2625503958907,35.54687500000001
709,0.1,0.16,0.5689044174238375,0.7345219460265463,370,3.7000000000000006,45.97324746377172,111.9428316956201,29647.58440538208,430,4.300000000000001,47.26147759342511,130.09572332193687,31272.277777460145,167.96875000000003
710,0.1,0.16,0.6295664318690096,0.233271585989894,92,0.9200000000000002,16.067494507193558,96.99013940888935,4273.501239759246,143,1.4300000000000004,16.502464991726463,150.75641234207802,5920.601753278866,55.859375000000014
711,0.1,0.16,0.6408369288250196,0.1699546194804971,163,1.6300000000000003,6.503234951538393,240.0834349325402,3599.081274655844,204,2.0400000000000005,8.11095664194746,300.4725197928724,5230.202585121442,79.68750000000001
712,0.1,0.16,0.7227176184237433,0.6776404175617764,81,0.8100000000000002,16.581399649588516,33.745385536059885,2569.737193674446,155,1.5500000000000003,16.372616895389637,64.57450318628744,4278.039002927673,60.54687500000001
713,0.1,0.16,1.042774937346518,0.4196084557418533,52,0.5200000000000001,10.153265626646416,50.47888245579615,1369.953397802482,102,1.0200000000000002,10.341815875412593,99.01626943252322,2910.768243118603,39.84375000000001
714,0.1,0.16,0.5892086658136093,0.3768587445853386,152,1.5200000000000002,18.96878436065582,92.83123991504189,5612.662356493012,224,2.24,19.29985957471263,136.8039325063775,7236.800943525608,87.5
715,0.1,0.16,0.8238896666997813,0.3176138682442165,19,0.19000000000000003,5.56989568295437,19.252327216819463,350.02167868457263,64,0.6400000000000001,7.096155200256024,64.84994430928661,2055.9976434731852,25.000000000000004
716,0.1,0.16,0.4758191603809594,0.5886002563585567,87,0.8700000000000002,14.336928428629228,27.47266349935322,1923.8594025149223,150,1.5000000000000002,15.05638638955302,47.36666120578141,3688.976876475998,58.59375000000001
717,0.1,0.16,0.7730574117971427,0.392798820263285,38,0.38000000000000006,5.096084203497444,29.213608504914383,625.098446453083,82,0.8200000000000002,6.453216441593335,63.03989203692051,2307.046760142301,32.03125000000001
718,0.1,0.16,0.5168647666552828,0.2360330294701142,88,0.8800000000000001,10.299125854501,75.27432238471938,2573.2340141791556,132,1.3200000000000003,9.671967365766365,112.91148357707908,4050.4251895985026,51.56250000000001
719,0.1,0.16,0.6852785498452137,0.1300316372288224,141,1.4100000000000004,35.30790972372736,290.26672610277063,11765.141135959768,205,2.0500000000000003,35.572576111282565,422.0189989437444,13072.607186998788,80.078125
720,0.1,0.16,0.4265125489329807,0.3961158995641037,195,1.9500000000000004,21.60954667962746,82.0170576313784,7965.662072502355,258,2.5800000000000005,22.805450588445073,108.51487625074681,9683.610600658794,100.78125000000001
721,0.1,0.16,0.5971723809875582,0.2214035547712255,244,2.4400000000000004,23.449131679739573,257.07804295052784,20472.287703667982,302,3.0200000000000005,23.941161947930706,318.18675807811235,22063.183426599397,117.96875000000001
722,0.1,0.16,1.3522977956725544,0.183764000841681,165,1.6500000000000004,4.496754125568142,474.3030107229696,1991.2550307678541,202,2.0200000000000005,6.1873021045582215,580.6618676729688,3676.504741628154,78.90625000000001
723,0.1,0.16,0.5523097655380832,0.1604888128759648,157,1.5700000000000003,40.59690372267399,211.05597164469418,20129.52056320566,204,2.0400000000000005,40.5943374695241,274.2383325829148,21821.848223586356,79.68750000000001
724,0.1,0.16,0.7786707529755139,0.4439986833925963,534,5.340000000000001,21.848381373006383,365.8250766362399,53122.49571480666,583,5.830000000000001,23.42578411086968,399.39329527889106,54163.83921833985,227.73437500000003
725,0.1,0.16,0.9215683162383568,0.6222509459691207,415,4.150000000000001,3.725569879941949,240.0878049812015,4129.672636490718,439,4.390000000000001,5.791779511026353,253.97240093192153,5771.197464369481,171.484375
726,0.1,0.16,0.4132224919282672,0.2214841500409393,179,1.7900000000000003,38.587673361887184,130.45308850523233,26600.499128357515,231,2.3100000000000005,39.285372983029326,168.3500751101043,28069.01115438154,90.23437500000001
727,0.1,0.16,0.7417984999848558,0.3461341459659311,70,0.7000000000000002,17.183563939769147,58.600265158345145,4182.730404396328,123,1.2300000000000002,17.622005216207786,102.9690373496636,5843.561916956486,48.04687500000001
728,0.1,0.16,0.3545381466055019,0.3220863761467764,135,1.3500000000000003,16.794475080374575,58.0476200160031,5987.199226487483,195,1.9500000000000004,17.267613515290552,83.84656224533782,7571.646499155166,76.17187500000001
729,0.1,0.16,0.7896798555280746,0.560186407196652,62,0.6200000000000001,13.035672259883546,34.1405267164163,1998.0131877187605,134,1.3400000000000003,13.352166823621499,73.78758999999653,3850.1081169668305,52.34375000000001
730,0.1,0.16,0.5717325018410124,0.2417612412332552,86,0.8600000000000002,33.88900173679843,79.44465637149271,9505.127557156206,138,1.3800000000000003,34.18100006705838,127.48096022402318,11331.032566675833,53.90625000000001
731,0.1,0.16,0.6642131749609643,0.5009720548087102,257,2.5700000000000003,26.307467957392962,133.10278513045355,15204.635037510188,350,3.500000000000001,26.560084276307883,181.26838441890564,16756.6780044159,136.71875000000003
732,0.1,0.16,0.7784247041404303,0.7932927843057085,256,2.5600000000000005,11.17406658558981,98.12577645234848,4680.556981531456,332,3.3200000000000007,12.837950894436785,127.25686633663943,6440.567122487545,129.68750000000003
733,0.1,0.16,1.4992542427334807,0.2540499475460055,52,0.5200000000000001,12.31180157285093,119.87249790716464,1822.570687981592,90,0.9000000000000001,11.391692933049315,207.47163099316953,3260.3325469256824,35.15625
734,0.1,0.16,0.5691384797734184,0.5120902550140437,147,1.4700000000000002,20.72919011562959,63.81882553563337,10319.620992583104,200,2.0000000000000004,19.703571499713288,86.82833406208623,11934.76410158486,78.12500000000001
735,0.1,0.16,0.4613730212694246,0.1791778337976816,79,0.7900000000000001,13.466831697264789,79.4611854405641,3959.8040219289974,123,1.2300000000000002,13.625658487044692,123.71804821758715,5701.059900895037,48.04687500000001
736,0.1,0.16,0.6508778962414224,0.778206753289315,694,6.940000000000001,12.232670802595342,226.7378546104694,23309.996514493465,715,7.150000000000001,14.785434946397606,233.59879833787554,25122.80493819842,279.29687500000006
737,0.1,0.16,1.7709205086759243,0.2376207190595289,445,4.450000000000001,12.878003386010802,1295.4922145070311,19610.498830354743,478,4.780000000000001,14.166301700881444,1391.5624236727213,21473.032973186655,186.71875000000003
738,0.1,0.16,0.8945553695686477,0.1757838165813939,312,3.1200000000000006,21.544571953095645,620.2160004626885,21482.117281140007,376,3.7600000000000007,22.156385701248748,747.4397954293939,22864.38823243862,146.87500000000003
739,0.1,0.16,0.7163945777688938,0.5209964336638009,229,2.2900000000000005,7.42650160193268,123.00225025309163,4165.525816680463,293,2.9300000000000006,8.502403036231717,157.37842499631375,5982.28711143377,114.45312500000001
740,0.1,0.16,0.428344963279428,0.1208137069491656,175,1.7500000000000004,38.64815300115266,242.36814442338314,28568.26482047915,214,2.1400000000000006,38.34186210545609,296.38161660916563,30427.697467677273,83.59375000000001
741,0.1,0.16,0.8324068755445748,0.1250453377211622,184,1.8400000000000003,8.855329740395415,478.4604149990716,6520.299320533228,231,2.3100000000000005,9.907184393929096,600.6758470912257,8171.622201657383,90.23437500000001
742,0.1,0.16,0.7113674765826613,0.0711420408348469,107,1.0700000000000003,39.32987296888988,417.9376518986098,22043.845700002945,152,1.5200000000000002,41.020592231493126,593.7058232578381,23736.117246924743,59.37500000000001
743,0.1,0.16,0.5655671049039704,0.2971062921486196,88,0.8800000000000001,8.731166626408438,65.43573712450677,2170.221836449912,135,1.3500000000000003,8.844115533479245,100.38436945236836,3854.1986498781916,52.73437500000001
744,0.1,0.16,0.5097794132775043,0.236158570962728,449,4.490000000000001,87.5776737505645,378.6037895740236,143595.51519600436,498,4.980000000000001,88.33229545827808,419.921352356044,144315.16294635326,194.53125000000003
745,0.1,0.16,0.3244196276894968,0.651876631319978,159,1.5900000000000003,22.724779174621137,30.909990242673427,8531.749759410466,240,2.4000000000000004,23.589071871762094,46.6565890455448,10452.37011122825,93.75000000000001
746,0.1,0.16,0.4530915449651226,0.3747583103140871,134,1.3400000000000003,16.753051276121393,63.284815583919126,5362.574986665286,193,1.9300000000000004,15.708320794752671,91.14902543057009,6718.964358601863,75.39062500000001
747,0.1,0.16,0.8952056322314106,0.2734689990491507,227,2.2700000000000005,19.969724073891797,290.2689599059552,8225.776197935003,295,2.9500000000000006,23.28170819258506,377.2217760892369,9953.005584456872,115.23437500000001
748,0.1,0.16,0.4134480406538303,0.2948549561426011,0,0.0,0.6487298598810071,0.0,186.4517750876352,81,0.8100000000000002,3.3679017525559556,44.366744186541176,1889.57205246705,31.640625000000004
749,0.1,0.16,1.0104478365695715,0.2293746232176314,222,2.2200000000000006,12.582029797331064,382.01598807370624,8322.708041603171,270,2.7000000000000006,14.157209117174766,464.61403954910213,10124.951109077054,105.46875000000001
750,0.1,0.16,0.4897886536853665,0.4551788352616741,113,1.1300000000000001,27.769300834072045,47.49688609566376,6115.816313250229,162,1.6200000000000003,27.27363166234341,68.09288095130557,7948.9894578060785,63.28125000000001
751,0.1,0.16,0.5152050453089221,0.3446307783670028,241,2.4100000000000006,28.55052266081016,140.73532607376407,11167.3715607027,299,2.9900000000000007,29.185832965801772,174.6052385728442,12862.688438226362,116.79687500000001
752,0.1,0.16,0.9572388311869378,0.3330810264172119,364,3.6400000000000006,18.092533069643505,408.63149058183467,11966.263257908367,412,4.120000000000001,17.347454278598395,462.5169618673513,13447.892252906482,160.93750000000003
753,0.1,0.16,0.3892181659260729,0.2764287312294209,45,0.45000000000000007,9.821246741980566,24.75041412117537,1243.2536961466649,84,0.8400000000000002,11.291536531242974,46.200773026194035,2938.7703422158993,32.81250000000001
754,0.1,0.16,0.895546612526991,0.4865343314083263,48,0.4800000000000001,7.847658631725271,34.51246479621751,1075.323893067321,97,0.9700000000000002,9.859421800072916,69.74393927568956,2784.5967512990906,37.89062500000001
755,0.1,0.16,1.0016208996745313,0.0597837172861867,96,0.9600000000000002,27.87079746402683,628.2778228391214,13197.230521224279,135,1.3500000000000003,28.807598189129752,883.5156883675145,14729.726202475313,52.73437500000001
756,0.1,0.16,0.8390663486545815,0.1494793244981498,62,0.6200000000000001,58.3119979320729,135.94614639651837,13828.790489802668,105,1.0500000000000003,58.76275977330983,230.23137696184565,15376.081212262627,41.01562500000001
757,0.1,0.16,0.6554425202826302,0.2663165115407354,152,1.5200000000000002,16.99678515505303,146.1302546230916,6196.574565610991,197,1.9700000000000004,16.088475594096213,189.39250105755949,7844.626403595798,76.95312500000001
758,0.1,0.16,0.5939377881103617,0.300467502454632,310,3.1000000000000005,203.32547580510615,239.36749712175194,620371.5189432334,367,3.670000000000001,202.79529222285632,283.38023046349343,622292.7064476709,143.35937500000003
759,0.1,0.16,0.8154577741292501,0.2654778181611689,104,1.0400000000000003,11.109328260897636,124.78621492168938,2567.421102779145,173,1.7300000000000004,11.471968296432514,207.5770690524256,4164.469783334929,67.57812500000001
760,0.1,0.16,0.5636711153828743,0.3279286951495183,450,4.500000000000001,34.9490504255488,302.1474324036185,68832.87976042865,485,4.8500000000000005,36.60378130409929,325.64778825723323,69940.50051539173,189.453125
761,0.1,0.16,0.5530836037653133,0.1897501716957015,117,1.1700000000000002,21.332561778987305,133.21542137455265,8630.518516375778,170,1.7000000000000004,20.889821698062544,193.56086866387994,10143.041233597822,66.40625000000001
762,0.1,0.16,1.3473906293685762,0.2088068712819287,354,3.5400000000000005,24.05517003155396,892.3023429425739,24489.516694859016,447,4.470000000000001,24.290849724226106,1126.7207550715552,25825.23363530908,174.60937500000003
763,0.1,0.16,0.3769094504139536,0.3574219960395463,140,1.4000000000000004,33.29328434433005,57.669185998369535,11776.838385715257,224,2.24,34.34401038607902,92.27069759739123,13589.326502683745,87.5
764,0.1,0.16,0.4741925194651005,0.8023479395274296,340,3.400000000000001,14.558605877191741,78.49299647800197,29024.141419464304,382,3.8200000000000007,16.11676572399646,88.18919016057869,30303.75266726844,149.21875000000003
765,0.1,0.16,0.5162714084680031,0.171587901300765,123,1.2300000000000002,17.18396440479912,144.5628021596736,6768.1608562854035,170,1.7000000000000004,17.55999158466183,199.80224688735376,8375.68245714858,66.40625000000001
766,0.1,0.16,0.8213507126605616,0.6241016389576507,196,1.9600000000000004,30.6222176259779,100.76029289572396,10970.52516951032,283,2.8300000000000005,30.700590315373773,145.48552494637696,12782.42843250898,110.54687500000001
767,0.1,0.16,0.6749977583191944,0.1749097516290339,178,1.7800000000000002,7.155170526465235,268.32945245198573,4093.8086160556068,224,2.24,8.44413751517252,337.67301881598206,5762.987703782127,87.5
768,0.1,0.16,0.635087242661128,0.4763285818002885,94,0.9400000000000002,3.1699124829854433,48.956981761049505,974.4741709578637,142,1.4200000000000004,5.713754354815101,73.95629159647905,2597.0570349532427,55.468750000000014
769,0.1,0.16,0.7239179641640466,0.317493092521382,111,1.1100000000000003,25.13743138650531,98.86397914408658,7881.0726764034225,175,1.7500000000000004,25.823133964257273,155.8666337857221,9833.93649301579,68.35937500000001
770,0.1,0.16,0.3524535981768131,0.3033482339308243,0,0.0,1.1812093351290642,0.0,347.88323197029047,95,0.9500000000000002,3.478381521875842,43.11656137027419,2037.683525846904,37.10937500000001
771,0.1,0.16,0.9008078169612532,0.1830149206151924,249,2.4900000000000007,39.63365905861786,478.74585868245657,22748.205238295006,308,3.0800000000000005,39.34511949233518,592.1836324264925,24686.45602376813,120.31250000000001
772,0.1,0.16,1.665322542615908,0.1429446257592353,24,0.24000000000000005,19.76174867915809,109.21990773770283,1532.3322073051504,71,0.7100000000000002,20.49903358181466,323.10889372403756,3270.591527418229,27.734375000000007
773,0.1,0.16,0.3322846776661529,0.280117500178126,118,1.1800000000000002,11.571701435412159,54.67793640681027,6526.0374251157955,163,1.6300000000000003,12.726257912358268,75.52969181618707,8470.48962277979,63.67187500000001
774,0.1,0.16,0.7043955759645126,0.2662735204233,70,0.7000000000000002,5.473559157932552,72.33470492920351,968.9955514999988,117,1.1700000000000002,6.039366548165026,120.90229252452585,2631.0791469199867,45.70312500000001
775,0.1,0.16,1.264948765653908,0.6616869684252198,18,0.18000000000000005,5.3257584886640785,13.441659625958334,233.14119657590038,59,0.5900000000000001,5.6073172790792665,44.05877321841898,1950.5308468577289,23.046875000000004
776,0.1,0.16,1.537720832010255,0.3205619410685106,12,0.12000000000000002,3.3112538563428577,22.48572109347055,174.13610018441378,65,0.6500000000000001,4.412178568534196,121.79765592296546,1894.4871176186143,25.390625000000004
777,0.1,0.16,0.3750001677226985,0.490208594380892,0,0.0,1.988772936783202,0.0,1513.2977243878568,237,2.3700000000000006,4.880221876375803,70.82048907424499,3229.05991907133,92.57812500000001
778,0.1,0.16,0.8868828682283798,0.2285059946903464,43,0.4300000000000001,12.985433787813843,65.19242831007843,1926.9525088109338,83,0.8300000000000002,13.496515002092847,125.83654766829092,3531.2869618706095,32.42187500000001
779,0.1,0.16,0.9813379671184383,0.3175759798796341,0,0.0,0.6090126598747231,0.0,236.3534593558408,82,0.8200000000000002,3.572061580225098,98.97940571946351,1925.5160111732248,32.03125000000001
780,0.1,0.16,0.6954846638593949,0.3174655198543769,143,1.4300000000000004,15.651414159672779,122.37341133327264,9708.796218924204,184,1.8400000000000003,15.85505764961014,157.4594943029522,11416.001253936265,71.87500000000001
781,0.1,0.16,0.7688594167700366,0.4339660757702663,161,1.6100000000000003,2.144852114546222,111.42356962344871,1638.7152975109823,255,2.5500000000000007,4.65879497519233,176.47832455887843,3305.703898637479,99.60937500000003
782,0.1,0.16,0.4503018425253496,0.2391931290052433,81,0.8100000000000002,21.003618842705084,59.566224980657026,8093.038029543324,131,1.3100000000000003,21.292560903243384,96.33549966007494,9696.014461449482,51.17187500000001
783,0.1,0.16,0.891312845577878,0.4375695898790741,57,0.5700000000000001,6.827926795922768,45.3542431566244,1144.554650341976,108,1.0800000000000003,8.904602196074611,85.93435545465677,2823.411013874981,42.18750000000001
784,0.1,0.16,0.8651249954229716,0.5877534396373124,238,2.3800000000000003,8.201514827672726,136.84239681840134,4382.299850140136,330,3.3000000000000007,9.884271159925435,189.73945777341362,6062.969329996984,128.90625000000003
785,0.1,0.16,0.3913207353780794,0.2539538127410475,192,1.9200000000000004,38.94440429191493,115.5684761594137,16547.515686645827,243,2.4300000000000006,39.28857279398208,146.26635263925797,18262.14338200644,94.92187500000001
786,0.1,0.16,1.553274434421236,0.4207177327823329,443,4.430000000000001,22.077270687416537,638.882713871847,14328.346817729529,528,5.280000000000001,23.853229402051884,761.467433237777,16166.738887518914,206.25000000000003
787,0.1,0.16,0.958804083722564,0.2456223707416299,215,2.1500000000000004,7.8650530349975885,327.8388750819077,6272.445638813768,260,2.6000000000000005,9.99751492394593,396.4563140525395,8056.056692709841,101.56250000000001
788,0.1,0.16,1.2778465194455402,0.7474310371557426,180,1.8000000000000003,3.4484732612369884,120.20986409719129,1866.6093149640355,237,2.3700000000000006,5.82393253897856,158.27632106130187,3570.354573506612,92.57812500000001
789,0.1,0.16,0.7416166112097687,0.1956707432043081,59,0.5900000000000001,2.3165374036426867,87.35054130513889,592.5855766015636,113,1.1300000000000001,4.7855035847612495,167.29849436407954,2336.2571120316684,44.140625
790,0.1,0.16,1.163070735115446,0.2073299480736055,167,1.6700000000000004,15.034760231314129,365.9490256521495,5687.742643259143,207,2.0700000000000003,15.771264719110137,453.6014868861973,7377.4739840783195,80.85937500000001
791,0.1,0.16,0.5898956962696135,0.2259642030187747,120,1.2000000000000002,6.417933027779087,122.37053654175774,2226.9116770076926,152,1.5200000000000002,7.257141649288858,155.0026796195598,3973.5450816390653,59.37500000000001
792,0.1,0.16,0.3801870555861616,0.3207249848263726,173,1.7300000000000004,11.72082477742028,80.10703743486762,4796.28824494106,210,2.1000000000000005,11.95745062323784,97.23975642382776,6469.2134734658375,82.03125000000001
793,0.1,0.16,0.5716333751703069,0.2629320938015345,50,0.5000000000000001,9.63091127662225,42.46234910836853,1218.1715162982757,97,0.9700000000000002,9.800433011462346,82.37695727023494,2866.869379782768,37.89062500000001
794,0.1,0.16,0.9800925913657432,0.3554926386911653,44,0.44000000000000006,11.827843804920136,47.3859078379767,1458.8760369811916,89,0.8900000000000001,12.784732073986351,95.84876812681651,3262.510876607766,34.765625
795,0.1,0.16,0.5159687451112289,0.2797332461185434,200,2.0000000000000004,23.333476623048615,144.10177828749198,10313.467977469587,249,2.4900000000000007,23.383877768116754,179.40671396792752,11757.279399035231,97.26562500000001
796,0.1,0.16,1.4491772305304207,0.5616434907685486,256,2.5600000000000005,9.257318157502082,258.0243970329609,4659.080782322108,361,3.6100000000000008,9.277490318746233,363.85471612851126,6323.449378239151,141.01562500000003
797,0.1,0.16,0.5022583410689196,0.8545334615970775,148,1.4800000000000002,17.80524272007188,33.97972302778954,5026.800940014318,223,2.2300000000000004,17.939841682969348,51.19917726484505,6861.73198139413,87.10937500000001
798,0.1,0.16,1.0258060695733109,0.1544776883206396,384,3.8400000000000007,3.7476029409696814,996.0720678096665,4645.604478324127,399,3.9900000000000007,6.531102774148426,1034.9811329584816,6391.0216756321315,155.85937500000003
799,0.1,0.16,1.4147580137894449,0.1249423114110575,184,1.8400000000000003,26.106918701779776,813.8614620836693,16951.707336906784,237,2.3700000000000006,25.944978637287534,1048.2889484447262,18463.74129965166,92.57812500000001
800,0.1,0.16,0.9177994729962848,0.4180343418593419,213,2.1300000000000003,15.182922353077286,182.6734711243856,7671.088400313818,276,2.7600000000000007,16.973460604043908,236.70365272455598,9365.04016465824,107.81250000000001
801,0.1,0.16,0.7421719329694595,0.2980126458158529,99,0.9900000000000002,15.786123545457135,96.30859838759416,6930.764850098586,137,1.3700000000000003,16.196705712053866,133.27553514242828,8694.034988311978,53.51562500000001
802,0.1,0.16,1.3930988790689096,0.3411065029049702,152,1.5200000000000002,16.133541424175668,242.49096760187064,5006.6040083924745,244,2.4400000000000004,16.675825004728495,389.2618164135292,6767.48073937165,95.31250000000001
803,0.1,0.16,0.4701217422141502,0.5789181578972811,410,4.1000000000000005,23.35823176745428,130.05799567586618,34364.439819781706,440,4.400000000000001,23.54091241844799,139.5744343838564,36065.28787042672,171.87500000000003
804,0.1,0.16,1.1895771751339674,0.1926886416264803,204,2.0400000000000005,15.494056184687741,491.9565073650968,9310.300327995737,261,2.6100000000000003,16.545198936851165,629.4149432465208,10883.204458555694,101.95312500000001
805,0.1,0.16,1.1159293240973074,0.0900919168769927,125,1.2500000000000002,29.419802972887314,604.8127114731639,7506.936367863819,185,1.8500000000000003,28.396879335684574,895.1228129802826,8986.058385598724,72.26562500000001
806,0.1,0.16,0.805538309529289,0.4420815363687863,147,1.4700000000000002,10.338312027131183,104.63119653772554,3414.5691859629533,219,2.1900000000000004,10.358357993932685,155.87912953579522,5178.29986365333,85.54687500000001
807,0.1,0.16,1.0264643011501786,0.1785521385992278,106,1.0600000000000003,9.565538349169437,238.03712351437161,2735.0010806563123,156,1.5600000000000003,10.809570703352955,350.31878554945257,4406.617253397158,60.93750000000001
808,0.1,0.16,0.3804815710993686,0.2967874491665032,218,2.1800000000000006,31.05603441408011,109.17033007940104,17964.95351083288,273,2.7300000000000004,33.14761917411972,136.71330326457104,19813.579128283876,106.64062500000001
809,0.1,0.16,0.5801976682095152,0.1627191333908707,111,1.1100000000000003,37.13884844272234,154.60387322486426,9385.259366243055,158,1.5800000000000003,34.93663596277544,220.06677450025722,11037.88197028937,61.71875000000001
810,0.1,0.16,1.312533921564384,0.1849481771438212,47,0.4700000000000001,5.285189871795524,130.29218691613457,738.8187597490733,102,1.0200000000000002,6.841871052673418,282.76176734990906,2434.1049699882496,39.84375000000001
811,0.1,0.16,0.8266142092893415,0.1234804387668023,212,2.1200000000000006,22.353234497351313,554.3711205630851,25604.274003259154,255,2.5500000000000007,22.76990316548639,666.8143195452203,27102.873190328017,99.60937500000003
812,0.1,0.16,0.4566138118052137,0.4263375641491748,84,0.8400000000000002,7.653372452397973,35.142670878084246,1650.4047322622444,127,1.2700000000000002,8.46387735661446,53.132371446627374,3340.6643962287244,49.60937500000001
813,0.1,0.16,0.5655549472634376,0.4447082864125217,100,1.0000000000000002,10.739819051963673,49.67748702344843,3413.236560163903,149,1.4900000000000002,11.524548271218139,74.01945566493816,5145.620999035184,58.20312500000001
814,0.1,0.16,0.6005770018586901,0.3455339494680108,128,1.2800000000000002,8.937980920461365,86.90564310443987,3860.3937765321584,168,1.6800000000000004,9.92041254957516,114.06365657457735,5605.550315352175,65.62500000000001
815,0.1,0.16,1.6453319891654674,0.242934688918649,271,2.7100000000000004,4.88796703960852,716.957371612287,3906.314233831429,306,3.0600000000000005,7.875528706896881,809.5533421157189,5626.903012002335,119.53125000000001
816,0.1,0.16,0.9521849866241244,0.3405972877924452,0,0.0,0.8094292242730966,0.0,281.6043475267187,89,0.8900000000000001,3.379123437847759,97.1919253678173,1976.159603968932,34.765625
817,0.1,0.16,0.7575443266924711,0.7132062480385375,139,1.3900000000000003,6.34511540287543,57.67236297565039,2078.0765313311713,192,1.9200000000000004,7.52623932149259,79.66254454190556,3819.729013846956,75.00000000000001
818,0.1,0.16,1.6669493483638456,0.2498544581713072,117,1.1700000000000002,15.173936706896406,304.916690278574,3183.7293324004418,175,1.7500000000000004,14.4585832266556,456.07197263889276,4758.528119089995,68.35937500000001
819,0.1,0.16,0.4688025759986121,0.2138588419112514,90,0.9000000000000001,33.924958080488544,77.06644446008336,12661.063734524505,142,1.4200000000000004,34.683265215005484,121.59372348146489,14368.204442660404,55.468750000000014
820,0.1,0.16,0.5236288415338981,0.2405884608348965,36,0.3600000000000001,12.35062394121407,30.606333148802413,1223.5074834031,75,0.7500000000000001,11.898253754132675,63.76319406000502,2932.9081417091106,29.296875000000004
821,0.1,0.16,1.508439169215556,0.1025470280896945,103,1.0300000000000002,26.739540770070942,591.8368218903686,8878.85042576683,160,1.6000000000000003,26.28200036163245,919.3581699267861,10702.171512818506,62.50000000000001
822,0.1,0.16,0.7941512055580585,0.2894328259284764,148,1.4800000000000002,31.769338634269122,158.6270196687049,10621.67641545641,213,2.1300000000000003,33.7181506161652,228.29429182050097,12656.153718552407,83.20312500000001
823,0.1,0.16,0.3981930078226654,0.2819246983204423,118,1.1800000000000002,14.211873257544152,65.10323169154962,5427.862565959548,162,1.6200000000000003,15.653081417577896,89.37901300026304,7152.989695115548,63.28125000000001
824,0.1,0.16,0.3401748483009386,0.3455213041942071,73,0.7300000000000001,4.75207083982159,28.0743858362181,1055.0673465102923,112,1.12,6.7204581498517975,43.07303032406064,2772.1958939450287,43.75
825,0.1,0.16,0.4650308935211389,0.2829596298846165,185,1.8500000000000003,5.196223086545989,118.76516865079695,2984.957918623377,226,2.2600000000000002,7.262811865840765,145.08609791935191,4629.247179389864,88.28125
826,0.1,0.16,0.4931730607913197,0.4546935601461666,189,1.8900000000000003,19.076240369596643,80.07600188361964,7008.832534530298,261,2.6100000000000003,18.62981474331203,110.58114545833187,8606.425157330432,101.95312500000001
827,0.1,0.16,0.5644416700813917,0.2978298589367735,221,2.2100000000000004,45.79825218954271,163.60747449549535,16913.556041350148,275,2.7500000000000004,44.77840203491854,203.58396147629512,18339.148043419824,107.42187500000001
828,0.1,0.16,1.2349045670692889,0.1469996981077128,45,0.45000000000000007,20.430803706834904,147.66905730043743,2489.277863025959,88,0.8800000000000001,19.65457043657683,288.7750453875221,4160.029062307857,34.375
829,0.1,0.16,0.6459258774884693,0.5691390977601901,63,0.6300000000000001,21.16155774633442,27.92960842766701,4424.6763712458305,101,1.0100000000000002,20.523018029782346,44.77603890784711,6026.505519555698,39.45312500000001
830,0.1,0.16,0.4213436103985901,0.4035490768702248,102,1.0200000000000002,7.470773728154572,41.60066380778158,2011.4597085256696,154,1.5400000000000003,8.939533690121406,62.808845356846696,3665.445502362294,60.15625000000001
831,0.1,0.16,0.4673495564904614,0.5295328089865736,252,2.5200000000000005,3.8694944770413673,86.87794445649969,2783.8881108900114,277,2.7700000000000005,5.840597693886148,95.496788152581,4477.172047961361,108.20312500000001
832,0.1,0.16,1.934105135102561,0.1505305904688418,92,0.9200000000000002,13.638576743243656,461.7460349837363,3574.2944544612456,134,1.3400000000000003,14.14014013782165,672.5431379110942,5210.800528955064,52.34375000000001
833,0.1,0.16,0.5600024063548887,0.2828357612603361,210,2.1000000000000005,19.404210831605425,162.41827833792252,12215.027018284087,267,2.6700000000000004,19.057922108838454,206.50323960107292,13743.83909192308,104.29687500000001
834,0.1,0.16,0.7096923648054341,0.5218180007675227,427,4.2700000000000005,22.875613810375793,226.85010575870086,32081.197691442285,507,5.070000000000001,22.145311823205137,269.35129653316477,33539.078113608,198.04687500000003
835,0.1,0.16,0.4563967125933315,0.1645415193327088,135,1.3500000000000003,34.406418198455576,146.27186796542233,14342.04196165195,176,1.7600000000000002,35.73632086597331,190.69517601418022,15837.982244002214,68.75
836,0.1,0.16,0.3149518555836645,0.2723027797387544,82,0.8200000000000002,17.03303566367118,37.04810370956518,4976.46958134424,116,1.1600000000000001,17.00407400367276,52.409512564750734,6201.4549405075495,45.3125
837,0.1,0.16,0.968436058654545,0.387822467584868,71,0.7100000000000002,27.69735212911703,69.25583497394861,5053.284634812589,155,1.5500000000000003,28.394813060916416,151.19231578819765,6651.316182287782,60.54687500000001
838,0.1,0.16,0.5469921482713009,0.4550527860618929,65,0.6500000000000001,10.43191624600791,30.520574623648155,1965.3187981935287,113,1.1300000000000001,11.304875312488717,53.058845114957556,3614.4571176327904,44.140625
839,0.1,0.16,0.4200336074399419,0.146873428919682,124,1.2400000000000002,185.84330402835283,138.5232033460463,267003.3137306918,174,1.7400000000000004,185.9016531279779,194.3793337275166,268676.53236604406,67.96875000000001
840,0.1,0.16,0.4836814870951247,0.4465121079792112,190,1.9000000000000004,17.29919656455023,80.39700319170886,8666.348542872847,249,2.4900000000000007,15.645405381235925,105.36238839334477,10047.938292066,97.26562500000001
841,0.1,0.16,0.3958313419040151,0.2390264880623452,156,1.5600000000000003,23.14957840595793,100.91338659916408,19285.059399379803,193,1.9300000000000004,22.9206692817727,124.84797188229918,20904.79957352014,75.39062500000001
842,0.1,0.16,0.469729608876416,0.4289230818403446,125,1.2500000000000002,20.570542610184834,53.47349450164607,7017.661713498243,186,1.8600000000000003,20.46168369059004,79.56855981844936,8792.684273325633,72.65625000000001
843,0.1,0.16,0.8387467432554977,0.1523362929818591,116,1.1600000000000001,19.194470334592545,249.48560228054538,5078.296656547426,163,1.6300000000000003,17.953037961468144,350.5702859631802,6581.29652813127,63.67187500000001
844,0.1,0.16,1.289507352529191,0.1787222722768086,83,0.8300000000000002,8.80173715575467,233.92857343783618,1900.1166931697421,129,1.2900000000000003,9.881499662160826,363.57573462025135,3650.3422216794315,50.39062500000001
845,0.1,0.16,0.924224426761882,0.3093400627407979,49,0.4900000000000001,4.303504123179816,57.1870096997819,573.3235028095181,86,0.8600000000000002,6.152406531121849,100.36903743227028,2222.745028923171,33.59375000000001
846,0.1,0.16,0.5669253861802626,0.5417652491899,268,2.6800000000000006,12.268837375002592,109.54929548266917,7982.727615139394,322,3.2200000000000006,13.080911393121374,131.62266099037117,9550.606373386778,125.78125000000001
847,0.1,0.16,0.7316028814421698,0.4030792492668174,55,0.5500000000000002,5.038600232477769,38.99488918016617,766.885532452393,91,0.9100000000000001,6.402440953004943,64.51881664354767,2458.6391742135947,35.54687500000001
848,0.1,0.16,1.4575335283850084,0.1149534662242644,117,1.1700000000000002,11.102055519811078,579.485240658278,3539.4895652420855,180,1.8000000000000003,11.237585965124847,891.5157548588892,5035.849603267789,70.3125
849,0.1,0.16,0.5667545985114301,0.2031377977218865,193,1.9300000000000004,12.6892326625858,210.33989677243204,6211.828956635841,235,2.3500000000000005,13.90118189068857,256.11334581099237,7958.995106051554,91.79687500000001
850,0.1,0.16,0.5224306786254641,0.5749751119105324,245,2.4500000000000006,21.07399071738947,86.95723954762668,10210.593642379568,318,3.1800000000000006,20.620302053203044,112.86694765773586,11898.883327202235,124.21875000000001
851,0.1,0.16,0.960299684993428,0.1687874734678332,287,2.8700000000000006,47.15163159955231,637.835233180543,44176.83538541138,374,3.7400000000000007,48.99013801666183,831.1859833084428,45621.61084676362,146.09375000000003
852,0.1,0.16,0.942506968892141,0.1854605501946703,200,2.0000000000000004,8.229377827585976,397.0297557481018,5377.714501194603,251,2.5100000000000007,9.100810998284606,498.2723434638678,7201.559986309136,98.04687500000003
853,0.1,0.16,0.8935609238581923,0.136856731681038,92,0.9200000000000002,11.29530586527396,234.64206186068867,3098.8193846808404,132,1.3200000000000003,12.193073304286537,336.66034962620546,4619.055201273803,51.56250000000001
854,0.1,0.16,0.6705938418522094,0.3407833409975289,106,1.0600000000000003,18.62005428017742,81.47926533883708,3126.7617625718176,174,1.7400000000000004,20.88754357162168,133.74898272601558,4860.919649543632,67.96875000000001
855,0.1,0.16,0.8673919901543125,0.3098587618598799,70,0.7000000000000002,9.399483644374387,76.54374395747215,1524.881017033295,150,1.5000000000000002,10.319047345425544,164.02230848029745,3290.519071713598,58.59375000000001
856,0.1,0.16,0.7482880651423067,0.6671319037693436,68,0.6800000000000002,15.441122479899857,29.79381081618105,2855.50578001522,138,1.3800000000000003,15.55297568303927,60.46391018577919,4605.802122665402,53.90625000000001
857,0.1,0.16,0.959090754862974,0.2355407108696523,286,2.8600000000000008,9.166887159911422,454.90403707384405,9919.178574938414,321,3.2100000000000004,10.003103371968804,510.57411154092284,11631.733851676348,125.39062500000001
858,0.1,0.16,0.3138490856416664,0.231143219779782,117,1.1700000000000002,56.359830576423526,62.05626107433604,56883.08048819409,159,1.5900000000000003,56.81655801872674,84.33286761384129,58721.32408730888,62.10937500000001
859,0.1,0.16,1.0703670698161938,0.3192717469198511,73,0.7300000000000001,5.277563991026844,95.59939540434685,1196.8876385416174,143,1.4300000000000004,6.342945802977834,187.27004853180276,2965.790790774169,55.859375000000014
860,0.1,0.16,0.4535669040266373,0.4387344869106478,109,1.0900000000000003,6.129769104484285,44.01757534835012,1687.5632609484358,171,1.7100000000000004,8.700938036723532,69.05509527126486,3504.2881468566056,66.79687500000001
861,0.1,0.16,3.3394078602242594,0.2474146339660832,7,0.07,2.560500547513101,36.9064400978499,67.48996583742849,47,0.4700000000000001,3.257218820053218,247.8003835141351,1746.678324995913,18.359375000000004
862,0.1,0.16,0.3661390844361952,0.5650007303310105,169,1.6900000000000004,23.98976085976696,42.780299561422645,7328.726544201039,224,2.24,25.290617143676332,56.70288225892705,8905.528803394089,87.5
863,0.1,0.16,0.5274772248705984,0.5573816674393092,60,0.6000000000000001,6.731853798103656,22.180039603205604,1015.9562719023232,108,1.0800000000000003,7.055702316517566,39.92407128577009,2697.3393517017225,42.18750000000001
864,0.1,0.16,0.4541424205658557,0.6275142639785343,88,0.8800000000000001,25.592980016683565,24.87775434453759,4993.382230135785,159,1.5900000000000003,25.552389390806646,44.94957887251679,6459.062193351672,62.10937500000001
865,0.1,0.16,1.098216719247146,0.2465889095631126,246,2.4600000000000004,10.883978335518547,427.96637955911547,4828.907093778695,290,2.9000000000000004,11.767824303567467,504.51321167538003,6348.500007567556,113.28125000000001
866,0.1,0.16,0.8615050422249907,0.4415707010450305,0,0.0,0.9309023977186068,0.0,2.8191154033858266,38,0.38000000000000006,3.1548712815507614,28.960176570281813,1692.21316375587,14.843750000000002
867,0.1,0.16,0.8516795275702115,0.2518785894408404,292,2.9200000000000004,8.112474715155276,385.68064212656697,9399.408449126106,327,3.2700000000000005,10.578400993228561,431.90948621708014,11058.280391771146,127.73437500000001
868,0.1,0.16,0.5511327907816498,0.2670569866580853,152,1.5200000000000002,12.275630435727734,122.5338077170644,8550.145247072442,191,1.9100000000000004,14.535631491559618,153.97340311815333,10424.55195109601,74.60937500000001
869,0.1,0.16,0.5884960384173642,0.2067009973998686,152,1.5200000000000002,13.138149950475636,169.04588134828813,6836.464344367267,192,1.9200000000000004,14.112161208351173,213.53163959783768,8379.824214251154,75.00000000000001
870,0.1,0.16,0.9906255114129744,0.3568726463566566,63,0.6300000000000001,11.721665118335602,68.31197331544641,1851.2327766086128,106,1.0600000000000003,11.967281572986238,114.93760589583047,3490.811170905976,41.40625000000001
871,0.1,0.16,0.8715009092507812,0.528006664248133,185,1.8500000000000003,19.742107196303202,119.27796022187931,11289.30065758046,243,2.4300000000000006,21.361740453758003,156.67321261576578,12903.896831599874,94.92187500000001
872,0.1,0.16,0.3505899856653673,0.2644511408314229,391,3.9100000000000006,101.17767888499081,202.4840663326653,87438.35203364464,471,4.710000000000001,102.52602793331467,243.91303131121572,89193.93287146193,183.98437500000003
873,0.1,0.16,0.4605790633651336,0.5028185606642942,63,0.6300000000000001,5.3199326742941935,22.542053484514934,910.5662225793478,114,1.1400000000000001,6.08427310021876,40.79038249578892,2593.696676282545,44.53125
874,0.1,0.16,0.3579750273569668,0.0693468009400119,54,0.5400000000000001,25.57831241101732,108.88801835059421,4149.22536109043,100,1.0000000000000002,25.69532700358382,201.6444784270263,5628.533444695042,39.06250000000001
875,0.1,0.16,0.4075504686137799,0.6419761540107589,142,1.4200000000000004,3.6433331466286507,35.213636697698504,1431.1481055398788,182,1.8200000000000003,5.260792518791802,45.13297097874034,2987.3765911676473,71.09375000000001
876,0.1,0.16,0.6611188646526973,0.1221571703368549,136,1.3600000000000003,13.131914462765323,287.51435210740334,6628.68019206321,186,1.8600000000000003,14.242960730147834,393.21815802924283,8067.157186633263,72.65625000000001
877,0.1,0.16,0.3354602817727732,0.0937958663821669,119,1.1900000000000002,143.07616265842168,166.2510528128778,156438.6499991005,159,1.5900000000000003,142.42972104454805,222.13375964073586,157258.5336888808,62.10937500000001
878,0.1,0.16,0.4166112514139305,0.4649816860627617,158,1.5800000000000003,15.982639887668325,55.29836215900535,5160.681470814639,209,2.0900000000000003,16.803590246163402,73.14783348881087,6911.089141172404,81.64062500000001
879,0.1,0.16,0.938447882794717,0.2589120006554036,23,0.23000000000000004,11.589056010159474,32.564607571842274,522.2282830928789,70,0.7000000000000002,10.78283696646448,99.1096752186504,2240.1096387921107,27.343750000000007
880,0.1,0.16,1.7997017049785726,0.1336527013942618,79,0.7900000000000001,12.641049086142628,415.5372036831691,4307.963959848107,112,1.12,13.620132912787183,589.1160356014549,5927.034157100177,43.75
881,0.1,0.16,0.8631683257617897,0.5621668845490966,359,3.5900000000000007,17.96420458113365,215.32017272787175,18011.583780971687,410,4.1000000000000005,18.819479882791043,245.9088323633075,19926.79659043516,160.15625
882,0.1,0.16,1.3040695303658183,0.0795049999999999,437,4.370000000000001,727.511562507835,2799.9338915883013,2684382.2648778795,483,4.830000000000001,727.4354052557121,3094.6637749133856,2680391.284395276,188.67187500000003
883,0.1,0.16,0.7319497200479663,0.280252416221534,179,1.7900000000000003,13.200846641457755,182.6185747887457,5920.53909839892,232,2.3200000000000003,14.066612758950079,236.68999637424022,7668.714135552547,90.625
884,0.1,0.16,0.7664654401808952,0.2041545306240999,93,0.9300000000000002,12.034737162243461,136.38811851959287,2387.364672460179,151,1.5100000000000002,12.963536779508644,221.44737523073678,4078.8606449656736,58.98437500000001
885,0.1,0.16,0.7508745322729361,0.3616161621877248,142,1.4200000000000004,11.4661947426763,115.17757242938923,4350.523344322457,214,2.1400000000000006,13.117810507906464,173.57746830907953,6209.296924065791,83.59375000000001
886,0.1,0.16,0.8299049974601351,0.1008320120793481,190,1.9000000000000004,37.97804050231848,610.862664148501,21816.04746670522,250,2.5000000000000004,38.814704344118965,803.7666633532908,24020.438002145478,97.65625000000001
887,0.1,0.16,0.7213355211421116,0.3301917776480204,0,0.0,0.8785299592682667,0.0,874.2933694685012,168,1.6800000000000004,4.078868393958421,143.3640895365127,2568.668577040839,65.62500000000001
888,0.1,0.16,1.079272108310726,0.421338151191135,47,0.4700000000000001,11.078117567663842,47.028168010659236,998.1722641171157,116,1.1600000000000001,11.58819049212358,116.06952104758447,2666.167566660377,45.3125
889,0.1,0.16,0.8126570295757773,0.4423925061088992,107,1.0700000000000003,11.680124887343975,76.77915835827673,2400.3602632654392,160,1.6000000000000003,12.576475569534486,114.80995642359136,4015.1794129022087,62.50000000000001
890,0.1,0.16,0.3565176101903728,0.2781230465418799,132,1.3200000000000003,13.455480822138735,66.09642567924693,6199.390326644831,169,1.6900000000000004,12.897804835900626,84.62345408933888,7919.420047519499,66.01562500000001
891,0.1,0.16,0.5806038189568178,0.0789572337612221,79,0.7900000000000001,52.9976610506122,226.9212093955105,11769.03849469004,131,1.3100000000000003,51.964774125440506,376.28706874445413,13510.278928272246,51.17187500000001
892,0.1,0.16,0.7985117767751754,0.3410537210404699,125,1.2500000000000002,5.558695995160411,114.32167557475141,2181.108849807955,174,1.7400000000000004,7.49563720555134,159.13577240005398,3869.7426470104897,67.96875000000001
893,0.1,0.16,0.8383849885426297,0.2730846957038933,110,1.1000000000000003,6.1972180873224385,131.91641839754527,1528.5718784208507,165,1.6500000000000004,6.542510237769806,197.8746275963179,3202.2127807412344,64.45312500000001
894,0.1,0.16,0.5566603042947375,0.2069640768996632,231,2.3100000000000005,18.119319242016992,242.69861416431732,20648.229069413814,280,2.8000000000000007,18.47618748184341,294.18013838099074,22169.119608689027,109.37500000000003
895,0.1,0.16,0.8335197419220934,0.4030784314031739,211,2.1100000000000003,7.703972475538493,170.4389384953682,3541.657743205979,265,2.6500000000000004,9.177992110225592,214.05838247048615,5235.436969228343,103.51562500000001
896,0.1,0.16,0.6885180972084423,0.212786458715455,219,2.1900000000000004,15.357722277806976,276.8060145965032,10713.041579247698,275,2.7500000000000004,16.18379604915573,347.5874612513168,12394.344859716273,107.42187500000001
897,0.1,0.16,0.2696809046556318,0.2836107313041885,77,0.7700000000000001,26.582110141573338,28.60080760359219,8120.501717944634,128,1.2800000000000002,26.103767693221883,47.544199652724686,9742.438590366291,50.00000000000001
898,0.1,0.16,0.5413105711993046,0.3726807327316647,123,1.2300000000000002,13.030030403601167,69.78702966465916,4914.377045721273,171,1.7100000000000004,14.027153368943939,97.0209924606237,6646.657137751245,66.79687500000001
899,0.1,0.16,0.4201552453005312,0.3889208807438834,167,1.6700000000000004,2.336395764825708,70.47336923059486,1115.2654478595996,184,1.8400000000000003,4.9382289823531975,77.64730502053565,2866.712540784656,71.87500000000001
900,0.1,0.16,0.3798726932438934,0.3078961346009521,233,2.3300000000000005,27.09995810835256,112.29225284310967,15262.645297809635,272,2.7200000000000006,26.225901287818687,131.08795181684906,16441.7797478758,106.25000000000001
901,0.1,0.16,0.3517917299327348,0.5529378490944794,129,1.2900000000000003,12.373289232317578,32.0596703050305,5869.517086097363,183,1.8300000000000003,13.285480331400585,45.47999740946187,7269.28047965151,71.48437500000001
902,0.1,0.16,0.8314416978549342,0.1993612849831666,188,1.8800000000000003,15.336871678477065,306.27310458686776,12459.795672413786,230,2.3000000000000003,16.53023419631275,374.6958194413807,14536.79265413054,89.84375
903,0.1,0.16,1.1240061800017886,0.7175800426890713,0,0.0,0.4786198082185084,0.0,364.81836062617106,120,1.2000000000000002,3.701489465256863,73.42426844835423,2047.4325484316028,46.87500000000001
904,0.1,0.16,0.6853145742833836,0.1810035864016984,220,2.2000000000000006,29.247044077686414,325.3759905992983,35954.99569144337,266,2.6600000000000006,29.940489098045077,393.40915227006064,37493.529882100425,103.90625000000001
905,0.1,0.16,0.7836747628752335,0.4712243067098775,166,1.6600000000000004,11.920072524536092,107.83911118676119,3404.602233801855,225,2.2500000000000004,12.495588687678206,146.16746998205582,5092.126557738278,87.89062500000001
906,0.1,0.16,0.6801370548957163,0.2225775253462689,78,0.7800000000000001,21.740018964285674,93.10430538355,4000.5707188355477,153,1.5300000000000002,20.917663765764875,182.62767594465578,5782.37684762739,59.76562500000001
907,0.1,0.16,1.421940691251565,0.1835381508080162,171,1.7100000000000004,7.552545689010901,517.501098233774,2630.956801343824,231,2.3100000000000005,7.735289863123221,699.0804309473788,4189.453542874624,90.23437500000001
908,0.1,0.16,0.8205046342353407,0.1808559526229432,117,1.1700000000000002,15.366994684790559,207.34526742239998,5637.291875225091,168,1.6800000000000004,15.445402851139718,297.7265378372923,7427.660177899025,65.62500000000001
909,0.1,0.16,0.5420305721287844,0.2687502692480848,467,4.670000000000001,72.50076373581119,367.9186389345737,67794.54051201098,559,5.590000000000001,72.04399330241135,440.39939863902936,69379.62354713981,218.35937500000003
910,0.1,0.16,0.3470813081451186,0.3698461430547425,89,0.8900000000000001,6.984429558153587,32.625725129426655,2093.4092100781313,132,1.3200000000000003,8.52246513522828,48.388715922295724,3914.9980711336984,51.56250000000001
911,0.1,0.16,0.7408015205615556,0.1683945551636818,226,2.2600000000000002,56.413889307862945,388.3669764352311,56261.35141708915,282,2.8200000000000007,54.707541405438384,484.59950156962475,57327.78967426809,110.15625000000003
912,0.1,0.16,0.6582987909183811,0.2804146609746678,36,0.3600000000000001,8.157806901847007,33.01299124344297,692.8913580738708,72,0.7200000000000002,7.5904561714693495,66.02598248688594,2380.4910633957065,28.125000000000007
913,0.1,0.16,0.5624407483326636,0.576485130869304,241,2.4100000000000006,10.607860449129683,91.84716263828273,5439.995963313702,304,3.0400000000000005,10.494921143600031,115.85700183418236,7023.456833846817,118.75000000000001
914,0.1,0.16,0.5146430994935078,0.3087280404366248,143,1.4300000000000004,26.164656990283184,93.11639410891621,10531.338620425227,220,2.2000000000000006,25.17391392879576,143.25599093679415,12268.143985372257,85.93750000000001
915,0.1,0.16,0.4854362150491366,0.3471010229455087,40,0.4000000000000001,8.254813305808776,21.852257293213214,867.4718272181148,87,0.8700000000000002,9.32859044730617,47.52865961273874,2554.920555416931,33.98437500000001
916,0.1,0.16,0.3527522273695304,0.2967490851878942,156,1.5600000000000003,16.903208136697174,72.43775946847526,10527.246029688893,208,2.0800000000000005,17.17046769148006,96.58367929130036,12131.401139256455,81.25000000000001
917,0.1,0.16,1.269341709435182,0.1502985867365953,82,0.8200000000000002,10.23611605748997,270.51885525445175,1591.8478793465029,135,1.3500000000000003,10.448618733442725,445.3664080408657,3336.06023738693,52.73437500000001
918,0.1,0.16,0.6574423154281055,0.4467568194167911,66,0.6600000000000001,6.4442780140259845,37.939397806523566,1037.7216556160367,109,1.0900000000000003,8.295042591534516,62.65749031683437,2826.8568093566987,42.57812500000001
919,0.1,0.16,0.9790854734190488,0.5086954474977214,599,5.990000000000001,31.461330350342575,450.3494255677636,44270.43139976413,668,6.6800000000000015,31.168909921944884,502.226070583082,46169.31516842389,260.93750000000006
920,0.1,0.16,0.7951514272641573,0.2324462482646229,78,0.7800000000000001,3.0767339714396362,104.22740840228076,674.1097211881251,122,1.2200000000000002,4.235554760970213,163.02235673177248,2385.1507433086554,47.65625000000001
921,0.1,0.16,0.4874285541188637,0.1003267623626247,88,0.8800000000000001,48.99828324915727,167.0078466927376,19958.41157260521,142,1.4200000000000004,46.54521899338431,269.48993443600847,21367.291974807333,55.468750000000014
922,0.1,0.16,0.3892445002094933,0.1729091768857352,169,1.6900000000000004,38.65429566587637,148.61107676270618,24161.555221833787,209,2.0900000000000003,37.385429454591424,183.78529611482597,25911.33817962474,81.64062500000001
923,0.1,0.16,1.46998631842702,0.1454153662347453,65,0.6500000000000001,6.489046647893699,256.6707517420051,930.0889512302642,108,1.0800000000000003,7.5364474463132565,426.4683259713316,2600.4111531362587,42.18750000000001
924,0.1,0.16,1.0315360041728563,0.2977189350755228,127,1.2700000000000002,13.043193334227134,171.88646884025516,4923.298409021963,194,1.9400000000000004,14.566973144624319,262.5667319292087,6584.303902310706,75.78125000000001
925,0.1,0.16,0.4078781475343909,0.229383049177714,111,1.1100000000000003,15.99821081763462,77.09960093671658,8537.166765056943,154,1.5400000000000003,16.83897798430838,106.96701391220138,10164.59610780244,60.15625000000001
926,0.1,0.16,0.4434529772217079,0.7279717137366272,245,2.4500000000000006,18.504224868916637,58.298742808055835,15603.550130500482,298,2.9800000000000004,18.17779381241721,70.91030757877812,17099.435229207073,116.40625000000001
927,0.1,0.16,1.1673301851859756,0.3801157367157139,345,3.4500000000000006,24.076933499571343,413.863375789699,19968.10186283227,427,4.2700000000000005,23.34692666108121,512.2309027889896,21569.56858671998,166.796875
928,0.1,0.16,1.01729671840978,0.4505729321177577,95,0.9500000000000002,15.034629992798301,83.78498289345,3548.0339446512307,165,1.6500000000000004,14.59471418349611,145.5212860780974,5043.118882156857,64.45312500000001
929,0.1,0.16,0.6948750027800256,0.4166508963632319,238,2.3800000000000003,33.38978461976477,155.04985343506007,17656.417849304995,294,2.9400000000000004,35.3148344277664,191.53217189036832,19302.56146182089,114.84375000000001
930,0.1,0.16,0.4123527794245536,0.5580687971316575,104,1.0400000000000003,10.68216502621375,30.017502770667296,2363.1805108625267,148,1.4800000000000002,11.344744707215117,42.71721548133422,4118.937931057666,57.81250000000001
931,0.1,0.16,0.7398673299296136,0.1866627959972176,271,2.7100000000000004,126.03146768211235,419.5902708455903,85985.24262538174,334,3.3400000000000007,126.69439855689465,517.1333965403217,87307.7888627252,130.46875000000003
932,0.1,0.16,0.3726341610937701,0.4204496256970084,106,1.0600000000000003,44.836656229361246,36.69734086981423,12105.248764292879,153,1.5300000000000002,44.10682054607725,52.96880333095827,13770.622169621467,59.76562500000001
933,0.1,0.16,0.6464353777043668,0.2835455393733024,115,1.1500000000000001,14.193296306336403,102.41419878089454,2850.462738986526,161,1.6100000000000003,14.81804963299675,143.37987829325237,4562.813301867474,62.89062500000001
934,0.1,0.16,0.7576588167064756,0.3508683747611148,217,2.1700000000000004,6.651111658727104,183.04135611712147,4431.642928738599,270,2.7000000000000006,8.134995073777683,227.74730945448292,5995.048213975907,105.46875000000001
935,0.1,0.16,2.34561268718548,0.268858361680345,53,0.5300000000000001,7.062174648073388,180.6211730253841,1037.1187973016968,128,1.2800000000000002,7.042258309054996,436.21717258960695,2691.031489849308,50.00000000000001
936,0.1,0.16,1.2632848029764872,0.3776448164426982,184,1.8400000000000003,3.6746363773364186,240.43384487368525,1848.714174525895,227,2.2700000000000005,5.858931909854473,296.6221890561225,3550.69751472389,88.67187500000001
937,0.1,0.16,1.3108779955652416,0.1815810503477276,47,0.4700000000000001,30.107263041630613,132.54081664216895,4397.470262240715,95,0.9500000000000002,31.67662538965989,267.9016506597032,6185.7200186677765,37.10937500000001
938,0.1,0.16,0.9377048491245672,0.1959984230392588,286,2.8600000000000008,25.93316566474718,534.4900840970125,9938.20548890395,361,3.6100000000000008,25.978340316203816,674.6535676888864,11614.093927932914,141.01562500000003
939,0.1,0.16,0.5492450017921936,0.7901828223438397,32,0.32000000000000006,9.587595834433387,8.688574755444309,688.050693656448,82,0.8200000000000002,8.851849982740449,22.264472810826042,2365.4830278636664,32.03125000000001
940,0.1,0.16,0.4685911518225756,0.5568349056713491,144,1.4400000000000004,21.449479264289014,47.33584770200605,15154.71584733826,182,1.8200000000000003,22.89480877753357,59.82725195670209,16783.515351108625,71.09375000000001
941,0.1,0.16,1.0478673406632766,0.5148953561940011,379,3.790000000000001,13.078874868576222,301.29128828520203,14410.284941661077,462,4.620000000000001,14.75198716727283,367.2732854558399,15895.396533860328,180.46875000000003
942,0.1,0.16,0.7350333474584742,0.1779384525943605,161,1.6100000000000003,19.891693245833675,259.79042721522853,6904.330293374793,227,2.2700000000000005,19.193996511281597,366.28836632209243,8490.632590711939,88.67187500000001
943,0.1,0.16,1.463996073858541,0.2936206973227285,359,3.5900000000000007,28.747730740827635,699.2101588613534,49143.78706744695,406,4.0600000000000005,29.357721112523627,790.7502075145109,50899.755485535214,158.59375
944,0.1,0.16,0.4854813079623186,0.786653718978644,41,0.4100000000000001,11.497909663819641,9.884001543816629,1045.0058387204706,90,0.9000000000000001,12.3420340507628,21.696588754719425,2684.1414434649573,35.15625
945,0.1,0.16,0.6853690939206882,0.1660695139625905,69,0.6900000000000002,10.009781482222325,111.2355809251198,1958.0656931167277,115,1.1500000000000001,11.033998948179649,185.39263487519966,3492.57251998693,44.921875
946,0.1,0.16,0.6963941286152142,0.2392825877823863,51,0.5100000000000001,14.641871243219184,57.97946649433326,1865.4762479182514,97,0.9700000000000002,13.819002867021577,110.27467156765344,3517.5027357469153,37.89062500000001
947,0.1,0.16,3.149204628068087,0.3424479217805136,6,0.06000000000000001,3.1403082526264607,21.553491429173512,103.03189070450141,55,0.5500000000000002,3.3962110159928125,197.57367143409053,1785.756251900304,21.484375000000004
948,0.1,0.16,1.0647857295999548,0.2455188928539997,49,0.4900000000000001,6.9125836603940645,83.01057453751108,914.7475479375187,101,1.0100000000000002,8.147465792361642,171.10342914874732,2743.31087642887,39.45312500000001
949,0.1,0.16,0.623633309091409,0.6758493794674854,135,1.3500000000000003,5.55905753102264,48.66012129807607,1995.1429239824943,209,2.0900000000000003,7.209665899425671,75.33307667628073,3704.626161063871,81.64062500000001
950,0.1,0.16,0.4711687227213651,0.3711359241506328,216,2.1600000000000006,8.2148017449356,107.11671490868638,5539.410427287122,258,2.5800000000000005,9.234377148128074,127.94496502981984,7139.43149860435,100.78125000000001
951,0.1,0.16,0.5146924950497984,0.0955984820866755,189,1.8900000000000003,59.609664668729586,397.4831088494309,47954.19653230769,240,2.4000000000000004,58.63261844782929,504.74045568181697,48588.99501103976,93.75000000000001
952,0.1,0.16,0.7649776406568647,0.225964683501856,116,1.1600000000000001,5.747723591772998,153.40029603333775,1515.825909838188,160,1.6000000000000003,5.994221739961221,211.5866152183969,3162.606348768286,62.50000000000001
953,0.1,0.16,1.0789064647476982,0.1607398385143967,118,1.1800000000000002,5.728079448255294,309.3871769381557,1828.538069145643,170,1.7000000000000004,6.991614242267187,445.7272888092074,3506.9784903894515,66.40625000000001
954,0.1,0.16,1.3775788405131424,0.3147550353419572,75,0.7500000000000001,27.81175813488497,128.22274645840625,8354.91175048592,119,1.1900000000000002,28.564693303078506,203.44675771400458,9780.335838890398,46.48437500000001
955,0.1,0.16,2.393633486431094,0.3858392220327554,11,0.11000000000000001,3.1883991241622556,26.656553558299112,123.79012990171451,56,0.56,4.483474206546649,135.70609084225003,1819.4275536235891,21.875
956,0.1,0.16,1.8128455410614328,0.3106667497703269,20,0.20000000000000004,18.010843250852403,45.58857940224667,1203.8768582547032,64,0.6400000000000001,18.08431511676304,145.88345408718936,2854.8920423789114,25.000000000000004
957,0.1,0.16,1.7766429707436264,0.2212363141239061,59,0.5900000000000001,21.597396905089628,185.0784245276509,2955.3733354080696,123,1.2300000000000002,19.44237481682107,385.84146130340775,4463.164908397328,48.04687500000001
958,0.1,0.16,0.4243446121541717,0.2443369503297183,191,1.9100000000000004,13.727386702067253,129.57551551133275,9232.887181882228,231,2.3100000000000005,14.332052645954036,156.71174912627157,10911.823700701603,90.23437500000001
959,0.1,0.16,0.7950618510647828,0.1264181589560319,216,2.1600000000000006,60.19082649487991,530.6464216657558,43681.141555399234,273,2.7300000000000004,60.43222910198487,670.6781162719969,45094.93999664349,106.64062500000001
960,0.1,0.16,0.479029945252588,0.2309495224839506,191,1.9100000000000004,11.26484443149945,154.75297128645724,7855.099240168911,224,2.24,12.544208125926891,181.49039564485034,9596.027786458262,87.5
961,0.1,0.16,0.4919636295059588,0.9085147841884968,0,0.0,0.980435682388887,0.0,588.7457617292112,132,1.3200000000000003,3.7668098326499546,27.92125685556035,2270.7603688686195,51.56250000000001
962,0.1,0.16,1.108671959133232,0.1620683497270856,155,1.5500000000000003,17.40469039422996,414.18711697060246,6654.206937774736,221,2.2100000000000004,17.415672081996536,590.5506635516332,8208.76605184984,86.32812500000001
963,0.1,0.16,0.4465179599119132,0.2929017095655266,60,0.6000000000000001,5.793025917365415,35.72961284848434,969.3438673517126,101,1.0100000000000002,7.5283038067745025,60.14484829494864,2621.036625765696,39.45312500000001
964,0.1,0.16,0.3824726428150355,0.4095504947932331,136,1.3600000000000003,32.406239985978786,49.6125860128847,18926.659915444565,190,1.9000000000000004,32.35813072681161,69.31170104741246,20607.973604567782,74.21875000000001
965,0.1,0.16,0.395274394837677,0.3248761826865142,134,1.3400000000000003,8.339194832236362,63.68624481391852,2782.770820534998,174,1.7400000000000004,9.112133566050725,82.69706416135689,4381.573558819333,67.96875000000001
966,0.1,0.16,0.449787820077734,0.3386735246775683,176,1.7600000000000002,23.245203701211953,91.30596393616582,8031.4722907248515,208,2.0800000000000005,23.75019688706019,107.90704828819598,9753.965800204553,81.25000000000001
967,0.1,0.16,0.9464648988876028,0.1969212581397285,61,0.6100000000000001,5.782410929208427,114.52539015774367,751.7777481458061,101,1.0100000000000002,7.719895750631882,189.62400665462476,2417.6248100294283,39.45312500000001
968,0.1,0.16,0.6411133548569397,0.1544185707496888,164,1.6400000000000003,27.04673753620711,265.9739958485886,11032.259472190633,221,2.2100000000000004,26.778398272236135,358.41617733254924,12882.762856575908,86.32812500000001
969,0.1,0.16,1.2338522163499213,0.3100922480171762,0,0.0,1.2371518492082287,0.0,533.2210558376964,116,1.1600000000000001,4.02089159894682,180.2977304684475,2214.7848945022947,45.3125
970,0.1,0.16,0.7992767413502716,0.1657648310320087,186,1.8600000000000003,21.19248931490038,350.33034677613284,9632.967613772671,239,2.3900000000000006,20.794184198252815,450.15566064245024,11296.360891788696,93.35937500000001
971,0.1,0.16,0.5717059599054551,0.6612364029649007,176,1.7600000000000002,9.285872156283798,59.441350426658815,3560.174526569468,239,2.3900000000000006,9.797894893945962,80.71865199983783,5231.54645748216,93.35937500000001
972,0.1,0.16,0.8509006426831345,0.4392675670122368,21,0.21000000000000005,9.46763114425095,15.890188255841897,469.26157539374464,63,0.6300000000000001,9.395417035750302,47.67056476752569,2156.170201690795,24.609375000000004
973,0.1,0.16,0.6243135501465897,0.25037766263611,28,0.28,7.448175094294995,27.272518573881413,540.1364924706075,68,0.6800000000000002,7.767546606632653,66.23325939371202,2181.2351865555565,26.562500000000004
974,0.1,0.16,1.1258159177519584,0.1943134845049844,175,1.7500000000000004,16.420385891496867,396.0614092152785,9997.323340169754,219,2.1900000000000004,17.058776459280477,495.6425635322628,11932.203913501122,85.54687500000001
975,0.1,0.16,0.6768770423270735,0.4339844181067686,638,6.380000000000002,31.546944391087333,388.70162926206547,71588.23652055478,692,6.920000000000002,32.2741941213463,421.6011402027419,73172.05224428317,270.31250000000006
976,0.1,0.16,0.8080770296705648,0.3530140864865679,462,4.620000000000001,94.02376200817952,413.107173426941,70605.95440343925,549,5.490000000000001,95.3309940804446,490.90008270863774,73037.96028690458,214.45312500000003
977,0.1,0.16,1.2151377356880584,0.1748014770597151,148,1.4800000000000002,20.900846394134707,401.885336017311,7861.878747961582,196,1.9600000000000004,20.1379470493716,532.2265260769794,9416.223157486578,76.56250000000001
978,0.1,0.16,0.3371005245392803,0.616220998989583,68,0.6800000000000002,11.360653477873795,14.530878853133666,2025.2957995645836,120,1.2000000000000002,11.10556467620149,25.642727387882942,3840.7744441040795,46.87500000000001
979,0.1,0.16,0.8303774297776448,0.8501103979232719,105,1.0500000000000003,5.617931299251986,40.06356039336166,1791.504916170851,149,1.4900000000000002,6.45210242610068,56.852099986770355,3399.7243463304576,58.20312500000001
980,0.1,0.16,0.8748011303730022,0.0977166894758087,99,0.9900000000000002,22.382088016012823,346.2069800473403,6546.337924551912,151,1.5100000000000002,22.910221868517137,528.0530705772564,8315.326736721818,58.98437500000001
981,0.1,0.16,0.6007740122907448,0.3952841081857881,156,1.5600000000000003,9.333535963949686,92.61608452207318,3126.043925340745,228,2.2800000000000002,10.51898465688045,135.36196968610693,4789.966296884962,89.0625
982,0.1,0.16,1.3143393069541394,0.2261285475603598,265,2.6500000000000004,11.302280342359465,601.6695206743321,9798.584847607597,322,3.2200000000000006,13.27450821717844,731.0852288948489,11557.96875583788,125.78125000000001
983,0.1,0.16,0.5147642664565293,0.2401978986323637,24,0.24000000000000005,8.613909710318861,20.091412229281385,522.3895273819234,64,0.6400000000000001,6.775710943451034,53.57709927808369,2108.7173165323247,25.000000000000004
984,0.1,0.16,1.171594908826023,0.2333050835441165,90,0.9000000000000001,4.007989783557772,176.54516090141823,937.4800046293769,137,1.3700000000000003,5.311308498933382,268.7409671499367,2657.4845126505197,53.51562500000001
985,0.1,0.16,0.6761079309875576,0.1817557113797729,106,1.0600000000000003,6.3309830033720464,154.0259384694585,1589.7873304121283,148,1.4800000000000002,7.389010885027826,215.0550839007534,3329.453413715889,57.81250000000001
986,0.1,0.16,0.6257336214564766,0.4415606876895033,29,0.29000000000000004,8.797809442600203,16.05303388227818,788.4318323711552,75,0.7500000000000001,11.149582281553982,41.51646693692633,2492.6200213186416,29.296875000000004
987,0.1,0.16,0.484927159736277,0.5823955767108774,51,0.5100000000000001,14.189059641263013,16.587794699490054,1202.1734651330207,96,0.9600000000000002,15.748156047067035,31.224084140216572,2871.6175517873176,37.50000000000001
988,0.1,0.16,0.3420024294191455,0.1162193220070159,206,2.0600000000000005,88.98550368087962,236.7980428474752,51769.676638536126,249,2.4900000000000007,88.8836880481334,286.2267605292297,53621.94348919516,97.26562500000001
989,0.1,0.16,0.7644130131273709,0.379204104125858,93,0.9300000000000002,14.803304825357348,73.23151619503835,4774.378315201241,125,1.2500000000000002,15.07389098887075,98.42945725139562,6521.116312679739,48.82812500000001
990,0.1,0.16,2.421083444966788,0.4224308086896906,16,0.16000000000000003,3.3762242668806515,35.82071008972722,201.072779875719,62,0.6200000000000001,4.030908559218906,138.80525159769297,1897.6886320617687,24.218750000000004
991,0.1,0.16,0.6360776758894899,0.2691558074964181,440,4.400000000000001,7.405275473010155,406.18053743819365,15661.731932149101,477,4.770000000000001,9.928752189156988,440.3366280864054,17360.327834460266,186.32812500000006
992,0.1,0.16,0.7728448676731534,0.488246165167024,48,0.4800000000000001,8.18600284325633,29.679375492717817,1037.28835626787,107,1.0700000000000003,8.863364078706239,66.16027453585014,2685.985904957861,41.79687500000001
993,0.1,0.16,0.7188211223707527,0.2143903122839937,220,2.2000000000000006,23.403691144934363,288.136574575756,20199.16907597262,266,2.6600000000000006,22.74707600790975,348.3833128961413,21504.359006413433,103.90625000000001
994,0.1,0.16,0.5660189469682866,0.0721542892767945,185,1.8500000000000003,114.20263392989744,566.8923271850467,75236.63339604162,248,2.4800000000000004,111.80189277436641,759.9421467129274,76613.81919183582,96.87500000000001
995,0.1,0.16,0.9207603943071134,0.2888369540454927,73,0.7300000000000001,12.029150004219987,90.90269701008678,1812.4413401025777,133,1.3300000000000003,12.67277963824089,165.61724249782935,3528.6880474857257,51.95312500000001
996,0.1,0.16,0.7107335384315687,0.097089542928184,135,1.3500000000000003,92.18040360550926,386.03631050617724,60270.113349357125,182,1.8200000000000003,92.98952202595176,520.4341371268464,61686.99496432044,71.09375000000001
997,0.1,0.16,1.500012418440473,0.2251683084325265,69,0.6900000000000002,32.74922054015048,179.55467400019822,6392.141908867896,140,1.4000000000000004,32.17399265342409,364.31383130475007,7867.568991689379,54.687500000000014
998,0.1,0.16,0.68403998803016,0.1308806869849062,81,0.8100000000000002,14.7621572817372,165.36781128573088,3986.1635358179533,135,1.3500000000000003,14.12492142096392,275.6130188095515,5643.162604448497,52.73437500000001
999,0.1,0.16,0.9821624763013694,0.136108,174,1.7400000000000004,8.602759619530929,490.4660696734117,3788.775568989519,234,2.3400000000000003,9.92373196709441,659.5923005952777,5468.801578172832,91.40625000000001
1000,0.1,0.16,0.7295177350431645,0.6607104794880337,97,0.9700000000000002,25.127078417926732,41.836604363818836,5398.41481447622,214,2.1400000000000006,25.088404144497332,92.29931272017764,7190.404717870433,83.59375000000001
1001,0.1,0.16,0.5237798600213042,0.3301020445037927,89,0.8900000000000001,12.74026479281425,55.16334872577239,2814.4678348522953,152,1.5200000000000002,12.829196083600138,94.21156186873488,4553.430321715156,59.37500000000001
1002,0.1,0.16,0.8125337121484619,0.3336510202124522,144,1.4400000000000004,11.684233320033291,136.98450938123412,3956.6332568796734,200,2.0000000000000004,12.355755657320152,190.25626302949183,5555.960498163566,78.12500000000001
1003,0.1,0.16,0.3026211254480511,0.4730182917881845,172,1.7200000000000004,11.624898091023997,42.984293036907914,11143.340690331333,209,2.0900000000000003,13.056961476664236,52.23091421345206,12750.152690880606,81.64062500000001
1004,0.1,0.16,0.5236215116652794,0.2597515060888792,0,0.0,1.8027418546746725,0.0,2115.5144289183,318,3.1800000000000006,4.397949224352328,250.4070549254696,3772.7369029649694,124.21875000000001
1005,0.1,0.16,0.674441587525419,0.242323223112203,216,2.1600000000000006,20.07706559198038,234.83514380752536,11218.173173063973,263,2.6300000000000003,21.486267311665692,285.9335315804591,12869.912610261135,102.73437500000001
1006,0.1,0.16,0.658944878312601,0.3577273542221191,195,1.9500000000000004,6.600332099102924,140.31095556520376,4339.529207727063,244,2.4400000000000004,8.629556676805612,175.5685802969729,6104.736611694319,95.31250000000001
1007,0.1,0.16,0.992832635554022,0.255173369484048,142,1.4200000000000004,45.80430149981694,215.81870147633063,12654.418133840398,212,2.1200000000000006,44.596022403331524,322.2082022040992,14387.265014600718,82.81250000000001
1008,0.1,0.16,0.5985860125484357,0.3770184841845774,110,1.1000000000000003,14.41541382571401,68.22077379659345,4676.26383309969,156,1.5600000000000003,15.53438442878813,96.74946102062344,6403.761434788941,60.93750000000001
1009,0.1,0.16,0.584120568609918,0.3741694518278352,122,1.2200000000000002,18.772450597850806,74.39676251450082,4435.107490978606,197,1.9700000000000004,18.87352868758293,120.1324771750546,6182.868989984026,76.95312500000001
1010,0.1,0.16,1.990217472646589,0.382519073563162,131,1.3100000000000003,4.454548064518348,266.24335038882896,1692.738435281065,217,2.1700000000000004,6.210218447527893,441.02906133111367,3344.6053082459566,84.76562500000001
1011,0.1,0.16,0.6160514842567281,0.6355384124923911,232,2.3200000000000003,10.787512306502974,87.84624920123832,4694.08299321807,292,2.9200000000000004,11.166465700132344,110.56510675328273,6413.973464549837,114.06250000000001
1012,0.1,0.16,0.7793960788319031,0.0893957777424735,131,1.3100000000000003,19.85782893254432,446.14141437831137,9008.153916970998,177,1.7700000000000002,20.54008593365245,602.8017583584817,10422.369269698918,69.140625
1013,0.1,0.16,0.5438132690287841,0.1944500633494532,42,0.4200000000000001,17.660704121211378,45.88291868524393,2124.8754651086447,84,0.8400000000000002,16.63013858185577,91.76583737048786,3815.8026849893113,32.81250000000001
1014,0.1,0.16,0.9929586736075672,0.225673354430575,292,2.9200000000000004,7.779414026654705,501.87293486261206,6451.326598633608,331,3.3100000000000005,8.586647533703639,568.9039090394677,8231.707115001871,129.296875
1015,0.1,0.16,0.7508746329464249,0.3339491614217873,38,0.38000000000000006,8.48164970611698,33.3757248718497,791.0685975721025,96,0.9600000000000002,7.249367557258029,84.31762072888344,2453.4264732695387,37.50000000000001
1016,0.1,0.16,0.577334186481556,0.2021919929920947,256,2.5600000000000005,89.86696534116815,285.53761102900285,141166.29298688125,314,3.1400000000000006,90.13385065731951,350.2297260277613,142415.94376414688,122.65625000000001
1017,0.1,0.16,1.0483376947315115,0.3308546610902597,321,3.2100000000000004,13.994337495773358,397.3095567711601,11068.673901096066,368,3.6800000000000006,15.35080357079118,455.4826071395231,12907.31200974045,143.75000000000003
1018,0.1,0.16,0.981990156406737,0.3616902482160153,106,1.0600000000000003,21.0525676868756,112.41809839847392,6503.4968190440395,141,1.4100000000000004,20.383620278899862,149.5372818319323,8304.901883802157,55.078125000000014
1019,0.1,0.16,0.7402190053060536,0.3159339568911573,121,1.2100000000000002,10.917283763354265,110.74122663782646,5033.288183407214,159,1.5900000000000003,12.378910614156581,145.5194631025984,6596.3682075893685,62.10937500000001
1020,0.1,0.16,0.5006937028437243,0.4351999614533456,45,0.45000000000000007,7.374357398893583,20.223477194042342,944.524302398319,89,0.8900000000000001,8.297265549484635,39.997543783772635,2665.658773456763,34.765625
1021,0.1,0.16,0.7373948658435618,0.7240126156586553,742,7.420000000000002,29.554179468068735,295.20106214227934,96895.62674918998,772,7.7200000000000015,31.238117299937763,307.1364150590831,98526.21561990061,301.56250000000006
1022,0.1,0.16,0.7810110957996333,0.2860571599689993,202,2.0200000000000005,19.52910199555644,215.434764103155,17084.4719803294,235,2.3500000000000005,20.000783314952,250.62955229822487,18591.392608757335,91.79687500000001
1023,0.1,0.16,0.9087828342676172,0.592164312611118,244,2.4400000000000004,12.726101499161732,146.27420472063417,4569.977972452962,314,3.1400000000000006,10.982284926905916,188.23811591098,6249.288322333416,122.65625000000001
1024,0.1,0.16,0.3885813304962878,0.3648871253475664,89,0.8900000000000001,8.69839836330575,37.02315559960358,2982.1875869601517,126,1.2600000000000002,10.341863583878277,52.414804556742155,4720.8325930036235,49.21875000000001
1025,0.1,0.16,0.5681060776926223,0.442957329265176,243,2.4300000000000006,10.031278821601468,121.74015538457616,7877.5794394483555,292,2.9200000000000004,11.633286771455962,146.28858177899687,9595.73442481258,114.06250000000001
1026,0.1,0.16,0.633179950379616,0.3074025588777656,92,0.9200000000000002,16.202899294103016,74.02314590300998,5946.69918662033,140,1.4000000000000004,16.77906193877754,112.64391767849344,7768.351937084985,54.687500000000014
1027,0.1,0.16,0.3826369925822503,0.7296775844847204,143,1.4300000000000004,4.997904551537192,29.292202079385262,2000.3600823343386,186,1.8600000000000003,6.496005510586234,38.10034676059901,3722.278827742694,72.65625000000001
1028,0.1,0.16,1.076714838675651,0.3316465601954086,178,1.7800000000000002,19.71753468413873,225.73829375029595,31427.648438473152,220,2.2000000000000006,21.348750913448228,279.0023855340737,33208.45844172324,85.93750000000001
1029,0.1,0.16,1.3257603289719753,0.1144386928089025,158,1.5800000000000003,83.5338907059513,715.0052861961193,78758.50906211945,210,2.1000000000000005,82.6442668942122,950.32348165307,80104.66507432295,82.03125000000001
1030,0.1,0.16,0.5602509147539537,0.3140512010547521,160,1.6000000000000003,28.046791310292168,111.49673064303114,14620.249353958185,200,2.0000000000000004,28.44090406556915,139.37091330378894,16449.42486065844,78.12500000000001
1031,0.1,0.16,0.9877076489848556,0.6337416939038673,70,0.7000000000000002,7.657028737624545,42.61614990259179,1260.0389908135012,115,1.1500000000000001,8.518882375326742,70.01224626854365,2871.331903910342,44.921875
1032,0.1,0.16,0.6190635770049303,0.209921431096597,88,0.8800000000000001,8.161750620736125,101.3727390689909,1980.8487634249557,139,1.3900000000000003,9.18061810855479,160.12284921124703,3742.3077749902677,54.296875000000014
1033,0.1,0.16,0.5519344504994068,0.4572885772675044,190,1.9000000000000004,25.345712695024712,89.57994368190795,12552.23627269927,249,2.4900000000000007,24.816235202456546,117.39687356207936,14229.635968378752,97.26562500000001
1034,0.1,0.16,1.0211318716863127,0.3903288283916347,19,0.19000000000000003,9.752063629010934,19.4162269320466,484.23113507039153,61,0.6100000000000001,8.88463574677678,62.33630751867593,2137.0873578132087,23.828125000000004
1035,0.1,0.16,1.0578317525288,0.263213953880853,185,1.8500000000000003,5.963423404632437,290.42864792777203,2472.4708385714393,235,2.3500000000000005,7.724209007695435,368.9228770974401,4167.463051080016,91.79687500000001
1036,0.1,0.16,0.917959407100714,0.1049119262161616,449,4.490000000000001,127.55496203920686,1534.6346210848767,437561.3154770918,505,5.050000000000001,129.01023127859096,1726.0367119106072,440410.79963823163,197.26562500000003
1037,0.1,0.16,0.7095315224495472,0.8516988551834213,134,1.3400000000000003,4.0572912550285185,43.60642309448701,1470.0041183273722,193,1.9300000000000004,6.014565577477187,62.80626609877607,3184.9985369981396,75.39062500000001
1038,0.1,0.16,1.815416177825544,0.1428357931636198,23,0.23000000000000004,25.38139547321898,114.18972346775625,3064.3664167016814,63,0.6300000000000001,24.325916549850252,312.78054688994104,4808.012199427907,24.609375000000004
1039,0.1,0.16,0.4048248079849459,0.3070704826102582,239,2.3900000000000006,19.05739499491043,123.07985690027697,15390.901606755453,287,2.8700000000000006,20.359794349002986,147.79882397648322,16914.4944055658,112.10937500000001
1040,0.1,0.16,1.1729435159145267,0.8673635239198102,296,2.9600000000000004,5.112516637420854,156.3607302907007,3307.3652075419795,404,4.040000000000001,6.3047984733311,213.41126701838883,5027.5256904165135,157.81250000000003
1041,0.1,0.16,0.8934080537840858,0.3055933550932274,312,3.1200000000000006,5.127393311990267,356.3039075954979,5169.532070791756,340,3.400000000000001,7.108363396975962,388.27989930278625,6693.437473651781,132.81250000000003
1042,0.1,0.16,0.3706170275388233,0.4761970353018138,260,2.6000000000000005,12.027095041660974,79.04457413422368,6637.8815275841125,303,3.0300000000000007,11.981125954977669,92.11733062565298,8267.022348349137,118.35937500000003
1043,0.1,0.16,1.0097276678797793,0.2518130139203882,135,1.3500000000000003,10.96956453921279,211.45593969453117,3197.0823245688816,188,1.8800000000000003,11.201761002832434,294.4719752783101,4837.936608557151,73.43750000000001
1044,0.1,0.16,2.206123994962371,0.2800624979028372,18,0.18000000000000005,5.718401334592599,55.38695632487262,263.27393217363596,62,0.6200000000000001,5.999676582788324,190.77729400789457,1978.537635001294,24.218750000000004
1045,0.1,0.16,0.3329898591409528,0.267983000886873,94,0.9400000000000002,20.29391301295455,45.62592160647305,8164.861211554326,137,1.3700000000000003,21.665430533292028,66.49735383071071,9647.41480679284,53.51562500000001
1046,0.1,0.16,1.20589028767644,0.5826544944839968,0,0.0,1.6946450793196717,0.0,84.16373857806742,54,0.5400000000000001,3.6515845181815565,43.65665844249925,1768.3012074635258,21.093750000000004
1047,0.1,0.16,0.9212788253254378,0.3046337279075683,399,3.9900000000000007,58.13576032358425,471.35273858948693,111575.447592448,453,4.530000000000001,57.78183040683505,535.1448385489664,112589.90028754415,176.95312500000003
1048,0.1,0.16,0.5565962902045619,0.5175804663036038,71,0.7100000000000002,13.840065858384305,29.825024785783086,2563.733160382368,126,1.2600000000000002,14.357538043019733,52.9289172254742,4367.587389958928,49.21875000000001
1049,0.1,0.16,0.642747394691823,0.1983671055777975,85,0.8500000000000002,9.624305915677981,107.58448094110612,2372.854417088666,134,1.3400000000000003,9.800028627044487,169.60376995421433,4079.787704387317,52.34375000000001
1050,0.1,0.16,1.7636604287067938,0.1419864524413329,59,0.5900000000000001,12.50661432853724,286.27281507471065,2322.047372416933,99,0.9900000000000002,15.132686312106909,480.3560795321416,3930.9772928832745,38.67187500000001
1051,0.1,0.16,0.3925979027284036,0.4198603953707994,100,1.0000000000000002,17.008412639383074,36.52608282280214,3377.0648261003726,148,1.4800000000000002,17.81257160628485,54.05860257774716,4914.4086618104275,57.81250000000001
1052,0.1,0.16,0.4029895119037351,0.2606518543345781,242,2.4200000000000004,39.05338798720067,146.15319884987392,68390.05890406347,284,2.8400000000000007,39.841396999405816,171.51863005522395,69913.03193464511,110.93750000000003
1053,0.1,0.16,0.308163528732024,0.1629275705549772,155,1.5500000000000003,81.3964352564217,114.51922219266642,116864.96381777694,197,1.9700000000000004,82.35391388013625,145.5502372384212,118698.95877283496,76.95312500000001
1054,0.1,0.16,0.3599491324185639,0.3960318606426088,179,1.7900000000000003,33.67789888705819,63.5512461105798,13481.489254994063,244,2.4400000000000004,33.58482450345702,86.62851425129315,15149.67956999486,95.31250000000001
1055,0.1,0.16,0.8388961576527804,0.3742464589982516,97,0.9700000000000002,17.29208559822274,84.93413620704662,5995.847408048064,139,1.3900000000000003,17.866853875897693,121.7097415750462,7789.778360550602,54.296875000000014
1056,0.1,0.16,1.3627971644515335,0.1622334754243401,100,1.0000000000000002,135.47594756062054,328.13366105329226,236174.6102979994,138,1.3800000000000003,135.58583465798586,452.8244522535433,237695.41217762488,53.90625000000001
1057,0.1,0.16,0.5605080201994358,0.2238356764993573,131,1.3100000000000003,22.720180262659955,128.13974427452527,12935.82684104643,182,1.8200000000000003,22.42491829977981,178.02620960277557,14904.747352383038,71.09375000000001
1058,0.1,0.16,0.4740661283124695,0.2122965200096161,103,1.0300000000000002,10.274543257363533,89.84487536799031,3502.573364173244,150,1.5000000000000002,10.634458778303783,130.84205150678198,5030.915228582978,58.59375000000001
1059,0.1,0.16,0.3957237271018874,0.3667206854253588,139,1.3900000000000003,23.490429847257737,58.59108198399844,7868.592425982975,201,2.0100000000000002,24.538114412765403,84.72523366031427,9323.110702951033,78.515625
1060,0.1,0.16,0.5077470293422653,0.419825614265377,225,2.2500000000000004,38.57929546277061,106.29700102713663,18145.99228765426,317,3.170000000000001,37.20000167977733,149.76066366934361,19853.105255088467,123.82812500000003
1061,0.1,0.16,0.5529275741647821,0.1973904192226767,173,1.7300000000000004,13.879361434665384,189.29899875587145,6649.353872700903,221,2.2100000000000004,13.706718919531585,241.82126430663348,8337.977044735062,86.32812500000001
1062,0.1,0.16,0.7068235850592817,0.2691785204927084,208,2.0800000000000005,19.944534760696325,213.3506647593834,6951.315817970291,272,2.7200000000000006,19.084869740086432,278.99702314688597,8612.945266299432,106.25000000000001
1063,0.1,0.16,0.6662761733042063,0.1936507568869736,54,0.5400000000000001,24.232030917651326,72.5753064773123,4149.397185671361,93,0.9300000000000002,23.019995283942233,124.99080559981562,5602.028014438976,36.32812500000001
1064,0.1,0.16,3.0673422519861497,0.0642040172188997,0,0.0,0.124795284153335,0.0,0.018796211310466226,38,0.38000000000000006,3.154871281551671,709.1590764123794,1688.1148558841246,14.843750000000002
1065,0.1,0.16,0.4565236189748242,0.6117694906045561,128,1.2800000000000002,21.97423212579838,37.31173472901399,6286.958007911968,192,1.9200000000000004,21.644517815859537,55.96760209352099,7858.436518109054,75.00000000000001
1066,0.1,0.16,0.7524460775501485,0.1435200043157642,235,2.3500000000000005,21.269994180130194,481.2722717952457,20143.893420155677,278,2.7800000000000007,20.75698797739663,569.3348576982056,21650.268836336953,108.59375000000003
1067,0.1,0.16,0.5263918667455422,0.5000840910517036,255,2.5500000000000007,43.88747862540412,104.84949589445279,19725.461664956765,342,3.420000000000001,44.30457832967183,140.62167684667784,21253.182372032123,133.59375000000003
1068,0.1,0.16,0.9413356625509184,0.081052341146468,244,2.4400000000000004,37.647029098535214,1106.9520518198403,44598.93844757293,278,2.7800000000000007,39.07423180739341,1261.1994688767033,46640.08162481034,108.59375000000003
1069,0.1,0.16,0.8111848596970205,0.631894062999762,124,1.2400000000000002,3.913822597037224,62.18093972120329,1343.0998896893063,173,1.7300000000000004,5.761113386902175,86.7524400949046,2959.0244470588464,67.57812500000001
1070,0.1,0.16,0.8652307520329963,0.1725323643987704,216,2.1600000000000006,6.69010809694247,423.13130615918436,4062.854363191589,258,2.5800000000000005,7.840340254217671,505.40683791235904,5686.178259923261,100.78125000000001
1071,0.1,0.16,1.084853012288793,0.4937659844338793,40,0.4000000000000001,5.344085811512838,34.32968015495667,566.803742318306,80,0.8000000000000002,6.958949444730179,68.65936030991334,2212.624814497899,31.250000000000004
1072,0.1,0.16,1.1556177493932107,0.5916022424754479,156,1.5600000000000003,5.00746108883428,119.03345110557336,2167.655312491732,226,2.2600000000000002,7.13667961727844,172.44589711448447,3958.9310811597907,88.28125
1073,0.1,0.16,1.014688779710618,1.1427189705487757,338,3.380000000000001,6.7034985136218666,117.23847367461657,6570.614287363174,379,3.790000000000001,9.60253249740372,131.45970864698128,8300.996496282653,148.04687500000003
1074,0.1,0.16,1.0063221417740358,0.29912510689999,267,2.6700000000000004,6.6479184724796605,350.8774496332404,4427.229121774168,336,3.3600000000000008,7.928712377203501,441.5536444822801,6149.284815359464,131.25000000000003
1075,0.1,0.16,0.9672923532580112,0.3199248983862572,70,0.7000000000000002,5.972260603584606,82.67377880812955,1022.581502358053,114,1.1400000000000001,5.719870043404072,134.6401540589538,2585.212307861838,44.53125
1076,0.1,0.16,0.9546628853772112,0.3122111077642593,47,0.4700000000000001,27.372540413844806,56.1383418954342,3424.1721400502906,96,0.9600000000000002,27.59502346005249,114.66554940344008,5044.8468085083605,37.50000000000001
1077,0.1,0.16,0.8345164663243929,0.1774126444274427,52,0.5200000000000001,14.808857931269891,95.54626603374267,1818.211236119675,105,1.0500000000000003,14.610537809919018,192.92996026044193,3609.789055498615,41.01562500000001
1078,0.1,0.16,0.8524652916739417,0.4053951126186128,590,5.900000000000001,12.175056278214297,484.6299426784418,23985.87211661032,631,6.310000000000001,13.395825457991382,518.307616661181,25453.447225293155,246.48437500000003
1079,0.1,0.16,0.8160050695097657,0.3971317879316115,60,0.6000000000000001,26.896004074093646,48.15811626725936,3565.378740543631,137,1.3700000000000003,26.685691937205153,109.96103214357554,5211.267482724437,53.51562500000001
1080,0.1,0.16,0.5262871927792816,0.5699243297458391,317,3.170000000000001,16.64185764296361,114.34703326744192,12554.297564711953,367,3.670000000000001,17.54703072864802,132.38284293107628,14163.387196541684,143.35937500000003
1081,0.1,0.16,1.1284578995704395,0.1593343775860466,96,0.9600000000000002,5.895669100083613,265.58720016989815,1241.8941834657462,156,1.5600000000000003,7.028635933372026,431.57920027608446,2950.584602480997,60.93750000000001
1082,0.1,0.16,0.6531097975984542,0.1386163786549547,91,0.9100000000000001,17.384390103366055,167.48390458458803,4164.485189443698,144,1.4400000000000004,17.45994909823801,265.02947538660084,5812.860705528003,56.250000000000014
1083,0.1,0.16,0.6005147258061082,0.1834311126346039,185,1.8500000000000003,21.615920192002257,236.58239520428756,19134.648558706467,236,2.3600000000000003,22.657919185461942,301.80240685519925,20693.833422068794,92.18750000000001
1084,0.1,0.16,0.6499464707523028,0.2851077356566541,102,1.0200000000000002,32.07902840829876,90.82989149485282,7673.843935940438,182,1.8200000000000003,32.3287874492217,162.0690220790511,9428.932785690238,71.09375000000001
1085,0.1,0.16,1.24647370616215,0.7888362127075851,4,0.04000000000000001,2.1878761462647023,2.4689728165412257,106.588899489321,52,0.5200000000000001,3.766362744160456,32.09664661503594,1761.1431072252467,20.312500000000004
1086,0.1,0.16,1.042689952803826,0.3524157378968546,96,0.9600000000000002,8.634042911240353,110.95098494604565,2325.814348373642,161,1.6100000000000003,9.72533800567104,186.0740476699307,3937.7903661411797,62.89062500000001
1087,0.1,0.16,1.0749855076344526,0.2899167931410875,216,2.1600000000000006,21.169541317660645,312.85494442716544,15171.227690935724,272,2.7200000000000006,22.887881264532762,393.96548557494907,17139.621225379386,106.25000000000001
1088,0.1,0.16,0.8921164704486508,0.1775442000754364,89,0.8900000000000001,22.14826806657184,174.68881920537805,3355.314991594856,139,1.3900000000000003,22.628484489522567,272.8286052758152,5171.963227646038,54.296875000000014
1089,0.1,0.16,0.6724701767041845,0.3040520746359362,232,2.3200000000000003,8.941437570892866,200.4347769597947,7176.743939378807,289,2.8900000000000006,10.283033511330887,249.67952819560634,8621.74206219786,112.89062500000001
1090,0.1,0.16,0.997797749130808,0.1360495242712117,100,1.0000000000000002,28.578120190986265,286.48740070361043,18611.26352977101,141,1.4100000000000004,29.42413001918161,403.9472349920907,20499.986631540487,55.078125000000014
1091,0.1,0.16,0.396938870580601,0.3767930922658597,90,0.9000000000000001,10.273559445360535,37.03592888322616,2059.786838091668,143,1.4300000000000004,9.93576594885143,58.84597589223714,3651.6283181533972,55.859375000000014
1092,0.1,0.16,0.53138293420744,0.22183309075325,104,1.0400000000000003,9.55610742800329,97.31384812281881,2815.845797374671,142,1.4200000000000004,10.490862047585733,132.87083109077184,4401.413232381079,55.468750000000014
1093,0.1,0.16,1.281059318773634,0.2354704575233202,261,2.6100000000000003,8.302365381704844,554.6683105519011,6097.610718715941,335,3.3500000000000005,9.90011804983129,711.9305901719804,7615.4491711702,130.85937500000003
1094,0.1,0.16,0.5508880010416052,0.3323463607387287,93,0.9300000000000002,20.217302912725284,60.216480536618256,5320.694642424687,141,1.4100000000000004,20.453453351186205,91.29595436196962,6877.477462777763,55.078125000000014
1095,0.1,0.16,1.0326354897901306,0.3113399359227476,0,0.0,0.8178560476218938,0.0,458.71806391403646,114,1.1400000000000001,3.8148627186557196,147.6988456955514,2169.0153887528704,44.53125
1096,0.1,0.16,0.6891859234220873,0.3066105791957748,91,0.9100000000000001,8.555320788722899,79.90071945952644,2554.530741429805,129,1.2900000000000003,10.88336485114976,113.26585505801,4238.838256989378,50.39062500000001
1097,0.1,0.16,0.7945514621260537,0.1532072887605036,515,5.150000000000001,125.45951508524769,1043.3015864523045,155202.3151438028,574,5.740000000000001,125.02811794750451,1162.8254575215976,156830.66012204447,224.21875000000003
1098,0.1,0.16,2.0206550971782806,0.1386088980830125,16,0.16000000000000003,14.22654591178266,91.11315746699556,794.8327272884507,51,0.5100000000000001,15.02764229000546,290.42318942604834,2529.039457335499,19.921875000000004
1099,0.1,0.16,0.4701746405788295,0.1322142048409198,111,1.1100000000000003,35.067419512821644,154.1928008482652,38767.193094227856,152,1.5200000000000002,36.153753015081804,211.14689845888566,40029.11090323543,59.37500000000001
1100,0.1,0.16,0.7933841110740161,0.3710669849820154,193,1.9300000000000004,9.985173573042752,161.193871779885,4515.5896110767735,284,2.8400000000000007,11.543832424633655,237.19719992480486,6192.331178530168,110.93750000000003
1101,0.1,0.16,1.1585925605770566,0.5182940466971337,273,2.7300000000000004,17.857396679841163,238.38405161633312,9994.586783617933,348,3.480000000000001,18.525485548080407,303.8741756867543,11747.043689233355,135.93750000000003
1102,0.1,0.16,0.6074696416224106,0.3391470988524738,178,1.7800000000000002,6.686547732552278,124.54219323111909,2720.670811458217,221,2.2100000000000004,7.685714087524884,154.6282286745917,4450.428378111774,86.32812500000001
1103,0.1,0.16,1.0701110075788556,0.161139191176338,157,1.5700000000000003,10.566343272162998,407.27461244889844,5553.915596095693,213,2.1300000000000003,11.229992991833901,552.5445379083782,7277.255388416629,83.20312500000001
1104,0.1,0.16,0.6208216318837834,0.4233538589709129,105,1.0500000000000003,12.808006643228676,60.14681738612144,4492.257098560244,152,1.5200000000000002,13.707956717111404,87.06967850181388,6229.847569736223,59.37500000000001
1105,0.1,0.16,0.8991402211553065,0.4046360609391483,151,1.5100000000000002,6.314158876576565,131.06895084712508,2321.635610146591,198,1.9800000000000004,7.311380623166215,171.86524680616404,3967.541718605261,77.34375000000001
1106,0.1,0.16,1.4612593259335382,0.6173269538991771,0,0.0,1.254937902997473,0.0,16.878493274232046,43,0.4300000000000001,3.1601945932963535,39.75946633345701,1706.4293891457937,16.796875000000004
1107,0.1,0.16,0.6492793934185617,0.2964633143217463,160,1.6000000000000003,6.62428431332197,136.88021461103753,3080.3326331987414,216,2.1600000000000006,7.845686038981289,184.7882897249007,4635.900632206776,84.37500000000001
1108,0.1,0.16,0.9838573177007036,0.1716399451579562,272,2.7200000000000006,214.2258119947162,609.0356176092857,302540.10334107175,323,3.2300000000000004,213.70627044762585,723.2297959110267,303529.0962265368,126.17187500000001
1109,0.1,0.16,0.3891350516093471,0.2674192352594594,159,1.5900000000000003,27.06853970870992,90.37844574867533,27121.18262581262,200,2.0000000000000004,26.912870841260155,113.68357955808219,28641.300321767718,78.12500000000001
1110,0.1,0.16,0.5109150826110446,0.1870333092672828,215,2.1500000000000004,11.850323937917615,229.41840712363359,10938.02693462848,254,2.5400000000000005,13.510156095591066,271.033839113502,12482.952923530607,99.21875000000001
1111,0.1,0.16,0.7813190849706775,0.206706990902701,238,2.3800000000000003,81.77406487177367,351.40687967858435,29221.86859004556,303,3.0300000000000007,82.2361403842932,447.3793468176936,31128.440741011415,118.35937500000003
1112,0.1,0.16,0.7210221705460037,0.526413189352929,117,1.1700000000000002,15.624035851943486,62.599051571525706,5132.902726972223,160,1.6000000000000003,16.704935420718126,85.60554061063344,6934.317836330207,62.50000000000001
1113,0.1,0.16,0.4960790634994982,0.470301954633844,300,3.0000000000000004,13.013540878458317,123.61051167458614,13846.38017173835,346,3.460000000000001,15.477433077704463,142.56412346468935,15420.479444578734,135.15625000000003
1114,0.1,0.16,0.6439814546940342,0.361585848035078,810,8.100000000000001,85.78970193253008,563.5169580240797,341833.4474983717,858,8.580000000000002,87.0132959576019,596.9105555366177,343143.83225041075,335.15625000000006
1115,0.1,0.16,0.3865338962673222,0.2862165541756867,130,1.3000000000000003,18.77180759826952,68.57980131986496,5316.071313754485,190,1.9000000000000004,18.776719503443427,100.23201731364878,6853.829977076157,74.21875000000001
1116,0.1,0.16,0.7380552431848633,0.1058111226038419,51,0.5100000000000001,80.55159285106167,138.95934506690114,21820.80560296475,91,0.9100000000000001,81.81372755849982,247.9470666880001,23678.123524606497,35.54687500000001
1117,0.1,0.16,0.5400761561682401,0.2519041728324065,122,1.2200000000000002,4.8169475898716465,102.17379104123201,1775.3957573528219,164,1.6400000000000003,6.6198530228195,137.3483748423119,3393.581812896448,64.06250000000001
1118,0.1,0.16,0.9097938328166708,0.13559280140769,470,4.700000000000001,45.91923538796022,1231.8682095184781,70274.11434452358,514,5.140000000000001,46.59938211865647,1347.1920418989312,71927.70746774266,200.78125
1119,0.1,0.16,0.545211461279056,0.3722085759128323,100,1.0000000000000002,6.005534072720906,57.21878560691938,1497.0266403972735,143,1.4300000000000004,7.953405772853995,81.82286341789472,3256.6765454297665,55.859375000000014
1120,0.1,0.16,1.0970184082517858,0.3974393230523007,190,1.9000000000000004,12.82597761025083,204.8597868025327,5696.91363762819,271,2.7100000000000004,12.940980070260112,292.19474854466506,7536.326345260371,105.85937500000001
1121,0.1,0.16,0.5425618639272464,0.1020292662829051,147,1.4700000000000002,103.67512436470885,305.3527744070167,119901.12929560315,192,1.9200000000000004,102.7450945949053,398.82811351120546,121767.69945064714,75.00000000000001
1122,0.1,0.16,0.8099600562509035,0.181033265982361,0,0.0,1.5252961366878433,0.0,708.8659578852842,146,1.4600000000000002,4.188973336133482,255.16323868653052,2399.9179124108214,57.03125000000001
1123,0.1,0.16,0.5970551609344421,0.2598169164891935,0,0.0,0.7889314279206168,0.0,295.56834761979644,91,0.9100000000000001,3.725713313215015,81.6861560079528,1980.5189571491921,35.54687500000001
1124,0.1,0.16,1.569225551399977,0.3058161928192301,12,0.12000000000000002,7.2782583684068145,24.05282959145143,188.34636064289066,49,0.4900000000000001,7.096820482511668,98.21572083176001,1888.7330082710303,19.140625000000004
1125,0.1,0.16,0.4705497213349439,0.1479096078503502,344,3.440000000000001,94.86737018515782,427.49162629352065,82311.7022326242,410,4.1000000000000005,93.91854591914083,509.51036854751,84027.78652122068,160.15625
1126,0.1,0.16,0.3209995182567558,0.0789580854513111,213,2.1300000000000003,397.1665122587139,338.25748040618373,1139207.332203391,255,2.5500000000000007,396.24004864100306,404.95613851444534,1138879.1244579188,99.60937500000003
1127,0.1,0.16,0.8495181058104248,0.0743324010734252,96,0.9600000000000002,77.28830199968675,428.5739261459186,42905.44383111646,138,1.3800000000000003,76.13341363422258,616.075018834758,43784.100941470206,53.90625000000001
1128,0.1,0.16,0.6508653237733163,0.3117533175532693,25,0.25000000000000006,9.629389652574307,20.388256738880493,615.1898689391757,75,0.7500000000000001,9.041379229378267,61.16477021664147,2267.8344045033846,29.296875000000004
1129,0.1,0.16,0.7800033263005935,0.4882638331537484,127,1.2700000000000002,26.028416312278466,79.25116481750304,9648.044774081596,208,2.0800000000000005,27.88153691312653,129.79718332315457,11454.988298071688,81.25000000000001
1130,0.1,0.16,0.722759336955256,0.5312715275735369,476,4.760000000000001,2.078013976038156,252.95551754656447,3234.432829166781,436,4.360000000000001,4.918640286835837,231.69875136618091,4894.097616477864,170.31250000000003
1131,0.1,0.16,0.4930688760175513,0.5058898798330588,52,0.5200000000000001,4.743445571022302,19.797710812897794,713.5393892485488,100,1.0000000000000002,6.343395437128141,38.07252079403422,2531.6561281639933,39.06250000000001
1132,0.1,0.16,0.777340905809325,0.3339228641254718,120,1.2000000000000002,5.197511000601524,109.12057506227116,1589.8027662696513,173,1.7300000000000004,6.570879475008656,157.31549571477424,3208.3862712158,67.57812500000001
1133,0.1,0.16,1.412741088319711,0.4476205032261261,221,2.2100000000000004,4.252086186810442,272.46135596136764,2869.3227997699314,253,2.5300000000000007,5.909080737970929,311.91277401912225,4583.790150582446,98.82812500000003
1134,0.1,0.16,0.7977442801899282,0.264817936352997,59,0.5900000000000001,8.524751445846348,69.42699184467148,1017.0883234614693,89,0.8900000000000001,8.65810210415196,104.7288521046739,2709.984062501237,34.765625
1135,0.1,0.16,0.417994880557848,0.2479197837501816,157,1.5700000000000003,7.305494681202047,103.39974445138648,3888.911243346367,191,1.9100000000000004,8.820421764181633,125.79204579754662,5577.787249581519,74.60937500000001
1136,0.1,0.16,0.4489780431809995,0.1008981050859301,246,2.4600000000000004,1260.5498865943086,427.59954510721985,28548473.73420015,285,2.8500000000000005,1262.3389590282418,495.3897168925108,28539498.6566796,111.32812500000001
1137,0.1,0.16,3.165116436770316,0.1436663068186919,21,0.21000000000000005,6.562864440004148,180.72327705304,329.8229956378499,57,0.5700000000000001,8.058610727860417,490.53460914396555,1996.2504086174704,22.265625
1138,0.1,0.16,0.5873494308362706,0.2718204887942832,96,0.9600000000000002,21.142379975241603,81.02996118526362,4494.171570659452,140,1.4000000000000004,21.138750996275398,118.1686933951761,5998.507653443179,54.687500000000014
1139,0.1,0.16,1.5299864158495724,0.4280124791797761,42,0.4200000000000001,8.952825561067643,58.64627985411812,1082.4199221409742,135,1.3500000000000003,8.305622750802828,188.50589953109395,2857.7350395448047,52.73437500000001
1140,0.1,0.16,0.563985859471667,0.3118045209309507,45,0.45000000000000007,8.501591293560523,31.794965340546867,962.586924352515,113,1.1300000000000001,9.570711112016347,79.8406907440399,2705.411774165451,44.140625
1141,0.1,0.16,0.6100042252101069,0.3682499532938863,179,1.7900000000000003,8.873915890472757,115.82523990321728,4451.402143408324,236,2.3600000000000003,9.352906482267846,152.7081375260295,6093.4594265576725,92.18750000000001
1142,0.1,0.16,0.7023191486076791,0.2404232396628079,108,1.0800000000000003,10.834455337959465,123.23720919592083,2464.6671406258533,151,1.5100000000000002,10.304434995738458,172.30387582022263,4065.648101479219,58.98437500000001
1143,0.1,0.16,0.7222191017931865,0.1631793419214215,192,1.9200000000000004,9.576755383168356,331.9441786974032,5780.445066712529,240,2.4000000000000004,10.62182538506162,414.930223371754,7337.363836400582,93.75000000000001
1144,0.1,0.16,0.7199847759306091,0.1368496512592024,174,1.7400000000000004,14.23259060724562,357.5929115547737,10137.75035129393,213,2.1300000000000003,15.792344892887462,437.7430469032575,11542.483590102915,83.20312500000001
1145,0.1,0.16,0.5008298200066246,0.4418983025069107,106,1.0600000000000003,11.984962287143404,46.928183740477245,2761.828514377695,159,1.5900000000000003,12.413939940080324,70.39227561071587,4347.259086822166,62.10937500000001
1146,0.1,0.16,3.75413749809348,0.4520842635921379,0,0.0,0.3842629658168872,0.0,1.109213207609774,40,0.4000000000000001,3.154905477840577,129.7510290263745,1687.8932386205495,15.625000000000002
1147,0.1,0.16,1.147828879739164,0.3286837103028394,53,0.5300000000000001,67.39878613518333,72.29942960651981,12234.733331474661,96,0.9600000000000002,67.30933995591914,130.9574574004887,14201.347446808388,37.50000000000001
1148,0.1,0.16,0.5378788074924811,0.522071286487536,394,3.940000000000001,8.754919784716378,158.56629613284824,18298.516706724975,421,4.210000000000001,10.430229877018341,169.43251439575914,19943.471244640077,164.45312500000003
1149,0.1,0.16,1.201938599102653,0.5317293589486225,490,4.900000000000001,7.967378165550447,432.6610071698547,14092.367846223671,518,5.180000000000001,10.13433502365886,457.38449329384633,15927.76482843327,202.34375
1150,0.1,0.16,0.4536767734823295,0.3582100418619565,101,1.0100000000000002,6.232771560403801,49.96779643797022,1617.4489733443716,156,1.5600000000000003,6.971393979624566,77.17798261706291,3275.031777202566,60.93750000000001
1151,0.1,0.16,0.5981120994734556,0.2396320213825721,113,1.1300000000000001,3.3353438745951665,110.17326373369475,1046.2108000705618,141,1.4100000000000004,5.22155212932497,137.47283350841562,2696.890105544897,55.078125000000014
1152,0.1,0.16,0.5772892417033415,0.182333016578616,124,1.2400000000000002,14.815262542398326,153.35921145663227,5266.850448459557,165,1.6500000000000004,15.18421580615784,204.06669266406715,6794.151763595271,64.45312500000001
1153,0.1,0.16,0.4250663144340373,0.3463760518669899,204,2.0400000000000005,13.83023781329715,97.7910330373231,10955.54496717641,248,2.4800000000000004,14.582698005472873,118.88321663360848,12890.775639385301,96.87500000000001
1154,0.1,0.16,1.4409943625538373,0.2996767094279718,82,0.8200000000000002,21.99217996563782,154.02214861360972,4202.399484819626,142,1.4200000000000004,23.88379224931103,266.72128174551926,5831.027457484666,55.468750000000014
1155,0.1,0.16,0.6315460462929865,0.8886222737366405,89,0.8900000000000001,11.131261352669846,24.708015615374617,2334.7291455310697,188,1.8800000000000003,11.094244127369556,52.19221276056662,3953.0542244607823,73.43750000000001
1156,0.1,0.16,0.5279444394147513,0.1526501136579951,75,0.7500000000000001,23.046545054769457,101.32401396786611,4846.603506170328,128,1.2800000000000002,22.914987348586536,172.92631717182482,6640.62063991187,50.00000000000001
1157,0.1,0.16,0.4024957643711007,0.8259016528680437,218,2.1800000000000006,40.14369726913895,41.50013481109082,13384.53622321631,273,2.7300000000000004,39.914641105688666,51.9703523093018,15065.979713133376,106.64062500000001
1158,0.1,0.16,0.9815350934647292,0.2252305064895985,265,2.6500000000000004,37.884280376908826,451.11215280300905,17726.574718564716,334,3.3400000000000007,37.89081817727511,568.5715435328492,19290.639700728327,130.46875000000003
1159,0.1,0.16,0.6651048391612924,0.2081254902227155,179,1.7900000000000003,8.037546453216784,223.4487345877984,3979.3132783095025,224,2.24,8.796010260614331,279.62299747299915,5668.341470350148,87.5
1160,0.1,0.16,0.6350088920752571,0.3403204090710927,0,0.0,0.23006972050565377,0.0,76.51566250251103,66,0.6600000000000001,3.4275657426895703,48.10561624411796,1765.3260691551845,25.781250000000004
1161,0.1,0.16,1.0163442811225905,0.2937879024523276,90,0.9000000000000001,4.665153749946252,121.62125579358751,1105.23482102676,154,1.5400000000000003,5.3515134858875015,208.10748213569423,2888.266434109456,60.15625000000001
1162,0.1,0.16,0.7545361077885536,0.390820789274838,138,1.3800000000000003,14.813251696772088,104.07381893871896,5979.031190074439,209,2.0900000000000003,15.423016437925137,157.61904462458162,7553.39794216197,81.64062500000001
1163,0.1,0.16,1.179855668000513,0.3022542596412041,275,2.7500000000000004,58.140228579712044,419.3234802925331,147782.82085849106,331,3.3100000000000005,60.00613482756614,504.7129890066488,149678.1002758201,129.296875
1164,0.1,0.16,2.0099997899037554,0.2583402341525961,0,0.0,0.9441969602732263,0.0,220.7847264467334,73,0.7300000000000001,3.60113748761233,221.8640098666114,1936.8438723574834,28.515625000000004
1165,0.1,0.16,0.9843307172479632,0.2509349377651602,126,1.2600000000000002,23.276529241432517,193.06808338856453,11561.93421277562,170,1.7000000000000004,23.872962321203318,260.48868393695216,12829.445309701328,66.40625000000001
1166,0.1,0.16,1.26636203345053,0.1562188635245474,300,3.0000000000000004,4.997672533170197,949.9608270525213,5758.692467218661,332,3.3200000000000007,7.721256179849581,1051.2899819381237,7578.70047131695,129.68750000000003
1167,0.1,0.16,0.3502274244169661,0.6002489127703958,116,1.1600000000000001,4.607981470902709,26.438498814847776,1459.8441900326334,156,1.5600000000000003,6.107935989055237,35.55522254410563,3101.4804444117653,60.93750000000001
1168,0.1,0.16,0.5301873156639644,0.1710906483338999,240,2.4000000000000004,40.53135746503823,290.5188642835256,22725.872141431748,286,2.8600000000000008,41.48384787601985,346.2016466045347,24511.470608181837,111.71875000000003
1169,0.1,0.16,0.95427744417537,0.1558333594872826,97,0.9700000000000002,7.742897451958466,232.0309906824425,1729.7481846246255,139,1.3900000000000003,8.393948995913329,332.49801757587124,3337.6068405973956,54.296875000000014
1170,0.1,0.16,0.8349829333158559,0.1389030967070747,168,1.6800000000000004,21.826980976464945,394.4890812219175,8215.229209528185,227,2.2700000000000005,20.88069067578781,533.0298895081861,9798.852593891377,88.67187500000001
1171,0.1,0.16,0.5514691561351615,0.2295573968164957,71,0.7100000000000002,8.483529484360053,66.62670246871812,2134.351035077135,117,1.1700000000000002,9.480077560049269,109.79329843436648,3891.5206079121435,45.70312500000001
1172,0.1,0.16,0.3464536842862872,0.2949503935106793,78,0.7800000000000001,12.136535793867248,35.78910530497601,2842.924992642037,128,1.2800000000000002,11.887069698934955,58.73083947483243,4498.364529724979,50.00000000000001
1173,0.1,0.16,0.3622792233394608,0.332382616210035,152,1.5200000000000002,43.56920215369187,64.71556524540968,26295.271804797372,205,2.0500000000000003,42.98049651620175,87.28086102176962,27570.521134401064,80.078125
1174,0.1,0.16,0.5973064382423343,0.4236179051723719,291,2.9100000000000006,20.46038944655737,160.2787369361791,15907.494091381377,343,3.4300000000000006,19.800395281399773,188.9196108904104,17579.447529769288,133.98437500000003
1175,0.1,0.16,1.4568248936091888,0.0892425296536275,51,0.5100000000000001,41.97090048438321,325.21134866990917,10388.918121793815,103,1.0300000000000002,41.94219886299875,656.7993904509931,11712.927416182865,40.23437500000001
1176,0.1,0.16,1.0852918370626226,0.8189734918309443,274,2.7400000000000007,31.564836153776817,141.83626587951525,19608.63210659047,363,3.630000000000001,31.763099815764345,187.90716976008775,21318.339571745724,141.79687500000003
1177,0.1,0.16,0.7655821990083586,0.2112131392404461,137,1.3700000000000003,13.615887582880404,193.97756226787362,6447.711656106196,188,1.8800000000000003,14.608389301791421,266.188187637666,8329.08209890685,73.43750000000001
1178,0.1,0.16,0.4107841568803065,1.1469860119445143,73,0.7300000000000001,9.194885319000196,10.212650242945287,1495.6911188504412,139,1.3900000000000003,10.390743981754738,19.446005257115004,3225.4299184355377,54.296875000000014
1179,0.1,0.16,0.434418775107084,0.5328941093236647,103,1.0300000000000002,3.8304794593296574,32.799326543283485,1119.9422872067955,149,1.4900000000000002,5.210631372698451,47.4475694655266,2832.3264332918416,58.20312500000001
1180,0.1,0.16,0.851879689733182,0.1661639354089547,146,1.4600000000000002,37.29240245995373,292.38452637465235,27162.431225249617,176,1.7600000000000002,37.013144535567015,352.4635386434165,28526.072355436463,68.75
1181,0.1,0.16,0.4920630689805614,0.4918050954655106,131,1.3100000000000003,22.669000117006302,51.19871691072278,7298.544417494408,200,2.0000000000000004,21.643966411737058,78.16598001637067,8875.918446514628,78.12500000000001
1182,0.1,0.16,1.216904890355872,0.7054683045610601,0,0.0,0.7752977904801657,0.0,4.467802608004028,39,0.39000000000000007,3.1769069968483534,26.278693626852597,1696.4627057045036,15.234375000000002
1183,0.1,0.16,0.8901249329274586,0.9128842105763614,389,3.8900000000000006,20.0368614400245,148.16475477579607,13829.127604418689,463,4.630000000000001,18.986679439372494,176.35033794651306,15110.73025706791,180.85937500000003
1184,0.1,0.16,0.4942043473811159,0.2354856977327215,135,1.3500000000000003,11.509722510341188,110.67150842853376,5832.486091948251,186,1.8600000000000003,12.272406273974276,152.48074494597984,7316.239238633725,72.65625000000001
1185,0.1,0.16,0.6736771010016287,0.3156467273617704,71,0.7100000000000002,46.344990316838725,59.192799191223195,14034.793234305927,118,1.1800000000000002,45.16366642276516,98.37676485301881,15457.720911055088,46.09375000000001
1186,0.1,0.16,0.464843925486109,0.978084576385966,384,3.8400000000000007,31.984621847878188,71.2889156074385,35888.34679430045,439,4.390000000000001,33.99151069166704,81.49956758246222,37765.004059861305,171.484375
1187,0.1,0.16,0.4960873186128389,0.3171633075710151,186,1.8600000000000003,8.215559578333187,113.64443295475981,3361.8730105905693,256,2.5600000000000005,9.806248796333533,156.41384320655112,5068.180508097799,100.00000000000001
1188,0.1,0.16,1.212983222590675,0.6631058279872832,8,0.08000000000000002,2.2475581000050493,5.716391578251298,252.62230157035938,80,0.8000000000000002,4.5275936131812795,57.16391578251298,1956.3267893959155,31.250000000000004
1189,0.1,0.16,0.4450870906560824,0.3088909190746042,85,0.8500000000000002,18.98287353204331,47.84304553599048,3359.495858381225,136,1.3600000000000003,20.520257444901425,76.54887285758477,5227.990929773984,53.12500000000001
1190,0.1,0.16,1.0945730753758929,0.0948123605614302,81,0.8100000000000002,19.42678025809683,365.2791261391092,3176.9583594040105,132,1.3200000000000003,20.11207636863839,595.2696870415114,4946.328339445057,51.56250000000001
1191,0.1,0.16,0.4716418242334402,0.2323306949013953,171,1.7100000000000004,11.932270318052213,135.60067898675183,7857.78689187867,216,2.1600000000000006,12.96154529429398,171.28506819379177,9341.25193634265,84.37500000000001
1192,0.1,0.16,0.7407523534516176,0.2656109563252962,328,3.2800000000000007,5.91195947625609,357.32296814500654,6255.887812164829,364,3.6400000000000006,7.742283640553565,396.5413426975072,7809.170110424942,142.18750000000003
1193,0.1,0.16,1.0497488588536417,0.2392202570259844,100,1.0000000000000002,13.221170070225035,171.41447513166196,5627.439138939053,144,1.4400000000000004,13.856916802665543,246.83684418959325,7320.542577891743,56.250000000000014
1194,0.1,0.16,1.2377522514949606,0.3443861725711165,252,2.5200000000000005,14.565950983283628,353.7924776331568,6614.5533760265025,295,2.9500000000000006,16.31487085141923,414.16182897532246,8350.58512941487,115.23437500000001
1195,0.1,0.16,0.8004060744621531,0.6905470621180021,80,0.8000000000000002,8.467962167380481,36.221557080012694,1822.5405366021264,133,1.3300000000000003,9.088443600593326,60.21833864552111,3412.4504244053196,51.95312500000001
1196,0.1,0.16,0.5381566845584732,0.4218617008463198,193,1.9300000000000004,13.62765408491116,96.17362447313305,6552.880780386771,265,2.6500000000000004,16.110143271317288,132.05186779989768,8157.573053365017,103.51562500000001
1197,0.1,0.16,0.440942397631682,0.3450239788150149,219,2.1900000000000004,46.09632159044175,109.32934082422749,41540.49938773032,293,2.9300000000000006,47.599910529552126,146.27167516666051,43037.38097111361,114.45312500000001
1198,0.1,0.16,0.8433953790817712,0.1268952264366168,130,1.3000000000000003,31.01164921358759,337.51207824502995,13861.397476637016,186,1.8600000000000003,31.64422853251281,482.90189656596596,15222.17225214497,72.65625000000001
1199,0.1,0.16,0.8568677975513846,0.0963971605814201,127,1.2700000000000002,46.588133957118124,440.97435689764484,15014.53300865474,169,1.6900000000000004,46.80517328635509,586.8083961866298,16987.39466340775,66.01562500000001
1200,0.1,0.16,0.6768795780284044,0.3476773436551801,332,3.3200000000000007,32.166114512891326,252.48357961058306,53590.12233463348,370,3.7000000000000006,32.69341003934303,281.38230257805947,55416.44728174023,144.53125000000003
1201,0.1,0.16,0.5003442599773765,0.723189052853821,192,1.9200000000000004,14.984429838877508,51.88936330026055,9160.570653908737,253,2.5300000000000007,16.96817824639828,68.37504643211417,10650.771654284841,98.82812500000003
1202,0.1,0.16,0.8022298522911762,0.3670115955403101,43,0.4300000000000001,7.622440321946876,36.71533737337559,1036.250542881928,88,0.8800000000000001,7.483919173859107,75.13836485714073,2713.9049833146846,34.375
1203,0.1,0.16,0.4698200875840529,0.4413141762981079,124,1.2400000000000002,9.67769480620425,51.566234928696844,3595.509039051706,175,1.7500000000000004,10.509347789340437,72.7749283267899,5360.248064014315,68.35937500000001
1204,0.1,0.16,1.3394563299039135,0.0817084634031013,166,1.6600000000000004,45.52153254133628,1062.991124477691,13679.490155186664,243,2.4300000000000006,45.67278292580925,1556.0653207715598,15412.941553461184,94.92187500000001
1205,0.1,0.16,1.1276454989652491,0.2082989266780743,149,1.4900000000000002,12.126538418888117,315.0879986693196,5490.894636245149,191,1.9100000000000004,12.29236473504176,403.9047499720809,7045.73341989019,74.60937500000001
1206,0.1,0.16,0.6047879916021487,0.2182641288723698,37,0.37000000000000005,7.475424445159636,40.048158560384245,824.4072229847144,78,0.7800000000000001,7.7701460889634,84.42584777594517,2398.22129207986,30.468750000000004
1207,0.1,0.16,0.4622305498037207,0.5269868519465384,156,1.5600000000000003,9.817733777876407,53.449481755802374,5639.309081305829,201,2.0100000000000002,11.913740349315757,68.86760149305306,7455.346651011849,78.515625
1208,0.1,0.16,0.8116688556761018,0.1890104699102235,105,1.0500000000000003,15.428526072220425,176.13365769844805,4381.408066992428,164,1.6400000000000003,17.5209929130024,275.10399869090935,6083.384960080766,64.06250000000001
1209,0.1,0.16,0.5052489054628624,0.8042789217261496,152,1.5200000000000002,2.953318860637669,37.29944046957372,1378.255989982858,203,2.0300000000000002,5.050327372183578,49.81438431133858,3156.3104252434355,79.296875
1210,0.1,0.16,0.6559578681469702,0.2357620148654312,229,2.2900000000000005,5.170907049574416,248.88437269072597,3770.8069896796524,264,2.6400000000000006,7.1411382715568585,286.9234689535007,5398.24222601984,103.12500000000001
1211,0.1,0.16,0.3138946886256177,0.4825809985998241,407,4.070000000000001,80.83908404112003,103.41134655479084,117142.0968244038,464,4.640000000000001,80.109768625258,117.89401671111288,118536.33877584542,181.25
1212,0.1,0.16,0.7725171917461259,0.3658413397694903,258,2.5800000000000005,17.1493707935647,212.8115108033427,12072.826323139907,328,3.2800000000000007,17.37491639771439,270.5510679980481,13415.118939473403,128.12500000000003
1213,0.1,0.16,0.6233877826769056,0.1412397723197639,71,0.7100000000000002,14.990246803281646,122.4107788565197,2918.955989856703,120,1.2000000000000002,15.575030886357395,206.8914572222868,4585.05449354217,46.87500000000001
1214,0.1,0.16,0.8171536587105047,0.3793462627833904,237,2.3700000000000006,22.855265096942848,199.4234845105236,38399.11024695567,276,2.7600000000000007,23.695632366447725,232.24000727807808,40158.70371886149,107.81250000000001
1215,0.1,0.16,0.4923060272941568,0.2754547950236459,132,1.3200000000000003,11.5949511427825,92.15497421337638,6634.171862564579,172,1.7200000000000004,12.257558121889828,120.08072397500558,8393.135024741296,67.18750000000001
1216,0.1,0.16,0.9818079504215916,0.6740600591276904,37,0.37000000000000005,5.972161814542579,21.05182296634038,584.2780727862603,83,0.8300000000000002,7.000044318372409,47.224359627195994,2270.628221689004,32.42187500000001
1217,0.1,0.16,1.0055034985857558,0.6423885984484946,176,1.7600000000000002,4.947105663987209,107.61144530698466,2226.736298433938,221,2.2100000000000004,6.342673130879406,135.1257353002478,3849.9083611950696,86.32812500000001
1218,0.1,0.16,0.3688761454977474,0.2738591220334299,188,1.8800000000000003,33.02521460519358,98.91706996593688,11459.086056733284,244,2.4400000000000004,32.94156909191045,128.38172910472656,12604.305679786532,95.31250000000001
1219,0.1,0.16,0.9271214854456298,0.1777186457927067,159,1.5900000000000003,18.098544983532555,324.01178702017086,8716.7695705206,214,2.1400000000000006,18.65285835886534,436.0913359894124,10121.170550758114,83.59375000000001
1220,0.1,0.16,0.5579406167333536,0.1779516902045162,50,0.5000000000000001,20.134027262372218,61.237281073584064,2908.430686092967,94,0.9400000000000002,19.790300768272697,115.12608841833804,4498.2126494701,36.71875000000001
1221,0.1,0.16,2.096545351005653,0.3516694462717805,25,0.25000000000000006,9.455404027628227,58.2196602817511,720.5697550710981,65,0.6500000000000001,10.537248701745002,151.37111673255288,2436.9073820585427,25.390625000000004
1222,0.1,0.16,0.7846065508034553,0.4417542735308657,205,2.0500000000000003,15.526831419897686,142.22798785594085,11374.234823157873,257,2.5700000000000003,16.932434745104104,178.30533111696,12828.96286106158,100.390625
1223,0.1,0.16,0.8709665756911806,0.2881082445085006,140,1.4000000000000004,9.316418067127243,165.3232266552029,4615.275159688138,185,1.8500000000000003,10.6101512371966,218.46283522294667,6095.63394581228,72.26562500000001
1224,0.1,0.16,1.683110569796277,0.275910134248898,28,0.28,5.442578153644439,66.72107897472166,472.1371728894999,71,0.7100000000000002,6.007683957930843,169.18559311447282,2122.091747663232,27.734375000000007
1225,0.1,0.16,0.4764286465745092,0.253793669064983,267,2.6700000000000004,27.129822251206154,195.78904068516306,48240.20965703389,314,3.1400000000000006,27.71886555946579,230.25377818404945,49427.404447795496,122.65625000000001
1226,0.1,0.16,0.73510725950062,0.649348645824095,139,1.3900000000000003,37.984544638274414,61.467791204896464,14784.105828717127,213,2.1300000000000003,37.987563469838626,94.19165127081256,16563.638701695585,83.20312500000001
1227,0.1,0.16,0.531224359531835,0.4415948084538901,79,0.7900000000000001,7.743296707077594,37.12283615227205,1308.544269859333,117,1.1700000000000002,6.765090250038599,54.97939025083329,2989.572355446983,45.70312500000001
1228,0.1,0.16,1.0769526874900477,0.1636408088329882,131,1.3100000000000003,18.44376837929354,336.77228008204077,7281.59925299204,194,1.9400000000000004,17.567669845655974,498.73146821309854,8628.770943639853,75.78125000000001
1229,0.1,0.16,1.0161175643783495,0.4070951108405629,9,0.09000000000000002,4.265996116290105,8.775070535461941,107.38277035165603,50,0.5000000000000001,5.526886852912405,48.75039186367744,1808.3466691637036,19.531250000000004
1230,0.1,0.16,0.5613858933861179,0.5690736531356483,123,1.2300000000000002,8.10510590894866,47.39779762718466,2481.643921010598,170,1.7000000000000004,9.198783498329764,65.50915119204384,4141.079982336321,66.40625000000001
1231,0.1,0.16,0.7724859441758909,0.2878296997482269,394,3.940000000000001,38.037447332071814,413.0581901374933,29626.218835736312,450,4.500000000000001,37.550846972668765,471.7669684311472,31003.191452078092,175.78125000000003
1232,0.1,0.16,0.7989632683934927,0.483660297386282,80,0.8000000000000002,6.493776040449616,51.622186630208205,1535.13590936426,127,1.2700000000000002,9.214184694776376,81.95022127545553,3170.445352763999,49.60937500000001
1233,0.1,0.16,1.1057697487338092,0.4967470489669868,245,2.4500000000000006,17.778950263163534,213.03724039098097,10889.022844241947,310,3.1000000000000005,19.719901561614154,269.55732457634326,12437.506057398643,121.09375000000001
1234,0.1,0.16,3.034931548052092,0.2870007288085288,19,0.19000000000000003,8.52290801397856,78.4837121379803,566.8647674975246,56,0.56,8.92467496969498,231.32041472246823,2212.236640104754,21.875
1235,0.1,0.16,0.5319837410389892,0.3481851387662291,74,0.7400000000000001,6.5445051646899115,44.165167614269755,1233.1605680549308,122,1.2200000000000002,7.081774386086637,72.81284390460691,2946.891182245199,47.65625000000001
1236,0.1,0.16,0.9715679212732996,0.1745631843310078,57,0.5700000000000001,17.348749924740332,123.92399393952968,2842.30159817834,106,1.0600000000000003,18.467230111120006,230.45514662438856,4597.419765817702,41.40625000000001
1237,0.1,0.16,0.7909612940731914,0.2631314347818501,185,1.8500000000000003,14.098971734217775,217.2272283408331,5429.0679614311375,254,2.5400000000000005,13.704661960602662,298.24711350579247,6965.902619017004,99.21875000000001
1238,0.1,0.16,0.7865319901171234,0.3752439760270359,129,1.2900000000000003,27.35585570725813,105.62151852276531,13793.091778270176,183,1.8300000000000003,29.290222674057656,149.83517743927172,15605.635322350388,71.48437500000001
1239,0.1,0.16,1.0015636532161911,0.1121446211282047,9,0.09000000000000002,3.880110230175323,31.398048189157425,140.72487158435803,49,0.4900000000000001,4.436159585054999,170.9449290298571,1808.1261544135602,19.140625000000004
1240,0.1,0.16,1.0924451056697149,0.4848744250232991,24,0.24000000000000005,10.57442015379062,21.122320207260774,725.9627283721655,73,0.7300000000000001,12.649630225025714,64.24705729708485,2318.861098231276,28.515625000000004
1241,0.1,0.16,0.3684070736946229,0.4535078273200422,189,1.8900000000000003,22.132150179160135,59.974275743683116,15351.68148545171,237,2.3700000000000006,23.164719589724953,75.20583783731692,16908.645485071618,92.57812500000001
1242,0.1,0.16,0.3606614775536927,0.2407451568844324,86,0.8600000000000002,10.415559403140119,50.326958466647504,2782.930344898292,131,1.3100000000000003,9.976549289742533,76.66083208291654,4357.116780539533,51.17187500000001
1243,0.1,0.16,1.040932538907332,0.0643282389659029,170,1.7000000000000004,66.53933555808622,1074.5580404968703,102350.03183429979,202,2.0200000000000005,66.3196440423686,1276.827789296281,104029.09990137978,78.90625000000001
1244,0.1,0.16,0.4017989893096032,0.85894401867324,181,1.8100000000000003,11.963688706531093,33.073685302461726,4192.926312443182,240,2.4000000000000004,12.428379056904372,43.8546103458056,5822.099390489369,93.75000000000001
1245,0.1,0.16,0.41717468539514,0.1250282226025873,125,1.2500000000000002,42.32184000898559,162.92207680226628,20739.90367247005,161,1.6100000000000003,41.92442968726421,209.84363492131897,22553.07168672733,62.89062500000001
1246,0.1,0.16,0.6347967768884294,0.3052519411973248,153,1.5300000000000002,7.0348090429573364,124.28758346272896,2584.6669211566077,198,1.9800000000000004,8.359748794970331,160.84275506941398,4367.434365413145,77.34375000000001
1247,0.1,0.16,0.5004388799708024,0.3843291059027402,133,1.3300000000000003,11.23544686103816,67.64869817734437,4584.436132560303,185,1.8500000000000003,12.22275426540681,94.09781325420083,6066.8634404870645,72.26562500000001
1248,0.1,0.16,0.8385113628631745,0.4067214369084843,256,2.5600000000000005,7.949610354189131,206.16355243941732,5219.093631313281,314,3.1400000000000006,9.012664864492177,252.8724822889728,6856.5527380251515,122.65625000000001
1249,0.1,0.16,0.373196739869934,0.5263026665268746,102,1.0200000000000002,28.190375354323336,28.252863893543278,7360.289328134098,162,1.6200000000000003,28.997400896157295,44.87219559562756,8685.221427159893,63.28125000000001
1250,0.1,0.16,0.560974984075275,0.4112848494901405,35,0.3500000000000001,5.863701913200085,18.647854084369843,552.3993151166569,87,0.8700000000000002,6.826162234564362,46.35323729543361,2229.0113139095392,33.98437500000001
1251,0.1,0.16,1.4140823428209706,0.5586478945459431,383,3.830000000000001,24.928247098835598,378.7000319403916,39999.43970743152,440,4.400000000000001,25.19235288335391,435.06008891324365,41957.43094328649,171.87500000000003
1252,0.1,0.16,1.3225752574239218,0.1226513552611845,254,2.5400000000000005,11.898423019006964,1069.8965661087834,12348.361217599417,277,2.7700000000000005,14.978659201275695,1166.7769638272953,14088.003639268523,108.20312500000001
1253,0.1,0.16,0.7758924704915517,0.4757727273492063,60,0.6000000000000001,4.980249032047941,38.221988634078194,712.4956829503865,114,1.1400000000000001,5.541919704248992,72.62177840474855,2393.331360921352,44.53125
1254,0.1,0.16,0.4494414881198311,0.2709225887881936,200,2.0000000000000004,33.54133610918621,129.60387104086305,22247.15883429574,242,2.4200000000000004,32.45527104325685,156.8206839594443,23774.644552965998,94.53125000000001
1255,0.1,0.16,0.4187783190993799,0.6711996654759904,103,1.0300000000000002,3.861659838928123,25.1032364871118,1167.1408151867995,155,1.5500000000000003,5.173973227795856,37.776715101964356,2933.3005521394143,60.54687500000001
1256,0.1,0.16,0.8876632371396325,0.5561964887745576,121,1.2100000000000002,4.239207015147921,75.43369751464557,1551.5308702899197,182,1.8200000000000003,6.26870521642228,113.46225576583055,3187.0708112921106,71.09375000000001
1257,0.1,0.16,0.5460637967412484,0.2045910905479206,175,1.7500000000000004,5.779323322807639,182.45457197274897,3763.5687424206726,214,2.1400000000000006,7.692784313955351,223.11587658381873,5407.064385042428,83.59375000000001
1258,0.1,0.16,0.5819404165324299,0.1698986447690136,160,1.6000000000000003,12.277677364942377,214.07631639867165,6481.7188055257875,206,2.0600000000000005,14.12917509659471,275.6232573632897,7964.1575464567395,80.46875000000001
1259,0.1,0.16,0.3263189593422608,0.3019910350463921,158,1.5800000000000003,67.16357892688583,66.69071573204562,64617.34257117941,208,2.0800000000000005,65.70776515301577,87.79537260927526,65606.14213899133,81.25000000000001
1260,0.1,0.16,0.3486471259547299,0.1675887030536817,91,0.9100000000000001,17.207079933635402,73.95078295612943,5719.361638508267,135,1.3500000000000003,16.099771157973546,109.70720548436783,7281.293983919541,52.73437500000001
1261,0.1,0.16,0.3319693104018799,0.5966624443258508,77,0.7700000000000001,4.854953279050019,16.734779454257897,1054.8469202033784,119,1.1900000000000002,6.4270431603523,25.862840974762204,2844.35488627633,46.48437500000001
1262,0.1,0.16,0.8830095019892458,0.2601457283943407,219,2.1900000000000004,12.635620122355888,290.370723965843,5534.599327643383,291,2.9100000000000006,13.890200067396723,385.8350715710517,7273.501205013486,113.67187500000001
1263,0.1,0.16,0.434703118705402,0.204201525686381,149,1.4900000000000002,20.18590393446281,123.90250205455631,8457.566103008092,197,1.9700000000000004,20.976090364388245,163.81740204528586,9808.163647197962,76.95312500000001
1264,0.1,0.16,0.6444812203648966,0.3652028172299037,288,2.880000000000001,11.967469384622321,198.53115548505707,11448.600924304175,335,3.3500000000000005,13.325944029523262,230.93033710935455,13069.960563748005,130.85937500000003
1265,0.1,0.16,0.4561855734817227,0.154103031404101,32,0.32000000000000006,13.687135996790122,37.003293293877306,1125.3363254529468,74,0.7400000000000001,14.057222032038961,85.57011574209126,2851.7560716179696,28.906250000000004
1266,0.1,0.16,0.5859646087944053,0.1591588107024555,239,2.3900000000000006,40.300171714966886,343.7151195571305,116553.27805023434,280,2.8000000000000007,39.94181753745244,402.67880115479727,117116.76000454761,109.37500000000003
1267,0.1,0.16,1.446528869585834,0.2845289972722191,145,1.4500000000000002,2.815203059865222,287.9576424173652,1208.7922141182225,186,1.8600000000000003,5.107144879687244,369.3801482043444,2934.5223130038216,72.65625000000001
1268,0.1,0.16,1.0253780866907385,0.3479614034975295,278,2.7800000000000007,5.803272994311813,320.00575489793647,3804.692635875919,327,3.2700000000000005,7.711328104617297,376.4096469482921,5491.043871291693,127.73437500000001
1269,0.1,0.16,0.7750026553599079,0.8271017712348544,234,2.3400000000000003,30.214583570255225,85.64857304165614,13558.468590467863,308,3.0800000000000005,29.440362036211326,112.73401921722261,15360.052872808288,120.31250000000001
1270,0.1,0.16,1.174306705796096,0.097320900732354,205,2.0500000000000003,78.34954391637847,966.2495770943474,68540.56275283871,242,2.4200000000000004,78.53616330484182,1140.6458422284493,69485.56541807308,94.53125000000001
1271,0.1,0.16,1.1277778513591212,0.7374954748200194,93,0.9300000000000002,3.3142347882589407,55.552957482761556,1238.3333101049548,204,2.0400000000000005,5.018413454751871,121.85810028476729,3002.4441556617103,79.68750000000001
1272,0.1,0.16,0.663258386198264,0.2104802557078005,163,1.6300000000000003,26.459187248642113,200.64069628148263,16998.125883308523,213,2.1300000000000003,27.67531488464779,262.1869221346982,18718.714037338126,83.20312500000001
1273,0.1,0.16,1.0734721773284863,0.1563014905513927,0,0.0,0.09682063598819655,0.0,0.025506488354773545,38,0.38000000000000006,3.1570243423254625,101.94626152320939,1688.8890150349562,14.843750000000002
1274,0.1,0.16,1.2126935306027165,0.7780249219085807,0,0.0,1.080401417553151,0.0,75.96802835397466,60,0.6000000000000001,3.835689776519672,36.53161206427377,1774.4197950831717,23.437500000000004
1275,0.1,0.16,0.8558230965178417,0.6058713689079015,168,1.6800000000000004,19.053329670130605,92.69853898232442,7017.345383412315,244,2.4400000000000004,20.146385658003343,134.6335923314712,8769.341820202051,95.31250000000001
1276,0.1,0.16,0.4681614824917209,0.3573770671689844,55,0.5500000000000002,10.885539116975675,28.14438243081811,1264.6494961765977,98,0.9800000000000002,12.483848476763269,50.14817233127591,2957.210529713238,38.28125000000001
1277,0.1,0.16,0.6160158729901083,0.3129927068338376,210,2.1000000000000005,11.452016146913278,161.44961520795653,5687.835220291447,270,2.7000000000000006,11.528247256238194,207.5780766959441,7401.3275039989985,105.46875000000001
1278,0.1,0.16,0.8263259040661557,0.3312580711407362,200,2.0000000000000004,3.209754125911895,194.88343644837946,1834.2205569878251,228,2.2800000000000002,5.516318541814405,222.16711755115253,3474.3375163901114,89.0625
1279,0.1,0.16,0.3970245699291581,0.1225866484142372,865,8.650000000000002,2075.674473600492,1094.335164629064,49425061.74146241,909,9.090000000000002,2075.665725674209,1150.0007683789815,49408530.432620816,355.07812500000006
1280,0.1,0.16,0.3825642754196572,0.5227835629888737,309,3.0900000000000007,26.89017975540025,88.32852986522855,45671.44529811177,340,3.400000000000001,27.222873752893992,97.18996813649743,47237.56494865833,132.81250000000003
1281,0.1,0.16,1.1698155850127572,0.2383728147033793,129,1.2900000000000003,6.044970267981258,247.29220291703763,1946.563224476914,169,1.6900000000000004,7.1093815087688474,323.9719557595299,3607.37578851754,66.01562500000001
1282,0.1,0.16,0.770445179833511,0.2734178259481932,56,0.56,9.511037812527574,61.64004943866179,869.644398247261,96,0.9600000000000002,9.138641716943503,105.66865618056309,2579.9455140554473,37.50000000000001
1283,0.1,0.16,0.7750880456928243,0.5995585944654575,158,1.5800000000000003,28.882915184436342,79.78780683271496,11213.854469886286,242,2.4200000000000004,30.91670022066501,122.20664084504443,13156.591364579177,94.53125000000001
1284,0.1,0.16,0.6606540254295995,0.3294909000351115,121,1.2100000000000002,9.572288753519029,94.7711315164345,2603.0035666862877,172,1.7200000000000004,11.638331868667388,134.71598860187382,4418.946191487454,67.18750000000001
1285,0.1,0.16,0.8435624380088416,0.582264578592593,65,0.6500000000000001,8.799097851523939,36.7849570711302,1538.0425099478489,129,1.2900000000000003,9.074625356471453,73.00399172578147,3193.74694632371,50.39062500000001
1286,0.1,0.16,0.4447630115179846,0.4454052063002794,100,1.0000000000000002,19.31193022797246,39.00617884944192,4608.673174095176,166,1.6600000000000004,20.161882059542545,64.7502568900736,6255.332850347513,64.84375000000001
1287,0.1,0.16,0.4210948718986328,0.2682258152468268,103,1.0300000000000002,15.15517596223438,63.16502000732381,5826.993766762565,152,1.5200000000000002,16.01994352798028,93.2143984574099,7531.083942725285,59.37500000000001
1288,0.1,0.16,0.9241353048061324,0.4764112854764604,0,0.0,0.3850716417131403,0.0,190.25353184861925,93,0.9300000000000002,3.356120294892564,70.4687397074037,1877.0799947366067,36.32812500000001
1289,0.1,0.16,0.650253520736849,0.3898557804692625,164,1.6400000000000003,5.980340358362958,106.8519905542064,2546.623351204418,241,2.4100000000000006,7.883646633131167,157.02030319246182,4158.12598359265,94.14062500000001
1290,0.1,0.16,0.4932019142599465,0.8047505902762278,325,3.2500000000000004,20.190191392077548,77.80488144754315,21720.712111368157,377,3.770000000000001,20.05878539914987,90.25366247915007,22952.89140561842,147.26562500000003
1291,0.1,0.16,0.7590304289140205,0.3145172345028406,221,2.2100000000000004,6.078251113855513,208.3373073328399,3706.5020138470436,264,2.6400000000000006,7.054033017273201,248.87352550167302,5433.036259857223,103.12500000000001
1292,0.1,0.16,0.6649130950462085,0.0902145880831383,207,2.0700000000000003,25.02685690100296,595.9618997007975,41751.951050853684,246,2.4600000000000004,24.311269767698093,708.2445764560202,42878.16524607996,96.09375000000001
1293,0.1,0.16,0.6305724187158513,0.1872762385442856,151,1.5100000000000002,24.90729391202682,198.60458699568272,12714.846279077785,203,2.0300000000000002,25.88675017844305,266.9982196034675,14571.694694405822,79.296875
1294,0.1,0.16,0.5071831292004323,0.3777699957106253,202,2.0200000000000005,15.794741069540393,105.93726141005433,9971.48837913531,244,2.4400000000000004,16.24588146046245,127.96382071313492,11591.370547152646,95.31250000000001
1295,0.1,0.16,0.4177542967014916,0.240311291124182,176,1.7600000000000002,23.02958432337058,119.51418413954606,9003.47306162151,212,2.1200000000000006,22.404374482976472,143.9602672589987,10873.348754212602,82.81250000000001
1296,0.1,0.16,1.1543179980143523,0.2969457222886764,162,1.6200000000000003,12.098530570412047,245.99339316574918,4833.48974428642,242,2.4200000000000004,12.61940259019133,367.47161201303277,6531.68432930881,94.53125000000001
1297,0.1,0.16,0.5743881320014995,0.5740977143618983,99,0.9900000000000002,30.78484717420302,38.691437862515386,4922.664820462633,178,1.7800000000000002,30.858929128490434,69.56642363159331,6596.165451952556,69.53125
1298,0.1,0.16,0.5655496314687231,0.2000639934864521,125,1.2500000000000002,8.86625385455082,138.02947555842303,4771.868071665427,174,1.7400000000000004,10.413712878048164,192.1370299773249,6214.246620649235,67.96875000000001
1299,0.1,0.16,0.4004560533765107,1.043675049090245,138,1.3800000000000003,15.139229577869887,20.683721572288853,4741.998147541605,194,1.9400000000000004,15.500244213752389,29.07711583350752,6549.788746337968,75.78125000000001
1300,0.1,0.16,0.6123650615855992,0.1953977381739997,215,2.1500000000000004,23.23206651058183,263.20210996150826,21408.171688600203,265,2.6500000000000004,23.328455229634116,324.4119029758125,23231.423607725053,103.51562500000001
1301,0.1,0.16,0.7004012151893984,0.3001858847181448,184,1.8400000000000003,31.704398355898665,167.70054790885752,23239.60938412003,235,2.3500000000000005,31.63001675897267,214.18276499229086,24864.675406533606,91.79687500000001
1302,0.1,0.16,0.8404018974817151,0.5563357499990585,198,1.9800000000000004,3.6873119404208907,116.83562355728786,2298.448550814924,305,3.0500000000000007,5.613031438123828,179.9740665907717,3925.5523738766015,119.14062500000003
1303,0.1,0.16,1.1792277194790994,0.9345927895881404,130,1.3000000000000003,2.7191217354635686,64.07352838254543,1588.9985707666247,240,2.4000000000000004,5.3586360056963365,118.28959086008388,3270.7209925065713,93.75000000000001
1304,0.1,0.16,0.6036660090179881,0.5912851586312436,494,4.940000000000001,27.669949895524645,197.00929995832743,34910.752539281886,565,5.650000000000001,27.955551135345555,225.3244017742004,36594.472056522805,220.70312500000003
1305,0.1,0.16,1.777025713150306,0.1210560669553431,96,0.9600000000000002,18.353621310573264,550.4760390713755,3249.4263711338845,149,1.4900000000000002,17.483712964519984,854.3846856420305,4842.706642074281,58.20312500000001
1306,0.1,0.16,1.1029013097777474,0.3174705261515087,189,1.8900000000000003,18.299856843839336,256.4809298929255,8993.93356456172,224,2.24,18.31794608987336,303.9773983916153,10707.922684823032,87.5
1307,0.1,0.16,2.9609008833166235,0.1254581605637589,0,0.0,1.2050216523018427,0.0,6.510105425773103,38,0.38000000000000006,3.1575698233512806,350.32294662406537,1688.3017511102057,14.843750000000002
1308,0.1,0.16,2.090967877281421,0.3217477165697442,19,0.19000000000000003,4.7065238043035,48.2331386206872,239.9256984994866,56,0.56,5.610596396627889,142.16082961886752,1918.5060858376557,21.875
1309,0.1,0.16,0.4582531712694915,0.1086996370444198,292,2.9200000000000004,232.02804818937574,480.8617928187432,240093.5054305846,381,3.810000000000001,232.7301169644251,627.4258324107574,242100.7538999292,148.82812500000003
1310,0.1,0.16,1.3146805416711524,0.1109276300542011,91,0.9100000000000001,28.502638520953884,421.2907537723679,11032.28490152442,131,1.3100000000000003,29.659809736642714,606.4735026832989,12850.932944693686,51.17187500000001
1311,0.1,0.16,1.566094752941497,0.7621989366766351,5,0.05000000000000001,3.6328097667280805,4.013097719180572,93.43089078876453,49,0.4900000000000001,4.497594920001997,39.32835764796961,1795.00510166216,19.140625000000004
1312,0.1,0.16,0.8978059276582008,0.0707397669806472,104,1.0400000000000003,51.6748989509214,515.5991794699112,19679.467059310868,168,1.6800000000000004,53.822983874657474,832.8909822206258,21805.963547680276,65.62500000000001
1313,0.1,0.16,0.3424799835751058,0.4456634540687746,48,0.4800000000000001,5.720954355333202,14.408854110443329,720.8146820981317,84,0.8400000000000002,6.5694777405794715,25.215494693275826,2233.1567720497706,32.81250000000001
1314,0.1,0.16,0.7868356352784568,0.1802796140652132,86,0.8600000000000002,25.277159884094388,146.62090197882299,8112.345673222038,139,1.3900000000000003,24.70471800993903,236.98029505879532,9791.711350113323,54.296875000000014
1315,0.1,0.16,0.852897897837759,0.5387853795353492,255,2.5500000000000007,33.244825885609075,157.6817593226082,18664.613341626828,344,3.440000000000001,31.33967983784483,212.71578512540086,19878.78825839611,134.37500000000003
1316,0.1,0.16,1.5006039852985338,0.2699637088101559,32,0.32000000000000006,5.86504383967352,69.48174589430602,525.0857780841106,78,0.7800000000000001,5.748099254483561,169.3617556173709,2228.907268494897,30.468750000000004
1317,0.1,0.16,0.6424017207932607,1.4404260560625088,889,8.890000000000002,8.689348156471334,154.87364598371738,37213.99208575976,915,9.150000000000002,11.550536224782142,159.40313394274622,38655.23669750439,357.42187500000006
1318,0.1,0.16,0.54113732609006,0.1771215693641395,145,1.4500000000000002,19.273270728619295,173.04700082888584,7413.985361961533,189,1.8900000000000003,19.218733147906708,225.55781487351328,8921.166695523056,73.82812500000001
1319,0.1,0.16,0.4819043252371411,0.1720686785625579,153,1.5300000000000002,35.55069154409585,167.38266039237297,19744.999460438237,203,2.0300000000000002,35.05469324895636,222.08287620687392,21484.21854011723,79.296875
1320,0.1,0.16,1.0228406039758706,0.5986557760487389,96,0.9600000000000002,19.94159803035955,64.07108088433846,4366.288313698786,185,1.8500000000000003,21.01511115023796,123.47031212086056,6095.8770901728285,72.26562500000001
1321,0.1,0.16,0.95914791534105,0.1687194401469933,340,3.400000000000001,19.286019825176297,755.0216643396286,19757.237043373618,395,3.9500000000000006,19.873847635156515,877.1575218063332,21266.47859745433,154.29687500000003
1322,0.1,0.16,0.7928468635699429,0.3532874103482813,43,0.4300000000000001,11.604364053654951,37.69551156209542,1381.0061661139155,84,0.8400000000000002,11.389347447893616,73.63774351665153,3129.482796344526,32.81250000000001
1323,0.1,0.16,0.6884027523447207,0.2703568866014446,203,2.0300000000000002,12.521340528202757,201.91158319857496,8208.062797671835,235,2.3500000000000005,12.026598038215825,233.74001010672475,9771.422038036617,91.79687500000001
1324,0.1,0.16,0.3806201731472318,0.246439832090262,266,2.6600000000000006,72.1498973905717,160.4806111521544,303218.54927175434,309,3.0900000000000007,73.61955366278286,186.42296558652527,304420.8263439956,120.70312500000003
1325,0.1,0.16,0.9207331222952988,0.2885747633644885,290,2.9000000000000004,18.46230300473078,361.43770090621,15748.012337680988,349,3.4900000000000007,20.460198621143057,434.9715779871287,17328.961790647365,136.32812500000003
1326,0.1,0.16,0.6625649540300221,0.0784483026868441,335,3.3500000000000005,4.058348704121115,1105.2225836851997,4634.5175897446015,355,3.5500000000000007,6.192112607866586,1171.2060215171518,6317.81095022115,138.67187500000003
1327,0.1,0.16,0.8059072266055948,0.3058066670234526,119,1.1900000000000002,18.669481083851743,122.50254090723092,6051.742070097195,172,1.7200000000000004,18.72885135431562,177.06249610120773,7746.0917475460465,67.18750000000001
1328,0.1,0.16,0.720720822572087,0.2755225891557059,416,4.160000000000001,13.050857988667145,425.0727101064582,17595.145609249917,472,4.720000000000001,14.279639399482095,482.294036466943,19001.09477790929,184.37500000000003
1329,0.1,0.16,1.283057977487444,0.0573279879010217,200,2.0000000000000004,8.008245583402761,1748.5160069505969,4965.207026984372,228,2.2800000000000002,9.270226086150263,1993.30824792368,6728.81690578321,89.0625
1330,0.1,0.16,0.6884296302042106,0.4649932931854326,161,1.6100000000000003,3.8662929245175333,93.11052513352264,1782.483096788862,207,2.0700000000000003,6.464543610573406,119.71353231452912,3504.584026905736,80.85937500000001
1331,0.1,0.16,0.622333999135416,0.1907777780679377,160,1.6000000000000003,21.440789282684023,203.88053231290036,11724.021128375203,219,2.1900000000000004,20.14305824696128,279.06147860328235,13234.724785176437,85.54687500000001
1332,0.1,0.16,1.2489329585831968,0.2539282571331064,189,1.8900000000000003,13.052446965082451,363.119802514009,5140.944473707752,277,2.7700000000000005,13.899463709940445,532.1914565946057,6920.065100898799,108.20312500000001
1333,0.1,0.16,0.6625275254086608,0.0891461232623975,103,1.0300000000000002,21.17976348289567,299.0189581957733,6519.786317913274,140,1.4000000000000004,22.2689238203495,406.43353541173076,8148.735582120653,54.687500000000014
1334,0.1,0.16,0.3566209056458495,0.0966869379817802,154,1.5400000000000003,75.08451162981993,221.88081247645633,46897.7724036276,202,2.0200000000000005,75.34049660582771,291.0384683132739,48353.76124314685,78.90625000000001
1335,0.1,0.16,0.3672402881905837,0.3050791148042662,125,1.2500000000000002,17.456436076902545,58.77706413403784,5604.946321264399,172,1.7200000000000004,16.947548555970407,80.87724024843607,6989.48741178791,67.18750000000001
1336,0.1,0.16,0.434854518553936,0.8402561831380505,225,2.2500000000000004,32.97655945208424,45.48569375240196,17806.231794084393,295,2.9500000000000006,33.80823839300555,59.63679847537146,19610.747359731642,115.23437500000001
1337,0.1,0.16,0.3982191638046842,0.2651354756389554,77,0.7700000000000001,6.967418354677863,45.17571915809267,1963.9113151453864,118,1.1800000000000002,8.021100389696691,69.2303228656485,3672.2074634633063,46.09375000000001
1338,0.1,0.16,0.390451982231087,0.064326012040067,85,0.8500000000000002,119.20329884193109,201.53940157896756,129716.6260807208,124,1.2400000000000002,120.09451327272019,294.0104211269644,131495.96551209193,48.43750000000001
1339,0.1,0.16,0.3482999941915894,0.3202028382649209,200,2.0000000000000004,14.69951936997898,84.98031183504023,8766.311286600303,253,2.5300000000000007,14.008148014220152,107.5000944713259,10379.495151989246,98.82812500000003
1340,0.1,0.16,1.273016740928404,0.1903530319894877,198,1.9800000000000004,12.779624466975317,517.2488587500867,4849.455211160015,242,2.4200000000000004,14.064730890758504,632.1930495834393,6598.327106637811,94.53125000000001
1341,0.1,0.16,0.9465231039022068,0.2609031421788086,198,1.9800000000000004,34.26952417131686,280.5931952604229,17290.312074526624,270,2.7000000000000006,35.90838669206576,382.6270844460312,18643.60532679278,105.46875000000001
1342,0.1,0.16,0.5508618041370658,0.3028899993992491,49,0.4900000000000001,18.80225530169207,34.81078688871748,1771.3988725386446,90,0.9000000000000001,19.13132672450659,63.938179999685154,3438.630156785787,35.15625
1343,0.1,0.16,0.8041711644058329,0.7964377063629474,28,0.28,3.752222245749197,11.043703783005615,286.6334830367713,70,0.7000000000000002,4.778550128295257,27.609259457514042,1992.9626295504174,27.343750000000007
1344,0.1,0.16,0.8657611593645754,0.1713932754210283,64,0.6400000000000001,21.646511060932337,126.282836540382,3971.93735088683,130,1.3000000000000003,20.325516960085118,256.5120117226509,5672.865403224605,50.78125000000001
1345,0.1,0.16,1.0697553365205383,0.2328316429567115,160,1.6000000000000003,2.237862609083218,287.15902908851757,1141.2152749724812,184,1.8400000000000003,5.1286110690727424,330.23288345179526,2905.3562632364346,71.87500000000001
1346,0.1,0.16,0.5920177185781926,0.3685732418347089,180,1.8000000000000003,45.79934416215657,112.93887106486412,13969.304977361006,288,2.880000000000001,45.28651135192055,180.70219370378263,15251.393266291865,112.50000000000003
1347,0.1,0.16,0.5011607757887122,0.5889978564875191,389,3.8900000000000006,19.822386685502313,129.29239923326082,22531.2718496165,427,4.2700000000000005,20.97344414505115,141.92250507095721,24017.17713054372,166.796875
1348,0.1,0.16,0.3014464723769554,0.2750610288907265,289,2.8900000000000006,86.98086054021927,123.71974615204041,156863.09653145145,346,3.460000000000001,86.01092024404272,148.1212185764913,157527.79178539861,135.15625000000003
1349,0.1,0.16,0.4425905633942096,0.2791784948785771,246,2.4600000000000004,18.610494369605085,152.34048370974978,14792.990549104035,303,3.0300000000000007,18.42105890235051,187.63888847176497,16209.590909639448,118.35937500000003
1350,0.1,0.16,0.8811848084567873,0.5199477000885439,274,2.7400000000000007,2.1011283728118033,181.3919198297817,2068.5782978886186,300,3.0000000000000004,4.711336023018357,198.6042917844325,3738.77591949157,117.18750000000001
1351,0.1,0.16,0.959894539750864,0.3692245607975449,552,5.520000000000001,4.600518239489741,560.5728386180434,8227.074893969255,555,5.550000000000001,7.588621754449575,563.6194301322719,9917.295271899657,216.79687500000003
1352,0.1,0.16,0.7285762801947431,0.2194763557460556,50,0.5000000000000001,17.915964931736408,64.83616617463049,1647.636041958588,99,0.9900000000000002,19.44670853916117,128.37560902576837,3383.1078207317287,38.67187500000001
1353,0.1,0.16,0.3851788336961849,0.109219281846023,138,1.3800000000000003,39.52718616004755,190.10879904161382,28142.7842818121,179,1.7900000000000003,40.340968926238986,246.59039875687589,29332.792002549686,69.921875
1354,0.1,0.16,0.5695632337378274,0.1850417712167816,269,2.6900000000000004,73.22851955261214,323.43311608271034,61635.622832219924,322,3.2200000000000006,73.50564680871459,387.15785642614395,63124.43834584589,125.78125000000001
1355,0.1,0.16,0.6793871583403237,0.2124286501855805,140,1.4000000000000004,12.40804063048324,174.9010088294505,6695.625849626471,186,1.8600000000000003,13.43253990786802,232.36848315912707,8404.439542458626,72.65625000000001
1356,0.1,0.16,0.540671190676703,0.7400036883686376,145,1.4500000000000002,12.050355489128421,41.38351556994823,3784.595897796871,218,2.1800000000000006,12.835495130587363,62.21797513274976,5487.588698353575,85.15625000000001
1357,0.1,0.16,0.6760957952935442,0.1373649976832565,76,0.7600000000000001,15.130802425877832,146.1186929807202,3257.2604087201107,119,1.1900000000000002,16.703471737232906,228.7911113777066,5004.383554051996,46.48437500000001
1358,0.1,0.16,1.0365073577474435,0.1791435653053198,105,1.0500000000000003,17.057603177446037,237.31244280336728,4009.8303305582294,143,1.4300000000000004,16.2475780100328,323.1969459131574,5730.476973565415,55.859375000000014
1359,0.1,0.16,0.6023995930859504,0.1952536603287414,171,1.7100000000000004,22.974088826141543,206.0827451411931,9788.27757513398,243,2.4300000000000006,23.787123850314437,292.854427305906,11605.090138211111,94.92187500000001
1360,0.1,0.16,0.6302196532465231,0.3560946147574438,179,1.7900000000000003,26.309092691375824,123.74840278576713,13394.918803707735,245,2.4500000000000006,27.076620791900858,169.37630548889916,15072.329014671035,95.70312500000001
1361,0.1,0.16,0.6384961511284952,0.2349396810834449,191,1.9100000000000004,17.634674213833108,202.7660825787994,9823.950391368156,253,2.5300000000000007,17.919593589829702,268.58543922741495,11134.740997474606,98.82812500000003
1362,0.1,0.16,0.5156975923974774,0.3219855261517508,85,0.8500000000000002,12.627165549591771,53.178699760878644,2454.748809196953,135,1.3500000000000003,13.437386465061826,84.46028785551313,4170.656318375462,52.73437500000001
1363,0.1,0.16,0.5220450299619654,0.5221938042165631,213,2.1300000000000003,9.268909167129708,83.17942023214923,4004.2294835607263,273,2.7300000000000004,10.734860881245995,106.61024283275464,5702.02673493888,106.64062500000001
1364,0.1,0.16,1.0071496093483467,0.1041721290120982,64,0.6400000000000001,24.080732279165385,241.7032316847868,3761.7617766557637,101,1.0100000000000002,24.823296364166417,381.4379125025542,5510.757929497311,39.45312500000001
1365,0.1,0.16,0.4701944746767674,0.546931710005608,159,1.5900000000000003,23.93253471572883,53.39512121235009,7708.4365491515155,243,2.4300000000000006,23.462555464357198,81.60386449434637,9390.750992406747,94.92187500000001
1366,0.1,0.16,1.7312755126141883,0.1057663999825085,215,2.1500000000000004,11.971990866846888,1374.728570734688,6886.97589204559,259,2.5900000000000003,13.225399276663213,1656.0683712571356,8600.102260824491,101.171875
1367,0.1,0.16,1.6899820869670306,0.1273789602441488,42,0.4200000000000001,8.62076950923953,217.66756897025675,948.2128019550057,107,1.0700000000000003,9.103257645621886,554.5340447575588,2675.976785264274,41.79687500000001
1368,0.1,0.16,0.6696643002300713,0.2900487182189392,12,0.12000000000000002,3.072226474348012,10.822497084641453,136.94748053852467,57,0.5700000000000001,4.125740643356241,51.406861152046886,1803.0961402002417,22.265625
1369,0.1,0.16,0.6742148073198974,0.452826676411463,379,3.790000000000001,21.888444074441317,220.42737431780685,16182.047939650285,467,4.670000000000001,22.73099950774245,271.6084005446327,17938.528277574493,182.42187500000003
1370,0.1,0.16,0.9159342826862752,0.2243715970532744,34,0.3400000000000001,7.928589626804647,54.21698803097041,578.2099863348355,79,0.7900000000000001,8.543914833344635,125.97476630725478,2307.2594529215567,30.859375000000004
1371,0.1,0.16,0.6626532440801077,0.417995255075374,265,2.6500000000000004,11.26573538970325,164.1046492426348,16917.710716249992,304,3.0400000000000005,12.664921547664516,188.255899508532,18455.495784400246,118.75000000000001
1372,0.1,0.16,0.5799846287812034,0.3432321224100727,18,0.18000000000000005,11.554029267058427,11.881221642319575,540.0915759867423,57,0.5700000000000001,11.275228485281668,37.623868534011976,2248.1405616898783,22.265625
1373,0.1,0.16,0.4254787703484272,0.4981584065906694,106,1.0600000000000003,10.109705226235429,35.365217371942556,2641.713791212489,170,1.7000000000000004,10.815381162269828,56.717801445568256,4114.641631167038,66.40625000000001
1374,0.1,0.16,1.895444933230497,0.1812338157789375,203,2.0300000000000002,5.591240022764332,829.3312111416124,2796.220495967032,279,2.7900000000000005,6.49906294946786,1139.8197433916741,4451.373777180451,108.98437500000001
1375,0.1,0.16,0.5124870096011226,0.1036225416498114,111,1.1100000000000003,21.768439879092462,214.44288161758405,7477.866989476064,156,1.5600000000000003,23.478481481167552,301.37918497606404,9131.418219660112,60.93750000000001
1376,0.1,0.16,0.6791959518113381,0.2145474310332867,90,0.9000000000000001,11.061382192537964,111.29465669138085,4083.146248554556,124,1.2400000000000002,12.176859480005904,153.33930477479143,5573.331536742688,48.43750000000001
1377,0.1,0.16,0.724396118717784,0.6757868535858758,437,4.370000000000001,17.072492175229172,182.98177975325623,11462.959054053295,477,4.770000000000001,17.93445094431174,199.73068407849712,13276.042842136212,186.32812500000006
1378,0.1,0.16,0.5041784253366848,0.711218463430163,92,0.9200000000000002,10.395956134911783,25.475874280809176,3158.7342087863717,148,1.4800000000000002,10.706217454514608,40.982928190866936,4838.058994464744,57.81250000000001
1379,0.1,0.16,0.7394560121316297,0.3423423996808624,49,0.4900000000000001,6.101955670326466,41.343550332653095,726.3240887497833,98,0.9800000000000002,7.410242571197632,82.68710066530619,2461.7365589376946,38.28125000000001
1380,0.1,0.16,0.5693139633661786,0.3207148257949025,113,1.1300000000000001,9.948364373069603,78.35582312705684,2748.8892161047006,174,1.7400000000000004,10.801460274967203,120.65409932838843,4533.067540412174,67.96875000000001
1381,0.1,0.16,1.222664481392204,0.2894806495175531,288,2.880000000000001,7.39874877076853,475.16044469937003,6429.897268902721,322,3.2200000000000006,9.407839865682057,531.2557749763789,8062.703922858011,125.78125000000001
1382,0.1,0.16,1.018738875862208,0.5384393958160437,27,0.2700000000000001,6.652072919420416,19.954913523879778,637.1139370200053,66,0.6600000000000001,6.648461991171798,48.77867750281723,2245.9775959438557,25.781250000000004
1383,0.1,0.16,1.0955902157847035,0.5414118418813957,340,3.400000000000001,29.73175224716249,268.75672875618716,25553.096956836493,421,4.210000000000001,28.711814076537166,332.7840670775141,27086.99923736412,164.45312500000003
1384,0.1,0.16,0.7281944454603608,0.1890727101954317,180,1.8000000000000003,13.34773175371974,270.8014916246159,14945.100527434639,218,2.1800000000000006,14.611451024408193,327.97069541203484,16493.24731426333,85.15625000000001
1385,0.1,0.16,0.5152313427935191,0.1414568299190423,96,0.9600000000000002,27.666632497069614,136.58708007110542,18792.457178568264,139,1.3900000000000003,27.931994823291014,197.76670968628807,20506.12172190453,54.296875000000014
1386,0.1,0.16,1.3600479597618795,0.0932461096441528,75,0.7500000000000001,9.936567147392463,427.3117154507196,1804.2949736371534,116,1.1600000000000001,9.798033173029125,660.9087865637796,3533.4638662784164,45.3125
1387,0.1,0.16,0.6553791780610595,0.485084070816107,262,2.6200000000000006,44.6125900934754,138.27286194296406,30650.429384908144,374,3.7400000000000007,44.115480353412075,197.38187162850596,31944.16394844064,146.09375000000003
1388,0.1,0.16,0.9593040234870396,0.2575940315094412,114,1.1400000000000001,78.071825542673,165.83849806450783,18783.6057301038,177,1.7700000000000002,76.57543159949587,257.4860891001569,20111.438031327732,69.140625
1389,0.1,0.16,0.9225730488947392,0.20575163659691,225,2.2500000000000004,15.693632058417458,394.09417692443253,6872.484640366496,301,3.0100000000000007,16.17680590384654,527.2104322411298,8647.845403715055,117.57812500000001
1390,0.1,0.16,0.968133655460083,0.5183284389671721,260,2.6000000000000005,10.25782295995815,189.69839775450194,6058.563083488931,351,3.5100000000000007,11.771569213145515,256.09283696857767,7855.86422148017,137.10937500000003
1391,0.1,0.16,0.7550101658842044,0.301093766766848,60,0.6000000000000001,8.141719165152514,58.770897029607376,1603.616301801392,97,0.9700000000000002,10.791108095040228,95.01295019786525,3179.7304989698114,37.89062500000001
1392,0.1,0.16,0.5629807006724933,0.5656378407406947,103,1.0300000000000002,5.834189146225073,40.045370017957886,1578.109130493801,146,1.4600000000000002,6.734215637364505,56.76334002545486,3297.781583172805,57.03125000000001
1393,0.1,0.16,1.169719069748366,0.219084722457868,124,1.2400000000000002,16.41047986179215,258.6135025998099,4255.923338812652,187,1.8700000000000003,17.054434910890986,390.0058466626166,5921.6533303053475,73.04687500000001
1394,0.1,0.16,0.3750185971498933,0.4906752319023176,207,2.0700000000000003,20.337762774084556,61.80008161682377,25236.823063270196,248,2.4800000000000004,21.349293742340944,74.04067749261978,27239.13843105675,96.87500000000001
1395,0.1,0.16,1.0554426656460263,0.6923752838000743,299,2.9900000000000007,10.637073566228175,178.0427579860304,8198.935773914967,363,3.630000000000001,9.731745719172428,216.15224464524763,9674.627013571107,141.79687500000003
1396,0.1,0.16,0.8557200628920457,0.3462321700207561,29,0.29000000000000004,6.837742905275267,27.99769829842164,553.5675031457018,73,0.7300000000000001,7.582460354212005,70.4769646822338,2265.9545133827496,28.515625000000004
1397,0.1,0.16,0.6588082832619022,0.1002363813953162,106,1.0600000000000003,54.316021257420466,272.14450580802605,17395.857299271953,156,1.5600000000000003,55.04666015507879,400.51455571747226,19094.495019023754,60.93750000000001
1398,0.1,0.16,0.7412481189875905,0.0610288289946442,161,1.6100000000000003,84.12665031394523,763.8612480553252,95192.33845171411,201,2.0100000000000002,83.12697829157523,953.6404401187599,95948.39307006932,78.515625
1399,0.1,0.16,0.6986703415920053,0.5029113856541183,155,1.5500000000000003,10.871962969398712,84.1148302569396,3995.4182918407782,206,2.0600000000000005,11.55129957506326,111.79132279309391,5591.66280037861,80.46875000000001
1400,0.1,0.16,0.6100827716392845,0.3075298607180658,145,1.4500000000000002,15.35417567811392,112.3645990236401,4419.451105552129,196,1.9600000000000004,15.504164145214874,151.88594074919627,6132.4539730987935,76.56250000000001
1401,0.1,0.16,0.4737659641757007,0.0853466762587624,192,1.9200000000000004,57.55117686209928,416.33076847007857,57988.248984024074,255,2.5500000000000007,58.24567088932101,552.9393018743232,60058.57343877695,99.60937500000003
1402,0.1,0.16,0.642105160214194,0.132610451771169,105,1.0500000000000003,27.22099907562938,198.59931182012699,7152.598619209633,154,1.5400000000000003,27.14041309204713,291.27899066951954,8704.805059520228,60.15625000000001
1403,0.1,0.16,0.7428971748699085,0.4126283148290597,188,1.8800000000000003,13.457074272987017,132.21708089060766,5696.450915848241,257,2.5700000000000003,13.686569995697461,180.7435627068413,7327.727169352004,100.390625
1404,0.1,0.16,1.6731838149206926,0.2915398052223468,158,1.5800000000000003,11.803103235033769,354.2117121824194,4335.572652071774,240,2.4000000000000004,11.571550255968132,538.0431071125358,5757.792162926124,93.75000000000001
1405,0.1,0.16,0.6356747994400781,0.4848716351230882,59,0.5900000000000001,9.200409939125132,30.21483745822018,1578.1908986209562,98,0.9800000000000002,10.59082426845678,50.18735713399285,3219.148009533177,38.28125000000001
1406,0.1,0.16,0.9297692089753524,0.1744799928708964,915,9.150000000000002,13.789216834093367,1904.6301442431393,117729.25861952812,928,9.280000000000001,16.0292452169406,1931.6904632323858,118835.18200481919,362.5
1407,0.1,0.16,0.65171002291512,0.2170614825300791,101,1.0100000000000002,13.07020434382856,118.45490364353373,3161.321958554213,144,1.4400000000000004,13.424017466942205,168.88619925414713,4723.346083525614,56.250000000000014
1408,0.1,0.16,1.3792115668844014,0.5913869253574605,14,0.14,2.564461847430443,12.754024367109587,338.64518410793426,90,0.9000000000000001,3.918492782955591,81.99015664570449,1963.185350325935,35.15625
1409,0.1,0.16,0.5654598563213777,0.2915823051289038,434,4.340000000000001,34.36119472118374,328.76863438130806,42583.812242857646,487,4.870000000000001,36.061250452667,368.91779940944014,44680.09445450093,190.23437500000003
1410,0.1,0.16,1.2158178250048588,0.4930690095863212,103,1.0300000000000002,23.856180254221304,99.21059598527839,4233.214533518626,200,2.0000000000000004,23.507851661970413,192.6419339519969,5932.0057355340105,78.12500000000001
1411,0.1,0.16,0.3947653952699664,0.2482720611902641,174,1.7400000000000004,24.891462953528407,108.07382164194853,8866.924817817488,231,2.3100000000000005,26.377783321510897,143.4773149384489,10686.284073155979,90.23437500000001
1412,0.1,0.16,0.4840168558849579,0.3121086502562982,91,0.9100000000000001,16.19377029892256,55.125952644718225,4292.643781613809,151,1.5100000000000002,18.21490983915578,91.4727346082687,5997.0951733668835,58.98437500000001
1413,0.1,0.16,0.607525857691207,0.4515769772148892,251,2.5100000000000007,10.602737783203741,131.90666228312224,5012.307385065837,296,2.9600000000000004,11.969954835481483,155.55526707491705,6675.346815691539,115.62500000000001
1414,0.1,0.16,0.5090131632527933,0.6424016416932956,109,1.0900000000000003,6.012868180582533,33.73718976572945,1677.458889718022,173,1.7300000000000004,6.939946812590404,53.546181921754076,3418.423199878386,67.57812500000001
1415,0.1,0.16,0.7818610593126522,0.5828871293995181,108,1.0800000000000003,31.21730993335521,56.58859455986435,8304.461992573204,197,1.9700000000000004,30.813193369834135,103.22178822493774,9612.840472953209,76.95312500000001
1416,0.1,0.16,1.4746055925953714,0.2347182933916698,42,0.4200000000000001,6.136285160606112,103.07142086768607,661.1503134288262,83,0.8300000000000002,7.0126586721145525,203.68876028614153,2354.0553897649597,32.42187500000001
1417,0.1,0.16,0.8911101732859974,0.1543990870576409,98,0.9800000000000002,11.006780573574389,220.9392035353775,2156.08503885287,144,1.4400000000000004,10.768855764314539,324.6453602968812,3854.4055777781623,56.250000000000014
1418,0.1,0.16,1.104774850106008,0.4925694424966725,54,0.5400000000000001,5.956682443295398,47.310779930448156,857.6345596278617,104,1.0400000000000003,7.000259812814638,91.11705764382607,2572.938976380723,40.62500000000001
1419,0.1,0.16,0.97182980056277,0.1815064597060973,193,1.9300000000000004,16.009523669970925,403.6597715403038,11494.744166378363,243,2.4300000000000006,17.26012819341342,508.23484188753275,13157.756091261279,94.92187500000001
1420,0.1,0.16,0.7406990737094098,0.3052460316453538,193,1.9300000000000004,7.911243340430737,182.94018697924474,4249.832647368134,248,2.4800000000000004,8.809563313663364,235.0734008852471,5901.446971659068,96.87500000000001
1421,0.1,0.16,0.9085751335190152,0.2334146665815991,150,1.5000000000000002,36.29136479849598,228.07831662548426,17488.965750351857,199,1.9900000000000004,36.438539180906275,302.58390005647584,19025.496346909542,77.73437500000001
1422,0.1,0.16,1.496558187209028,0.4297039590356065,335,3.3500000000000005,11.250236370577245,455.75253592922724,10576.094473831263,394,3.940000000000001,12.144737946135383,536.0194004660165,12262.173884638789,153.90625000000003
1423,0.1,0.16,0.4089145621710315,0.169015036873828,144,1.4400000000000004,32.31853915639367,136.09111087134463,14116.161895306186,206,2.0600000000000005,32.129234158569155,194.68589471872912,15950.161036682652,80.46875000000001
1424,0.1,0.16,1.1910931818096824,0.2149139173220721,177,1.7700000000000002,26.19224919312863,383.19029334961664,8735.764318798392,239,2.3900000000000006,26.65572890549666,517.4151418675616,10560.658132383254,93.35937500000001
1425,0.1,0.16,0.7702809566381419,0.1345292429252926,253,2.5300000000000007,33.5826852731161,565.8652424739222,35892.06441041241,302,3.0200000000000005,33.90607316248834,675.4596965498991,37234.04583997592,117.96875000000001
1426,0.1,0.16,0.9670321819331776,0.2834827603177581,289,2.8900000000000006,12.132420429454951,385.09878798690227,9357.587208070374,342,3.420000000000001,12.381119638339843,455.72244114713004,10953.273177273946,133.59375000000003
1427,0.1,0.16,0.6505633100356777,0.3427613693970917,114,1.1400000000000001,24.932081624726163,84.52060233912721,8323.631825815173,172,1.7200000000000004,24.972619804235002,127.52231230113932,10012.297079780403,67.18750000000001
1428,0.1,0.16,0.576829500950521,0.3407816344634566,378,3.7800000000000007,10.623904461451875,249.93272050539088,18572.59299723347,423,4.23,11.979491579493798,279.68661580365165,20063.992812810502,165.234375
1429,0.1,0.16,1.7236927194119025,0.399794197836698,137,1.3700000000000003,11.23964310209466,230.7299447726259,3998.6939868966147,182,1.8200000000000003,11.400702725554801,306.5171529096198,5694.434893149947,71.09375000000001
1430,0.1,0.16,0.5087920599671135,0.3306859618914367,390,3.900000000000001,23.477280131703267,234.3954667512064,69280.41994238649,426,4.260000000000001,24.79281157115207,256.0319713743947,71071.17901811167,166.40625000000003
1431,0.1,0.16,0.5799601034321217,0.2662237431849845,20,0.20000000000000004,9.542758356806138,17.019287062293113,472.16941137710785,66,0.6600000000000001,9.121284505968193,56.16364730556728,2060.445675778634,25.781250000000004
1432,0.1,0.16,0.7875637957109513,0.3173763611137735,91,0.9100000000000001,19.184606059598284,88.2089381276474,5417.858369661594,153,1.5300000000000002,19.40830855306376,148.30733553329728,6929.802858684774,59.76562500000001
1433,0.1,0.16,1.837046197536898,1.0501451475058747,10,0.10000000000000002,3.5409802989297314,6.83330464000298,99.880129931786,49,0.4900000000000001,4.885863221356402,33.48319273601461,1778.522209981074,19.140625000000004
1434,0.1,0.16,0.4160423910796928,0.2181137072183611,441,4.410000000000001,100.22979859811936,328.58917231683483,99094.08846143239,510,5.100000000000001,102.09096207362857,380.0010836317138,101473.96771812462,199.21875000000006
1435,0.1,0.16,0.6070959057048831,0.3455698774162943,294,2.9400000000000004,9.491796316180796,201.75708294390736,8852.255979405385,331,3.3100000000000005,10.650758936555912,227.14828045725622,10573.815890255484,129.296875
1436,0.1,0.16,1.1068141848603483,0.2578488224010824,46,0.4600000000000001,21.712342553952748,77.13072799407091,3138.5527037217344,90,0.9000000000000001,21.127147044242363,150.9079460753561,4935.055200175617,35.15625
1437,0.1,0.16,1.7736223838286442,0.3393162542606437,15,0.15000000000000002,3.2558570357455983,30.62723499023176,220.24489198309698,74,0.7400000000000001,4.932486620817824,151.09435928514336,1935.8167822181742,28.906250000000004
1438,0.1,0.16,0.5258814987283581,0.3362961831151084,136,1.3600000000000003,7.432640363211237,83.07395689466246,2200.518006320509,177,1.7700000000000002,8.189473569734787,108.11831154672981,3865.8429032569084,69.140625
1439,0.1,0.16,0.8415041718928388,0.4379812266683597,103,1.0300000000000002,10.394875085990146,77.30330058561582,2598.5117779181346,178,1.7800000000000002,11.757937043905672,133.59211169164672,4311.447195207997,69.53125
1440,0.1,0.16,0.4352102759163976,0.8562043556905787,919,9.190000000000001,124.60822260454808,182.4724294557156,338766.408617242,952,9.520000000000001,124.17654679464735,189.0247582609807,338818.6829326998,371.87500000000006
1441,0.1,0.16,0.4607425316854965,0.3463273808617613,0,0.0,1.7892114736392564,0.0,2455.4495119415365,364,3.6400000000000006,4.691476750242459,189.16156314588653,4214.51872937062,142.18750000000003
1442,0.1,0.16,0.5341094164311344,0.7017281000822033,161,1.6100000000000003,10.747695916940975,47.868219918518854,3708.8104508673478,206,2.0600000000000005,11.322489862646863,61.247536044812946,5523.504289360419,80.46875000000001
1443,0.1,0.16,0.5401957796157211,0.3003051179907542,127,1.2700000000000002,4.706376828388459,89.23848911958518,1667.0657982031003,173,1.7300000000000004,6.0565559278781915,121.56109147786015,3407.024832264,67.57812500000001
1444,0.1,0.16,0.527696582436493,0.4977684154370307,105,1.0500000000000003,11.300045847791726,43.481676353438296,3248.783097124716,153,1.5300000000000002,10.568971161054414,63.35901411501008,4856.742996849591,59.76562500000001
1445,0.1,0.16,0.808789289269149,0.3895451257847461,223,2.2300000000000004,11.457016029334383,180.85999498261108,6318.88773252171,292,2.9200000000000004,12.022940945202144,236.82115934942797,8040.863010804487,114.06250000000001
1446,0.1,0.16,0.6806372258413492,0.5000118645331497,174,1.7400000000000004,7.658895290371988,92.52192742885832,3322.9431736860474,216,2.1600000000000006,8.175607766930467,114.85480646341033,5030.339844848808,84.37500000000001
1447,0.1,0.16,0.450350891314908,0.0729291112653114,134,1.3400000000000003,520.5766830931905,323.2324384361064,1657962.4434085062,181,1.8100000000000003,521.4491677410814,436.6050101263825,1658422.3891888012,70.70312500000001
1448,0.1,0.16,0.3270704949803209,0.5729992102163325,266,2.6600000000000006,30.530881973755196,59.310149147008886,31417.311674266348,323,3.2300000000000004,30.776001585133677,72.01946682136793,33027.28404372322,126.17187500000001
1449,0.1,0.16,0.6845274903428298,0.4499852449837693,83,0.8300000000000002,5.54792127971893,49.32087212495035,1118.0786819163886,126,1.2600000000000002,5.3729804967217145,74.87264924992462,2649.3139494168254,49.21875000000001
1450,0.1,0.16,0.3918234596290375,0.2756892259348789,114,1.1400000000000001,20.71542404247794,63.29006285043252,6572.455016520736,175,1.7500000000000004,22.167222372123586,97.1557982353131,8104.731064439353,68.35937500000001
1451,0.1,0.16,0.3361503680799177,0.27333157449744,216,2.1600000000000006,39.90644086111874,103.76659688472509,25366.887834177942,257,2.5700000000000003,38.97953176770018,123.4630342563627,26623.287600128944,100.390625
1452,0.1,0.16,0.3800549095535502,0.2827957021162419,164,1.6400000000000003,21.96276746025366,86.09489982017648,7419.586861616451,218,2.1800000000000006,22.816802723681523,114.4432204926736,8952.091030566145,85.15625000000001
1453,0.1,0.16,0.9156150945123672,0.340858306297537,86,0.8600000000000002,13.080615016197093,90.23968028059494,2924.675720461295,139,1.3900000000000003,12.685249766752039,145.85250650003138,4475.108802789084,54.296875000000014
1454,0.1,0.16,0.5347303690915359,0.4015830613882028,201,2.0100000000000002,8.058078689302087,104.54795824945617,4670.987575230459,253,2.5300000000000007,9.398491586170776,131.59519122941504,6348.393846670129,98.82812500000003
1455,0.1,0.16,0.928824812220148,0.2798398183042129,131,1.3100000000000003,39.93283119002539,169.84611938304832,10855.129233344787,200,2.0000000000000004,38.30237149168394,259.30705249320357,12519.84047308224,78.12500000000001
1456,0.1,0.16,0.7060122127227417,0.4792804337545793,0,0.0,1.014956368913693,0.0,353.74231649367687,86,0.8600000000000002,4.246451452872718,49.48584607419935,2033.8319565458198,33.59375000000001
1457,0.1,0.16,0.6382764419545772,0.5096915732856298,279,2.7900000000000005,21.030371189843798,136.4789271582894,17742.102685343103,341,3.4100000000000006,21.835464568474382,166.8075776379093,19513.11200079802,133.20312500000003
1458,0.1,0.16,0.3361070436435537,0.5661158964567932,120,1.2000000000000002,8.49448904566282,27.830021678244872,2520.2800288318203,179,1.7900000000000003,9.219153814381684,41.51311567004859,4207.631897756848,69.921875
1459,0.1,0.16,0.6827863843310491,0.4106138973758587,84,0.8400000000000002,21.178594807507636,54.56203109305611,5684.265373581248,132,1.3200000000000003,21.95450684755324,85.74033457480245,7403.937453963268,51.56250000000001
1460,0.1,0.16,0.5463660103441008,0.3468040608797853,204,2.0400000000000005,8.169986128361003,125.54219041970087,4233.980189784143,235,2.3500000000000005,9.057210547819333,144.61968014034167,5861.6528507364965,91.79687500000001
1461,0.1,0.16,0.7219853547063418,0.4961160647104253,87,0.8700000000000002,16.329846281862718,49.456614659655756,2917.034228068263,150,1.5000000000000002,15.692632878038784,85.27002527526854,4559.315701829121,58.59375000000001
1462,0.1,0.16,0.5767397029525233,0.5150955043315241,146,1.4600000000000002,3.5616538361186767,63.85648080290978,1576.81901401476,210,2.1000000000000005,5.20562346436785,91.84836279870585,3294.65109802576,82.03125000000001
1463,0.1,0.16,0.3955546391267319,0.7591683555791273,0,0.0,0.460798678794537,0.0,154.42507505346543,74,0.7400000000000001,3.68315595624005,15.06121956115351,1822.9143648759891,28.906250000000004
1464,0.1,0.16,0.5759359076985334,0.2691061739672217,56,0.56,8.957765130383287,46.816458333802416,1213.029944994498,104,1.0400000000000003,9.751005108655429,86.94485119134735,2808.8901814587916,40.62500000000001
1465,0.1,0.16,0.4368233374526517,0.4676553818834793,72,0.7200000000000002,10.964623148962508,26.27074731049908,2271.268036773669,111,1.1100000000000003,11.878514449016722,40.50073543701941,3973.173070601849,43.35937500000001
1466,0.1,0.16,0.8836476190656488,0.6515650616842079,315,3.150000000000001,5.613792103717126,166.87524319699696,4156.411954113139,391,3.9100000000000006,8.424524204212092,207.13720663500257,5930.792078524508,152.73437500000003
1467,0.1,0.16,1.1150271941525884,0.3470460467762529,332,3.3200000000000007,7.5424189940030795,416.6740713081612,9230.017252087768,365,3.650000000000001,9.873611532592395,458.0904699622857,10698.690025224634,142.57812500000003
1468,0.1,0.16,0.6648217878115121,0.4703035817830115,220,2.2000000000000006,25.903360154406297,121.48136778684346,16243.521780122639,292,2.9200000000000004,24.999769945472043,161.23890633526497,17943.72198991922,114.06250000000001
1469,0.1,0.16,1.4158368680902662,0.6461957106227986,0,0.0,1.409499988769114,0.0,13.605140218231739,39,0.39000000000000007,3.155163044091393,33.37903584430209,1693.9543873083771,15.234375000000002
1470,0.1,0.16,1.0745453395393334,0.3279415343628318,518,5.180000000000001,14.337274240918136,663.007002055592,41275.21768389284,554,5.540000000000001,16.88975899362823,709.0847087621582,42861.027216231465,216.40625000000003
1471,0.1,0.16,0.5477299566352435,0.5747560344390845,170,1.7000000000000004,4.880570167421248,63.28370691802472,2709.654861538237,205,2.0500000000000003,6.578541462127478,76.31270540114744,4270.295628528189,80.078125
1472,0.1,0.16,0.6689966245084874,0.1612373009191447,228,2.2800000000000002,15.6789698635345,369.5330517853674,18391.96163130462,268,2.6800000000000006,16.276631757334673,434.3634117477126,19896.465085228512,104.68750000000001
1473,0.1,0.16,0.7896253019046784,0.0881576734304054,106,1.0600000000000003,29.21231021905037,370.8743820559358,7749.538933649288,171,1.7100000000000004,28.55813562191452,598.2973521845757,9273.444214998546,66.79687500000001
1474,0.1,0.16,0.8227900869914557,0.3715199872771765,143,1.4300000000000004,9.633324339879588,123.70946810258421,3672.282279169488,193,1.9300000000000004,10.223654826988216,166.96452687971154,5322.73223988186,75.39062500000001
1475,0.1,0.16,1.0116783598199448,0.5428363001035441,0,0.0,0.9810715712459134,0.0,314.5146508657921,81,0.8100000000000002,4.212484997793486,58.968303331173914,1998.4867866670818,31.640625000000004
1476,0.1,0.16,1.0479204496465933,0.8799355069037824,808,8.080000000000002,13.494588672916924,375.87969723316587,20814.814368146384,862,8.620000000000001,14.930136421450104,401.0003700680556,22204.03320482993,336.71875
1477,0.1,0.16,0.9582201057523764,0.2874547350077014,216,2.1600000000000006,44.56617663989543,281.2610528773884,16553.515036850134,331,3.3100000000000005,42.72758622899487,431.0065208445164,18177.072314136047,129.296875
1478,0.1,0.16,0.8837846141264385,0.2312272602602307,239,2.3900000000000006,6.092335392104479,356.83326921143083,4019.4966379643865,286,2.8600000000000008,7.165918879857219,427.0055020689089,5723.472942878821,111.71875000000003
1479,0.1,0.16,0.6723358196676815,0.2811018463828256,200,2.0000000000000004,25.495374753228,186.85838100118153,11154.11632572793,250,2.5000000000000004,27.226747829102372,233.57297625147692,13038.355106807161,97.65625000000001
1480,0.1,0.16,0.718777543912562,0.2235796549907158,176,1.7600000000000002,56.47750409143297,221.0217031869051,29300.987493649947,249,2.4900000000000007,56.30423529857305,312.695477804201,31140.288106929424,97.26562500000001
1481,0.1,0.16,1.0720217555138143,0.2434037402355955,140,1.4000000000000004,11.581422176300194,240.85985571921057,4103.511947869223,191,1.9100000000000004,12.94546252939897,328.60166030263724,5777.699330029055,74.60937500000001
1482,0.1,0.16,0.4542310976627354,0.2301682095920864,166,1.6600000000000004,14.079033400563949,127.96748860873394,8243.26280571648,212,2.1200000000000006,14.808380706996607,163.42835894609397,9944.10015580285,82.81250000000001
1483,0.1,0.16,0.8469324425493208,0.3355892045561138,106,1.0600000000000003,37.14268618459061,104.49768935712012,13337.2799734952,170,1.7000000000000004,37.28087685010887,167.5906338746266,14920.712099750679,66.40625000000001
1484,0.1,0.16,0.5227025612040188,0.5626698212660713,124,1.2400000000000002,40.43010743936318,44.99691355642704,11454.633899655772,194,1.9400000000000004,39.47252581647801,70.39839701570037,12987.01072216194,75.78125000000001
1485,0.1,0.16,1.9625026032267576,0.2991401596145741,0,0.0,1.147758936710745,0.0,7.295888879773251,39,0.39000000000000007,3.1548877370284636,99.94479054418488,1694.8204878206388,15.234375000000002
1486,0.1,0.16,1.0091819667140352,0.1377405720967816,148,1.4800000000000002,124.97986180645695,423.5740534725019,213793.65331541683,180,1.8000000000000003,124.29044824106005,515.1576326016914,215806.9340875903,70.3125
1487,0.1,0.16,0.7919696112113578,0.1924553959275476,215,2.1500000000000004,14.776022462447367,345.6025355694294,11587.346545751934,263,2.6300000000000003,15.754355322449076,422.76031095237175,13336.58184623377,102.73437500000001
1488,0.1,0.16,0.5786160834961124,0.3561261724887276,247,2.4700000000000006,6.759003846766136,156.7630112410155,3237.9125150627942,293,2.9300000000000006,7.289218757422729,185.95774207942324,4825.413367015155,114.45312500000001
1489,0.1,0.16,1.449417159494851,0.2076436164267291,118,1.1800000000000002,7.377320881032523,321.748741161232,2267.96085891638,166,1.6600000000000004,8.118068062758331,452.6295850234281,4000.4926529548425,64.84375000000001
1490,0.1,0.16,1.0351847469092392,0.3605397512770126,69,0.6900000000000002,28.401670117643913,77.38803774816118,5787.378551032902,137,1.3700000000000003,28.87098862751701,153.65450973185625,7690.364521594757,53.51562500000001
1491,0.1,0.16,0.4988975969985041,0.194264961138774,160,1.6000000000000003,10.556118064545215,160.50810001774926,6359.980489348005,191,1.9100000000000004,11.368001545150033,191.60654439618818,8068.642331723981,74.60937500000001
1492,0.1,0.16,0.6430585968161854,0.4465385796191663,76,0.7600000000000001,29.850831678658725,42.75286159879452,17298.62843588162,115,1.1500000000000001,30.644963037936076,64.6918300508075,18871.313878779543,44.921875
1493,0.1,0.16,0.566303405840901,0.0644512100760004,91,0.9100000000000001,162.79209492347098,312.3341882295656,84575.70456125712,140,1.4000000000000004,163.05604701211152,480.51413573779325,86050.81139086204,54.687500000000014
1494,0.1,0.16,0.664117254231425,0.1589744953856668,94,0.9400000000000002,28.158662625869432,153.3928783334182,13192.611281769752,134,1.3400000000000003,27.73888968937293,218.66644358168125,15181.561995450018,52.34375000000001
1495,0.1,0.16,0.3815869592800155,0.249645295347808,312,3.1200000000000006,159.96104107340196,186.28795146112992,154850.4663476596,384,3.8400000000000007,161.2383498226855,229.27747872139068,156693.00876757115,150.00000000000003
1496,0.1,0.16,0.5970359945647468,0.4777717341242985,212,2.1200000000000006,20.484815958650714,103.48465547153971,14082.934474099226,263,2.6300000000000003,20.963839443026878,128.37954900478746,15400.915053298353,102.73437500000001
1497,0.1,0.16,0.4124790101059312,0.5142337787950015,219,2.1900000000000004,11.080228955850478,68.61916072557858,7467.733625270283,256,2.5600000000000005,11.608599475028107,80.21235226369004,9085.2040730919,100.00000000000001
1498,0.1,0.16,1.7492843508170952,0.0974189884902176,160,1.6000000000000003,28.51638574435404,1122.2686010237824,21494.974798115225,192,1.9200000000000004,28.097896184807098,1346.7223212285392,22441.07387429194,75.00000000000001
1499,0.1,0.16,0.8419400320368972,0.3027702593887472,216,2.1600000000000006,7.8474292877109235,234.62902316274676,4550.2736328521205,257,2.5700000000000003,9.826391149753112,279.1650877445644,6327.760637722269,100.390625
1500,0.1,0.16,0.6109935231895067,0.1919331466649817,69,0.6900000000000002,17.262551198917137,85.80167152400364,5171.863583741822,112,1.12,17.577631494705106,139.272278415774,6728.443730517203,43.75
1501,0.1,0.16,0.5166696712531686,0.1880632273656555,88,0.8800000000000001,27.7987567920724,94.4390894387636,7418.256112248508,132,1.3200000000000003,27.138614989033243,141.65863415814542,9208.424004315075,51.56250000000001
1502,0.1,0.16,0.9543544481553377,0.1374236552389729,129,1.2900000000000003,10.60490718638968,349.9435161322885,4141.703076370752,182,1.8200000000000003,12.044522019564294,493.71875919439157,5670.681242642142,71.09375000000001
1503,0.1,0.16,1.7208666354339757,0.3002443180641705,54,0.5400000000000001,12.616697598467308,120.89997514433303,1799.3158367923365,125,1.2500000000000002,11.272772991119329,279.86105357484496,3431.019411511552,48.82812500000001
1504,0.1,0.16,0.6701740482207975,0.5048127743666738,238,2.3800000000000003,13.449362729898331,123.42247801413895,7145.216537002318,306,3.0600000000000005,13.74114746353913,158.68604316103577,8880.129283792698,119.53125000000001
1505,0.1,0.16,0.5598331156621884,0.1388660688692556,179,1.7900000000000003,64.06378783605773,281.8872994168739,31612.38101823636,229,2.2900000000000005,63.130210179842955,360.62676852773257,32960.38071198446,89.45312500000001
1506,0.1,0.16,0.6497754154585704,0.4516464189060565,99,0.9900000000000002,10.820497341056337,55.6365169584431,2960.223986553364,158,1.5800000000000003,12.506964431476327,88.79363312559606,4730.7840730798725,61.71875000000001
1507,0.1,0.16,0.9248956560898612,0.4278129949783773,137,1.3700000000000003,4.188009952406343,115.69627308290544,1656.0686465314277,187,1.8700000000000003,6.32422473639801,157.92119026644755,3327.384390864125,73.04687500000001
1508,0.1,0.16,0.963645798176297,0.663619805206271,466,4.660000000000001,6.159253530103588,264.3285324264181,7123.820863566162,503,5.030000000000001,7.759353806921123,285.3159910096316,8991.997194160162,196.48437500000003
1509,0.1,0.16,2.2665766737398982,0.311901441891044,166,1.6600000000000004,22.112223462880426,471.21722264805527,6983.9801541952165,243,2.4300000000000006,22.9065618878165,689.7938861655266,8706.001230942047,94.92187500000001
1510,0.1,0.16,1.0433599531903646,0.3549754516083292,120,1.2000000000000002,12.426216491462462,137.77712679625412,4354.379912897491,183,1.8300000000000003,12.626916151117596,210.11011836428756,6108.883267842104,71.48437500000001
1511,0.1,0.16,0.319507057054349,0.3469753579942267,53,0.5300000000000001,17.19464043620357,19.064162304829683,2166.290856067166,100,1.0000000000000002,18.357478286744982,35.97011755628242,3743.8188673594204,39.06250000000001
1512,0.1,0.16,0.4420841582031066,0.2864982710061327,113,1.1300000000000001,14.458105060636717,68.11165378818743,4399.22506728828,152,1.5200000000000002,14.179615576791328,91.61921571508397,6083.980060897121,59.37500000000001
1513,0.1,0.16,0.6457624894847649,0.1848438737961998,208,2.0800000000000005,36.391762475880576,283.851453624512,17172.580606770567,269,2.6900000000000004,35.20686403620894,367.0963510817006,18821.918510857507,105.07812500000001
1514,0.1,0.16,0.6403473941127225,0.3587229178972426,154,1.5400000000000003,41.40758307721966,107.38343162710309,29089.649154401268,193,1.9300000000000004,42.87590888613398,134.57793703916167,30466.61344295718,75.39062500000001
1515,0.1,0.16,0.3497973425228712,0.350449713233523,166,1.6600000000000004,14.545653093954964,64.72304177376546,10635.56400277837,213,2.1300000000000003,15.83003544258864,83.04824034826532,12033.091658303772,83.20312500000001
1516,0.1,0.16,2.0681759122977463,0.165324957160352,67,0.6700000000000002,8.92678906785252,327.4039345564004,1316.7036050462532,113,1.1300000000000001,8.85088003920908,552.1887254458692,2968.8880837804804,44.140625
1517,0.1,0.16,0.472776858165127,0.2277308282871995,154,1.5400000000000003,11.515499982268675,124.88639806872617,4258.3186379327535,201,2.0100000000000002,12.214058902169658,163.0010779987919,5855.909123096464,78.515625
1518,0.1,0.16,0.7049834922638972,0.4220931888071265,107,1.0700000000000003,7.565940067392679,69.8094820873359,2018.6685530867958,170,1.7000000000000004,8.488537346568574,110.9122612602533,3678.2786848217675,66.40625000000001
1519,0.1,0.16,1.1002048119845398,0.1824588704540708,161,1.6100000000000003,68.15865107593882,379.2228247468659,23613.67521048581,244,2.4400000000000004,66.75851932957417,574.722790299598,25048.44305290126,95.31250000000001
1520,0.1,0.16,1.328207182077651,0.2318916456387902,50,0.5000000000000001,8.850747946884148,111.86925882341791,798.0726755360926,100,1.0000000000000002,7.478230273380173,223.73851764683582,2503.073719291021,39.06250000000001
1521,0.1,0.16,1.2707398332632849,0.1155502814238447,71,0.7100000000000002,22.366375667565755,305.0029357686075,3007.57505204976,114,1.1400000000000001,22.795868460782795,489.72302362846824,4588.994955546814,44.53125
1522,0.1,0.16,0.4947103825168756,0.369887734192099,343,3.4300000000000006,13.962963930839917,179.1988630072026,18377.914515786437,396,3.960000000000001,14.796903084556067,206.8884832386362,19687.845207418926,154.68750000000003
1523,0.1,0.16,0.6683131385862537,0.675782318532112,341,3.4100000000000006,17.887035526495097,131.73087856399272,18698.548292736785,420,4.200000000000001,18.323890473470296,162.24917594392065,20134.942218803728,164.06250000000003
1524,0.1,0.16,0.7971228278769055,0.3203568600181038,19,0.19000000000000003,3.983310156400748,18.467361641060467,261.91037118823175,66,0.6600000000000001,5.103542299830259,64.1497825426311,1956.1434924215,25.781250000000004
1525,0.1,0.16,0.7412923860533566,0.6523587900342307,19,0.19000000000000003,6.807010819913539,8.433671028562467,346.9163705273893,62,0.6200000000000001,7.48289653661748,27.520400198466998,2035.4979750452842,24.218750000000004
1526,0.1,0.16,0.4954342762640726,0.1256444902066967,147,1.4700000000000002,49.27040518377623,226.42270294184982,28002.26674797236,197,1.9700000000000004,50.34140705854925,303.43722775200285,29409.40183720438,76.95312500000001
1527,0.1,0.16,0.7573377459056799,0.3036988237577546,355,3.5500000000000007,33.1850381719465,345.8078761503028,25567.663051790983,414,4.140000000000001,33.045018470131005,403.2801710597897,27442.38362844848,161.71875000000003
1528,0.1,0.16,0.6858974495569992,0.2949123212483997,123,1.2300000000000002,12.747536705791374,111.74585341901096,5580.382702358214,170,1.7000000000000004,14.573712222698948,154.44548846529972,7416.977463891744,66.40625000000001
1529,0.1,0.16,0.8186875593127549,0.244064973929298,290,2.9000000000000004,17.060381824104898,379.9887734209006,11169.663839867659,345,3.4500000000000006,17.17138022502648,452.05560975934736,12640.755179214193,134.76562500000003
1530,0.1,0.16,0.5297309888626752,0.1717740147367276,65,0.6500000000000001,35.482373999465125,78.30172048843387,6624.54832372135,127,1.2700000000000002,36.36917753852934,152.9895154158631,8373.40771405642,49.60937500000001
1531,0.1,0.16,0.5685511373222032,0.3019911519091549,212,2.1200000000000006,8.768066714784627,155.90900846544847,5031.71753991827,258,2.5800000000000005,9.946187269709537,189.73832162304575,6655.154969465082,100.78125000000001
1532,0.1,0.16,0.3732100405739422,0.0452745347065687,108,1.0800000000000003,104.58492570596377,347.76279179361376,51169.51349202669,158,1.5800000000000003,106.31231161506707,508.76408429065714,53067.66141765573,61.71875000000001
1533,0.1,0.16,0.5724701489049766,0.3230765947398819,354,3.5400000000000005,26.002899568149125,245.0251397567248,29036.86469446584,397,3.9700000000000006,27.723388307329504,274.7880804616377,30798.803646413362,155.07812500000003
1534,0.1,0.16,0.5445624404970456,0.4569766832672435,115,1.1500000000000001,20.818069043661016,53.53175944733532,4906.005231906804,170,1.7000000000000004,22.12393089885957,79.13390526997397,6556.658092580932,66.40625000000001
1535,0.1,0.16,1.9807821775307983,0.6133902132485596,418,4.180000000000001,16.797607791392235,527.2738021235623,12050.835764517004,524,5.240000000000001,16.87342713427704,660.9843835233173,13875.555914129589,204.68750000000003
1536,0.1,0.16,0.8335835532198481,0.5611150247222972,25,0.25000000000000006,11.624725005280503,14.50765712599016,869.5499738294262,63,0.6300000000000001,10.133362789267215,36.5592959574952,2485.223679583243,24.609375000000004
1537,0.1,0.16,0.5043690444247314,0.451411664142059,123,1.2300000000000002,5.371042519440844,53.683496365566434,1768.6249693964662,165,1.6500000000000004,7.253923325430858,72.01444634405253,3499.809495745184,64.45312500000001
1538,0.1,0.16,0.992167434027369,0.3972730886581371,95,0.9500000000000002,15.557378982651061,92.67859923880415,2726.017772127231,171,1.7100000000000004,15.167738452548152,166.8214786298475,4393.841976850562,66.79687500000001
1539,0.1,0.16,0.6064066948450929,0.8928778144312681,161,1.6100000000000003,5.9258133355365645,42.7127826748437,2436.9805198004387,217,2.1700000000000004,7.475609135006886,57.569402735658905,4111.367145289858,84.76562500000001
1540,0.1,0.16,0.5698861803800008,0.2399852617681119,0,0.0,0.650202670031181,0.0,155.65593688751437,65,0.6500000000000001,3.2037021734143765,60.29439554789207,1851.914192451246,25.390625000000004
1541,0.1,0.16,0.6134398124217922,0.2881061443668283,247,2.4700000000000006,16.494154753082128,205.43594108938598,11707.005110974897,310,3.1000000000000005,16.628004703741233,257.8345819340472,13339.797773093447,121.09375000000001
1542,0.1,0.16,0.6952193956639606,0.2411136895404731,185,1.8500000000000003,19.35060191285105,208.3683603180279,19844.718366180423,214,2.1400000000000006,19.66101223375986,241.03150869220525,21209.153298729885,83.59375000000001
1543,0.1,0.16,0.3394229052082271,0.2991119588858729,190,1.9000000000000004,21.685493687135654,84.22111853954668,29184.706288113597,228,2.2800000000000002,22.590366729682923,101.06534224745599,30771.227344089617,89.0625
1544,0.1,0.16,0.3740664375170778,0.0769569109404316,102,1.0200000000000002,398.3921298787838,193.66954101572054,818412.9241140854,144,1.4400000000000004,396.7192179069151,273.415822610429,816778.2669875143,56.250000000000014
1545,0.1,0.16,0.9517207498254602,0.2977196807248043,446,4.460000000000001,3.100389439994054,556.9252223433554,3861.290129055843,414,4.140000000000001,5.707285835387789,516.9664619958501,5575.30839302337,161.71875000000003
1546,0.1,0.16,1.0445218624085602,0.4817532054369274,192,1.9200000000000004,6.349919964551879,162.61259665017096,4065.764201353788,232,2.3200000000000003,7.752450910157158,196.49022095228986,5655.77691224484,90.625
1547,0.1,0.16,0.3070112248703063,0.174260685427903,129,1.2900000000000003,41.11344687528145,88.7778414577102,20902.4094884765,174,1.7400000000000004,41.411091274096655,119.74685591970213,22818.732015484566,67.96875000000001
1548,0.1,0.16,0.635983416193437,0.5567442119298227,130,1.3000000000000003,51.75340085847561,58.008744700957706,13327.818566989337,210,2.1000000000000005,51.22827752928556,93.70643374770091,15048.920689644503,82.03125000000001
1549,0.1,0.16,1.3019679799315458,0.2305298683258263,182,1.8200000000000003,8.372230420006465,401.51754193705335,3866.013271703052,238,2.3800000000000003,9.370618087167571,525.0614009946082,5556.6149685203145,92.96875000000001
1550,0.1,0.16,0.5538395715947554,0.6843024073703441,144,1.4400000000000004,32.389479642578614,45.52588967489157,13866.409781604152,214,2.1400000000000006,33.72706795014793,67.65653048907498,15604.143747026617,83.59375000000001
1551,0.1,0.16,0.6208292363687851,0.344922775284167,272,2.7200000000000006,24.748468063814446,191.24021691475508,23009.40156433757,332,3.3200000000000007,24.488604631450674,233.42555888124522,24850.59493028115,129.68750000000003
1552,0.1,0.16,0.5872715711710329,0.1772422388265215,37,0.37000000000000005,15.03521700768635,47.88875091669884,1558.9754171625284,79,0.7900000000000001,15.503353583743545,102.24895465997861,3221.0262893856457,30.859375000000004
1553,0.1,0.16,0.4145684550109925,0.2652394867687036,164,1.6400000000000003,15.038709816631044,100.12947910844548,8393.065669615042,220,2.2000000000000006,15.885763939154746,134.3200329503537,9897.703721742497,85.93750000000001
1554,0.1,0.16,0.5389429135408048,0.3827646342865837,366,3.6600000000000006,37.10297798937932,201.30385037766197,53611.544294739346,433,4.330000000000001,36.18249780721952,238.1545552282176,54623.02707805883,169.14062500000003
1555,0.1,0.16,0.8440523779997186,0.2182847873533955,154,1.5400000000000003,14.298771145458685,232.6090905356706,6026.959955003376,202,2.0200000000000005,14.393979364001432,305.11062524808744,7670.687629012424,78.90625000000001
1556,0.1,0.16,0.3989819585917604,0.3930672227505868,93,0.9300000000000002,23.51567722357963,36.87477771114829,5920.7358414790815,149,1.4900000000000002,25.156417890766445,59.078944935065536,7360.447477435552,58.20312500000001
1557,0.1,0.16,0.3920163266934396,0.4101019745961705,155,1.5500000000000003,28.889564607127948,57.87673554519992,9840.336518243694,219,2.1900000000000004,30.656791532254598,81.77422635095989,11620.54258610688,85.54687500000001
1558,0.1,0.16,0.9694916895158204,0.3952527593815233,347,3.4700000000000006,65.39289613494897,332.4747664202715,74093.69668969132,419,4.19,64.05187166126846,401.4608851011347,76081.02835200669,163.671875
1559,0.1,0.16,0.930741183466804,0.4528700726224197,208,2.0800000000000005,6.745774543369572,166.98546830169602,4240.111567308957,262,2.6200000000000006,8.323928642508939,210.33746488002095,5957.914344437964,102.34375000000001
1560,0.1,0.16,0.661060293256797,0.3147797578611301,132,1.3200000000000003,8.233614036298334,108.28498504052833,2620.604739025438,180,1.8000000000000003,9.147417691756736,147.66134323708405,4371.452738068181,70.3125
1561,0.1,0.16,1.1628575897034572,0.2788571633499401,280,2.8000000000000007,4.787477021399056,456.1028569103207,3529.023553992026,319,3.190000000000001,6.562258778432919,519.6314691228297,5218.944219836678,124.60937500000003
1562,0.1,0.16,0.4944359030142833,0.2963770285897601,223,2.2300000000000004,17.468125001437443,145.32166239088517,12460.158912693933,267,2.6700000000000004,18.052854750329665,173.99499488056654,14070.215730590462,104.29687500000001
1563,0.1,0.16,0.5139634867491957,0.2893692022581262,140,1.4000000000000004,16.516585674685633,97.1332745926569,11484.09254613873,183,1.8300000000000003,17.996315595435068,126.96706607468724,13336.208593819718,71.48437500000001
1564,0.1,0.16,0.9852225986694184,0.4574990048460493,171,1.7100000000000004,8.910751258836026,143.8468500989235,5354.661944074676,227,2.2700000000000005,10.211020313300635,190.9545904821967,7097.067218371592,88.67187500000001
1565,0.1,0.16,0.634178915386726,0.2155654969295065,141,1.4100000000000004,22.712227575870752,162.03606825565882,10377.007370153777,203,2.0300000000000002,23.822297940383887,233.2859706092109,12222.364040426024,79.296875
1566,0.1,0.16,0.3509453002463447,0.5266183465744355,104,1.0400000000000003,15.68477805612682,27.073027203188335,4873.005553169518,155,1.5500000000000003,15.398944052729268,40.34922323552107,6487.383045317023,60.54687500000001
1567,0.1,0.16,0.6485645626725765,0.6822775163999724,182,1.8200000000000003,22.449818496540644,67.58083883636732,6713.876994321972,250,2.5000000000000004,23.48343485432283,92.83082257742763,8435.800530070395,97.65625000000001
1568,0.1,0.16,1.198714595462156,0.246284130157392,109,1.0900000000000003,12.391567169652186,207.23633249245407,3559.3223354076267,159,1.5900000000000003,12.222082543488312,302.2988703330293,5033.470640862257,62.10937500000001
1569,0.1,0.16,0.6521352847492714,0.8293665458903311,184,1.8400000000000003,10.790507983218166,56.515691190601636,3843.6704038658313,237,2.3700000000000006,11.555925027904504,72.79466745745971,5573.111774804936,92.57812500000001
1570,0.1,0.16,0.8334278734482364,0.1868966132826271,100,1.0000000000000002,12.648045381996036,174.19136566878578,2156.372512574949,140,1.4000000000000004,9.831514725118076,243.8679119363001,3713.537612350983,54.687500000000014
1571,0.1,0.16,0.4653382240957175,0.365329876912661,273,2.7300000000000004,5.714627672814736,135.83328982923817,5111.177026629586,306,3.0600000000000005,7.9297969192000375,152.2526984899153,6712.9943508623255,119.53125000000001
1572,0.1,0.16,0.688204316497356,0.2753408279601923,165,1.6500000000000004,8.192199033640833,161.09822566218406,4878.741434466483,212,2.1200000000000006,9.726198078537744,206.98681115383647,6610.46968435231,82.81250000000001
1573,0.1,0.16,2.0652553147040047,0.2760667140894811,0,0.0,0.5378853459848059,0.0,282.8422827122003,97,0.9700000000000002,3.7627327655137894,283.4597967263165,1949.7783128050137,37.89062500000001
1574,0.1,0.16,1.2675744090294434,0.154946643172034,217,2.1700000000000004,6.047113570718634,693.4434642516946,3955.157091881092,263,2.6300000000000003,8.10990562892731,840.4406963050492,5597.623062350166,102.73437500000001
1575,0.1,0.16,1.4825439093245925,0.4534164466121408,565,5.650000000000001,9.685772107392845,721.6369767406072,11682.83504151562,615,6.150000000000001,9.960276541138446,785.498656098183,13291.186152685794,240.23437500000003
1576,0.1,0.16,0.4284938643370282,0.3687655389630468,186,1.8600000000000003,5.173368501762912,84.42425888894394,2767.0931370658072,230,2.3000000000000003,6.619661371725768,104.3955889486941,4564.299148219738,89.84375
1577,0.1,0.16,1.5951120503917056,0.2164708518682049,413,4.130000000000001,32.527579975503755,1188.7810023091465,73146.45135312594,455,4.550000000000001,33.248997308697724,1309.6739855948224,74532.35558657264,177.73437500000003
1578,0.1,0.16,0.5472847368062579,0.3352923919420406,350,3.500000000000001,16.90732613102158,223.16070065545912,51747.38829150147,386,3.8600000000000008,18.856918139691548,246.11437272287776,53489.562533777076,150.78125000000003
1579,0.1,0.16,0.5599186258438456,0.5753219724031438,182,1.8200000000000003,20.388936878591103,69.19032596619178,7995.229845006476,265,2.6500000000000004,20.44946477284919,100.74415593978472,9632.38519276809,103.51562500000001
1580,0.1,0.16,2.112830583020949,0.1447819085419612,51,0.5100000000000001,18.073487727827,290.7238010260195,1790.0036355690393,113,1.1300000000000001,19.666048150992946,644.1527356066705,3657.322031205921,44.140625
1581,0.1,0.16,0.9453527289265772,0.0988202558432458,248,2.4800000000000004,28.761666047902043,926.7436603284365,34726.016082161485,292,2.9200000000000004,28.826752147551773,1091.1659226447719,36341.81700602207,114.06250000000001
1582,0.1,0.16,0.553869185376811,0.2504672967747652,67,0.6700000000000002,46.12831908394167,57.875001138648415,9029.20551634764,119,1.1900000000000002,46.68321526712929,102.79291247013674,10892.142514321038,46.48437500000001
1583,0.1,0.16,0.5154502912431554,0.2286546361733808,250,2.5000000000000004,11.412334534837779,220.1439837241947,12921.273732468737,291,2.9100000000000006,12.636645561316422,256.2475970549626,14420.004879936523,113.67187500000001
1584,0.1,0.16,0.6185795186600858,0.2573301878991422,246,2.4600000000000004,23.108951798348038,230.99359661813224,15026.00093630403,310,3.1000000000000005,24.214157248308265,291.0894916732561,16534.670479184446,121.09375000000001
1585,0.1,0.16,0.9054903992996598,1.0731183457888864,82,0.8200000000000002,4.721382531357505,27.027763961341467,1128.2667198516394,123,1.2300000000000002,5.560477174675267,40.541645942012195,2685.347197290213,48.04687500000001
1586,0.1,0.16,0.8301565237042633,0.5336133823543902,58,0.5800000000000001,20.897514547108283,35.246930384672304,5419.1775958750695,101,1.0100000000000002,21.58541729231912,61.37827532503282,7240.146100547151,39.45312500000001
1587,0.1,0.16,1.5704186344344482,0.0346065205543818,168,1.6800000000000004,65.44522372098137,2978.014583200033,46375.39721697151,206,2.0600000000000005,64.97324403016472,3651.613119876231,47833.59281860859,80.46875000000001
1588,0.1,0.16,1.4106726069656137,0.5028153929568148,56,0.56,4.655101906222535,61.37135757898951,758.221356343869,90,0.9000000000000001,6.083351226964846,98.63253896623314,2347.3592528219847,35.15625
1589,0.1,0.16,0.925017604599243,0.4647738306270016,82,0.8200000000000002,13.315969895021373,63.75029787573877,3203.4905758937034,128,1.2800000000000002,12.792848684295139,99.51266009871416,4859.37140910721,50.00000000000001
1590,0.1,0.16,0.3717325102054397,0.0904318891646204,102,1.0200000000000002,43.10677026552535,163.7831227492765,20791.46320942986,153,1.5300000000000002,43.27590038586012,245.6746841239147,21950.406267443068,59.76562500000001
1591,0.1,0.16,0.5683869107742022,0.0709607115927568,534,5.340000000000001,151.0622336614591,1670.811277228064,464400.79105129006,612,6.120000000000001,149.473489753707,1914.862362665871,464847.43408875307,239.06250000000003
1592,0.1,0.16,0.4601213879909508,0.1823086460534985,217,2.1700000000000004,415.4024003086039,213.93651849882733,2368318.4255326358,258,2.5800000000000005,415.62015409176024,254.35770402164724,2367866.6092498875,100.78125000000001
1593,0.1,0.16,0.4576935515150537,0.2967537022920192,46,0.4600000000000001,12.060251184589742,27.7138277981555,1033.7223415796611,95,0.9500000000000002,9.917673431598066,57.23507914836462,2638.188730100911,37.10937500000001
1594,0.1,0.16,0.5279857303619367,0.2383091823093331,206,2.0600000000000005,7.50740833457825,178.2824787880537,6128.659072905013,237,2.3700000000000006,9.22252374533,205.11139549887733,7718.240518956547,92.57812500000001
1595,0.1,0.16,0.3306490209964672,0.7089646164507644,151,1.5100000000000002,16.09106643756747,27.509307792362776,5576.888869636544,209,2.0900000000000003,16.210305581898606,38.075796878171,7346.102212939509,81.64062500000001
1596,0.1,0.16,0.5376702974680778,0.1946921343649253,78,0.7800000000000001,30.031352866517533,84.14383010088268,4936.596768216999,142,1.4200000000000004,31.267608116771786,153.18492146570952,6671.939769789218,55.468750000000014
1597,0.1,0.16,1.158150684735253,0.4717251681008011,347,3.4700000000000006,6.871374205381163,332.7863695019735,7247.002621883313,390,3.900000000000001,8.804462386776997,374.0250262414111,9068.933018438642,152.34375000000003
1598,0.1,0.16,0.3752071852340899,0.2796682874292623,73,0.7300000000000001,13.149574668041009,38.2569918448371,2895.297410475405,116,1.1600000000000001,13.318941025197097,60.791932246590456,4409.1359612473625,45.3125
1599,0.1,0.16,0.4285246909116639,0.3505705572407056,371,3.710000000000001,4.5375244523395954,177.1472258809044,6249.548273950019,400,4.000000000000001,6.581166005071966,190.99431361822576,7949.83721146266,156.25000000000003
1600,0.1,0.16,1.429644166589099,0.1183390929516896,27,0.2700000000000001,16.370785228795462,127.41586861452386,1185.36177339628,66,0.6600000000000001,17.026174122373465,311.4610121688361,2832.0626075783953,25.781250000000004
1601,0.1,0.16,1.2267105658601285,0.5292915333037632,91,0.9100000000000001,17.774536064564767,82.38508345982498,3408.507430165124,204,2.0400000000000005,18.940241269558886,184.68743984400325,5089.337785553101,79.68750000000001
1602,0.1,0.16,0.4717023746203125,0.3059235455521776,134,1.3400000000000003,17.280906063850342,80.7086330245241,5395.598238957997,185,1.8500000000000003,18.25575913036862,111.42609783236537,7155.864501445818,72.26562500000001
1603,0.1,0.16,0.6216262542955197,0.4278794879941466,164,1.6400000000000003,33.92834786097997,93.07043930171179,12282.576990624586,259,2.5900000000000003,33.78829326435269,146.9831937752643,13833.793862122235,101.171875
1604,0.1,0.16,0.698788462286232,0.4589906901211326,105,1.0500000000000003,6.792110931826204,62.444067255252456,1743.9666267187527,154,1.5400000000000003,7.6214070883859915,91.58463197437027,3495.4003695072925,60.15625000000001
1605,0.1,0.16,0.3404355949671182,0.6023888573139947,76,0.7600000000000001,12.827675629744888,16.777670441400982,2389.8386771919245,145,1.4500000000000002,12.64892985300788,32.0100291316203,4258.0914173669535,56.64062500000001
1606,0.1,0.16,0.703155863908829,0.3315763221404432,214,2.1400000000000006,11.870363769722244,177.27271693945605,7831.7171303376335,270,2.7000000000000006,12.274833510072435,223.66183912922025,9420.332772348678,105.46875000000001
1607,0.1,0.16,0.5053709435190656,0.2971193096488915,159,1.5900000000000003,5.771179301682901,105.64198429991396,3011.085925918075,202,2.0200000000000005,7.116643570933505,134.21182911058253,4671.769067849786,78.90625000000001
1608,0.1,0.16,0.6858755337623376,0.1959999533737877,253,2.5300000000000007,41.30723817560668,345.83576076590634,51061.4526046325,307,3.0700000000000007,40.94602520440529,419.6505081230563,52527.30535857356,119.92187500000003
1609,0.1,0.16,0.7840036770410665,0.3618861114506527,107,1.0700000000000003,18.034087718393092,90.55032136344985,4244.795049253705,169,1.6900000000000004,21.3337784609903,143.0187318731124,5983.749290650565,66.01562500000001
1610,0.1,0.16,0.725289098929112,0.5372809970771858,191,1.9100000000000004,46.30864559671046,100.71706734426027,19503.675522032827,342,3.420000000000001,48.40284555410288,180.34155513998437,21340.65069365569,133.59375000000003
1611,0.1,0.16,0.4209840272414425,0.2355488350678421,156,1.5600000000000003,24.525929989178007,108.91038434826773,11982.581711284389,203,2.0300000000000002,24.93888310055935,141.72312835063042,13281.416055078838,79.296875
1612,0.1,0.16,1.416747008855423,0.3282961293322752,365,3.650000000000001,7.591135760864366,615.2894112178802,9023.576553327359,422,4.220000000000001,8.958956961291582,711.3757028327273,10779.859344820597,164.84375000000003
1613,0.1,0.16,1.0739377255978728,0.3829649205778622,96,0.9600000000000002,21.46349731546057,105.16019234647429,4210.405551865139,198,1.9800000000000004,21.75683155915629,216.89289671460324,5875.309950565356,77.34375000000001
1614,0.1,0.16,1.22939391591455,0.3885729750593461,105,1.0500000000000003,5.752280373911658,129.76805663011302,1798.9836417393199,142,1.4200000000000004,7.340736215764122,175.49584801405763,3449.608368163797,55.468750000000014
1615,0.1,0.16,0.753600038116321,0.1199431540373159,440,4.400000000000001,86.24079552557471,1079.8866145453017,91523.34806946665,499,4.990000000000001,86.1112191668306,1224.6895924047853,93116.25081114662,194.92187500000003
1616,0.1,0.16,0.435913217661602,0.1786000933243254,105,1.0500000000000003,143.9165200210712,100.1077476240965,235838.81050081426,143,1.4300000000000004,143.64041938265873,136.33721819281715,237801.13805533166,55.859375000000014
1617,0.1,0.16,0.4748568759313221,0.1894003522252415,135,1.3500000000000003,18.985299997438727,132.2134846766856,6112.322584140159,184,1.8400000000000003,20.066655957742487,180.2020828185937,7963.331748966402,71.87500000000001
1618,0.1,0.16,2.336336599933121,0.0935827442352655,4,0.04000000000000001,4.114840907566758,39.00853696081128,82.57197384078766,46,0.4600000000000001,4.933414996747161,448.59817504932965,1762.5312818440175,17.968750000000004
1619,0.1,0.16,0.7697315738537763,0.2720327763944645,162,1.6200000000000003,14.029013253721288,179.05774739181564,4039.3978579476843,218,2.1800000000000006,14.651383972204068,240.95425266306057,5750.5894943010935,85.15625000000001
1620,0.1,0.16,0.8147565564616999,0.3404921763612127,44,0.44000000000000006,9.705181818251399,41.1276067010998,1309.8666566645245,86,0.8600000000000002,10.891966765360488,80.38577673396782,3121.7064306964166,33.59375000000001
1621,0.1,0.16,2.343911981273327,0.334611382472159,56,0.56,2.943937171596065,153.23171080296453,501.3435981459126,89,0.8900000000000001,5.663505017388131,243.5289689547115,2186.0192008048634,34.765625
1622,0.1,0.16,0.3534302858740579,0.3869316996540882,56,0.56,9.407838037504677,19.981013471903918,1404.2763893265465,114,1.1400000000000001,9.27142832916673,40.6756345678044,3086.957403210742,44.53125
1623,0.1,0.16,0.772014457262985,0.4984111613039645,190,1.9000000000000004,42.001601829310005,114.96120562405113,15702.503562526865,282,2.8200000000000007,40.274244950610175,170.62663150517065,17280.0717596787,110.15625000000003
1624,0.1,0.16,1.2385043014639572,0.2782675937466364,91,0.9100000000000001,9.12070560495665,158.21086817312434,3084.9086815304818,123,1.2300000000000002,9.701956269405892,213.84545917905814,4863.458184403682,48.04687500000001
1625,0.1,0.16,0.8297787953319801,0.231871391945883,84,0.8400000000000002,14.057236356768227,117.42335478878395,3516.833871333578,121,1.2100000000000002,14.662820202553076,169.14554677908163,5174.016728969558,47.26562500000001
1626,0.1,0.16,0.3825458541946946,0.3161640125356756,170,1.7000000000000004,7.870291628184669,80.34891582497849,5201.534762016873,204,2.0400000000000005,9.307605611856014,96.41869898997419,6895.924554561228,79.68750000000001
1627,0.1,0.16,0.5314414834882738,0.2708211092455891,180,1.8000000000000003,12.30566998470464,137.97661272365477,3949.743219909754,222,2.2200000000000006,12.171689180030823,170.1711556925076,5746.64166067316,86.71875000000001
1628,0.1,0.16,0.5156271333919193,0.2614577620399503,194,1.9400000000000004,29.812168055263932,149.4500235811925,16249.365496578579,245,2.4500000000000006,29.671261444520596,188.73843184222764,17685.24727967225,95.70312500000001
1629,0.1,0.16,0.903668555049784,0.3266509489272153,148,1.4800000000000002,23.688849610856348,159.93628217028862,6306.961197405165,215,2.1500000000000004,24.76896974617014,232.33986936900038,8010.589590616106,83.98437500000001
1630,0.1,0.16,0.8659115783078559,0.2783232498885351,387,3.8700000000000006,56.49153714818075,470.32174613307484,75367.94728965854,461,4.610000000000001,57.1294460048323,560.2540696830685,76751.25473258941,180.07812500000003
1631,0.1,0.16,0.5177159165114597,0.3980984660253165,208,2.0800000000000005,30.947622486784876,105.66335167410837,16148.757724924386,281,2.8100000000000005,31.229666461408783,142.747124136656,17674.742147044162,109.76562500000001
1632,0.1,0.16,1.3685096308523386,0.1245321544457418,286,2.8600000000000008,34.780819203707495,1227.7004762524812,33647.17959041282,330,3.3000000000000007,33.22034528786899,1416.5774725990166,35022.35059496104,128.90625000000003
1633,0.1,0.16,0.5182968305976945,0.2934848612425593,0,0.0,1.7197635105453892,0.0,766.7980222295492,141,1.4100000000000004,4.1006436320095965,97.26845024272065,2455.352530698105,55.078125000000014
1634,0.1,0.16,1.2227714613822778,0.3600334378085141,53,0.5300000000000001,16.788489407184255,70.31344245556993,1976.4238052359754,128,1.2800000000000002,16.385626899777662,169.81359687382925,3539.106579563251,50.00000000000001
1635,0.1,0.16,0.6210170145533629,0.1824205164529894,30,0.30000000000000004,5.443970636304367,39.894323735086445,426.21253344185715,83,0.8300000000000002,5.989790554079198,110.3742956670725,2103.7918961252344,32.42187500000001
1636,0.1,0.16,0.4793471429845798,0.4889214405688207,104,1.0400000000000003,9.833757499822816,39.829461479727165,2850.0008185385186,153,1.5300000000000002,10.059360459168719,58.59526544613708,4623.474479652554,59.76562500000001
1637,0.1,0.16,0.4974418504093969,0.255609665936848,356,3.5600000000000005,6.8100072471408835,270.6294657090454,11850.053652458757,392,3.920000000000001,8.800115786982397,297.9964903313085,13372.865624865304,153.12500000000003
1638,0.1,0.16,0.808753445621715,0.2336146614450637,122,1.2200000000000002,6.640060345814364,164.98175309075518,3055.510090295891,150,1.5000000000000002,8.981913141163107,202.84641773453504,4699.175344592946,58.59375000000001
1639,0.1,0.16,0.7215239173111772,0.0694663614897358,196,1.9600000000000004,22.856554049268162,795.2291401831864,19078.100562898675,237,2.3700000000000006,23.374083117511532,961.578092976608,20892.683458284606,92.57812500000001
1640,0.1,0.16,0.7687437093165013,0.3979819385400041,183,1.8300000000000003,27.24770060979291,138.07954149192636,12421.678729889194,263,2.6300000000000003,27.26684416649654,198.44218258129305,13772.030065780238,102.73437500000001
1641,0.1,0.16,1.5637606292454105,0.2129519603409041,24,0.24000000000000005,16.045801197567965,68.84301922230188,780.9460872524644,64,0.6400000000000001,15.290096833656202,183.58138459280497,2446.4370763404886,25.000000000000004
1642,0.1,0.16,0.5789524548458906,0.223249598387168,150,1.5000000000000002,18.921776842313022,151.95098063422202,13171.719519578379,193,1.9300000000000004,19.967390707966175,195.51026174936567,14669.837124339627,75.39062500000001
1643,0.1,0.16,0.9193840173854604,0.5424180441301468,21,0.21000000000000005,5.020238423284691,13.904076568303719,308.4356513591472,63,0.6300000000000001,5.233097187735927,41.71222970491115,1987.6139071277753,24.609375000000004
1644,0.1,0.16,1.034790444912794,0.345716038558728,55,0.5500000000000002,8.42927586869374,64.30660856119556,1295.4190658699813,103,1.0300000000000002,9.130316687911183,120.42873966914806,2902.9248919590764,40.23437500000001
1645,0.1,0.16,1.4148697567839743,0.4717218687797823,448,4.48,5.726125279708856,524.8902453424004,7454.963117106044,494,4.940000000000001,8.061815258777417,578.7852258909505,9067.655219800927,192.96875000000003
1646,0.1,0.16,0.4021327302711568,0.4662638172667552,254,2.5400000000000005,5.128703501713065,85.57195594863107,4960.897345030595,297,2.9700000000000006,6.997889305657591,100.05854691631271,6581.470089623247,116.01562500000001
1647,0.1,0.16,0.7030554075358039,0.2617545182462901,120,1.2000000000000002,19.90228669820566,125.90316472486678,6282.992550899098,182,1.8200000000000003,19.700181346449746,190.95313316604796,7732.780660169326,71.09375000000001
1648,0.1,0.16,0.6724089862161767,0.3256680425547231,251,2.5100000000000007,32.251572775304744,202.43803875640083,21449.510615651627,313,3.130000000000001,29.140376861145814,252.44265390738428,22598.217305065118,122.26562500000003
1649,0.1,0.16,0.6841538223553475,0.7680573800498621,191,1.9100000000000004,25.84534174347164,66.45895269762232,8903.69100371077,289,2.8900000000000006,26.961885806509667,100.55831062624529,10504.056159400416,112.89062500000001
1650,0.1,0.16,0.7308905022588609,0.3969666019454556,331,3.3100000000000005,36.6665865603355,238.05997140846623,37962.28747250201,400,4.000000000000001,37.83918008903787,287.68576605252724,39533.39823214049,156.25000000000003
1651,0.1,0.16,0.770114537045392,0.2756120343626883,130,1.3000000000000003,14.55758187703393,141.8928564740154,5438.12641761462,192,1.9200000000000004,14.722874832763244,209.56483417700733,7159.084724160058,75.00000000000001
1652,0.1,0.16,0.9275039844811293,0.1625360378081454,228,2.2800000000000002,26.600988076664443,508.2308190344654,24978.010473602677,282,2.8200000000000007,26.620163036162396,628.6012761742073,26212.875257426756,110.15625000000003
1653,0.1,0.16,1.3510550170946714,0.3161017888147219,19,0.19000000000000003,4.5333123441131935,31.721938343338184,256.42780709678044,64,0.6400000000000001,5.392901316261168,106.85284494598126,1946.1368236863477,25.000000000000004
1654,0.1,0.16,1.0870687128866847,0.3614271362595083,91,0.9100000000000001,11.438837773394113,106.91476033954632,2429.9164234906993,138,1.3800000000000003,12.1826248684905,162.13447172370758,4170.488796811961,53.90625000000001
1655,0.1,0.16,1.8253423599669567,0.3216131958042252,44,0.44000000000000006,10.875243229580638,97.54908138480027,1446.6291015015559,124,1.2400000000000002,10.387607988502387,274.91104753898264,3047.2807407735913,48.43750000000001
1656,0.1,0.16,0.5341064470831168,0.2533469539991074,170,1.7000000000000004,12.276072903134574,139.99776074567765,4658.116037161952,226,2.2600000000000002,13.375881678259628,186.11467016778317,6198.221917655293,88.28125
1657,0.1,0.16,0.6402122477991358,0.6148911697244659,202,2.0200000000000005,11.070730374129946,82.15559137161985,7749.635446603352,235,2.3500000000000005,13.139226129708668,95.57704936797359,9295.82085254579,91.79687500000001
1658,0.1,0.16,0.5531784320789955,0.2520471903586166,208,2.0800000000000005,23.28856047079166,178.32274798409333,13182.136665314283,257,2.5700000000000003,21.19257097178191,220.3314722688076,14440.092355017212,100.390625
1659,0.1,0.16,0.6948193663751292,0.1711978381639417,124,1.2400000000000002,21.7242383616302,196.5872549545075,4684.740856048795,174,1.7400000000000004,21.385153558726564,275.8563093716476,6262.303328964332,67.96875000000001
1660,0.1,0.16,0.538699170554793,0.6120671180115159,204,2.0400000000000005,6.055250833502437,70.13542941670885,3135.8170335537425,264,2.6400000000000006,7.073366654686708,90.76349689221144,4927.096216819908,103.12500000000001
1661,0.1,0.16,0.8817260058453132,0.4336050991327823,64,0.6400000000000001,11.510828548528165,50.83692555788554,1864.5062532384652,118,1.1800000000000002,11.279964661626973,93.73058149735148,3533.0727591928,46.09375000000001
1662,0.1,0.16,0.6525637991299854,0.2859628177390524,83,0.8300000000000002,20.805140329100983,73.98633882613389,3409.5927063197933,136,1.3600000000000003,20.222951556631198,121.23062747414707,5140.407145717209,53.12500000000001
1663,0.1,0.16,0.6521837875631945,0.1309352218371559,152,1.5200000000000002,32.34950751803237,295.7448106264713,31038.66618614939,198,1.9800000000000004,32.1817033933845,385.2465296318508,32350.596452108963,77.34375000000001
1664,0.1,0.16,0.5596636463503089,0.2808288425046318,249,2.4900000000000007,37.72058662687945,193.84061076683722,19452.591311198892,317,3.170000000000001,37.59820983262406,246.77700246219842,20911.709897813435,123.82812500000003
1665,0.1,0.16,1.1058221074461436,0.1677413398458268,220,2.2000000000000006,7.247401669447371,566.5364748248567,6071.65480859957,246,2.4600000000000004,8.821521039422906,633.4907854859762,7630.0396361141175,96.09375000000001
1666,0.1,0.16,0.438848409221493,0.1040305723902979,73,0.7300000000000001,46.714448070362465,120.2919140179,14615.704196743887,117,1.1700000000000002,47.696002439548366,192.79662931636028,16588.502536176347,45.70312500000001
1667,0.1,0.16,0.7545099386714369,0.2792612565645109,230,2.3000000000000003,5.136572943775462,242.74044719430137,3330.1553246086373,275,2.7500000000000004,6.7194612478026885,290.2331433844908,5051.1759697421085,107.42187500000001
1668,0.1,0.16,1.838273802524643,0.1862281612263215,67,0.6700000000000002,9.455635842565384,258.3447737368822,1752.4493262380179,114,1.1400000000000001,10.332035886422759,439.57170456723236,3448.3860812710354,44.53125
1669,0.1,0.16,0.3537138893620669,0.0742479469748238,117,1.1700000000000002,103.56295225738008,217.72763771141405,156034.74142006022,158,1.5800000000000003,102.98969031753744,294.0253569094309,157528.87961339578,61.71875000000001
1670,0.1,0.16,1.5463638414781609,0.3287398160032815,72,0.7200000000000002,5.870846838716777,132.29758284326337,1055.8368841821753,138,1.3800000000000003,7.408594827016143,253.57036711625474,2805.220787145783,53.90625000000001
1671,0.1,0.16,0.7394293827404084,0.7867226153545573,184,1.8400000000000003,7.603613248638329,67.55428895420147,3160.5292436684326,285,2.8500000000000005,8.13906247203813,104.63571930406205,4852.927576314253,111.32812500000001
1672,0.1,0.16,0.806185881978972,0.1250536623270646,134,1.3400000000000003,177.17708291418953,337.44547320389825,234976.9031040818,176,1.7600000000000002,178.80920990771605,443.21196480512003,237726.03422749465,68.75
1673,0.1,0.16,0.9939076349104136,0.3389577496809107,46,0.4600000000000001,18.887085269658765,52.68880216371784,2834.2011072561036,86,0.8600000000000002,17.716072795232048,98.50515187129858,4557.453989456643,33.59375000000001
1674,0.1,0.16,0.6916477169107551,0.8041331917676853,155,1.5500000000000003,22.852225180311475,52.077327846366536,9412.401021273914,233,2.3300000000000005,23.85109285740423,78.28398314969938,11234.708628282004,91.01562500000001
1675,0.1,0.16,0.5417296411208632,0.2059538509058416,248,2.4800000000000004,49.87361990512609,254.81465266496315,46550.38194843689,311,3.1100000000000008,50.71188406742856,319.54579426936914,48242.62143999341,121.48437500000003
1676,0.1,0.16,0.5735164228703709,0.6436309724055892,302,3.0200000000000005,6.4845588414234445,105.11771249543669,5255.808621596314,363,3.630000000000001,8.292190180232426,126.35009813193219,6939.879925023825,141.79687500000003
1677,0.1,0.16,1.0372992059359851,0.7911852499785673,124,1.2400000000000002,4.648500340304057,63.50495069123871,1709.0661860807195,219,2.1900000000000004,7.75512119323604,112.15793710791353,3414.6854646084093,85.54687500000001
1678,0.1,0.16,0.5320240559843618,0.3201952085492128,439,4.390000000000001,38.1386937552835,284.9318487269649,92267.27828777055,487,4.870000000000001,38.89846651982214,316.08612831442355,93207.3678976437,190.23437500000003
1679,0.1,0.16,0.6341046103540505,0.4838026776721367,59,0.5900000000000001,5.6297158957843125,30.206797866582317,892.366954429714,105,1.0500000000000003,7.220551775434421,53.75786061001938,2606.148695859185,41.01562500000001
1680,0.1,0.16,0.3895726821016104,0.3299197167059418,94,0.9400000000000002,10.501702575582653,43.35788737860809,3239.667789075902,136,1.3600000000000003,11.550049063590327,62.730560462667015,4883.885512846457,53.12500000000001
1681,0.1,0.16,0.6049605808673271,0.3621453829749377,266,2.6600000000000006,8.751974987109543,173.5744491324797,6263.110804433007,336,3.3600000000000008,11.014270181091911,219.25193574629017,8048.864117285708,131.25000000000003
1682,0.1,0.16,0.4439654742557728,0.4229372951205671,22,0.22000000000000003,6.226026353922898,9.021025902428182,367.96777475385153,67,0.6700000000000002,7.345858060875022,27.4731243392131,2063.985051550605,26.171875000000004
1683,0.1,0.16,0.6848669628035886,0.5158750721993473,557,5.570000000000001,35.064979550320565,288.85301436636877,114576.703628964,599,5.990000000000001,36.53180983652999,310.63367254121164,115528.58432467532,233.98437500000003
1684,0.1,0.16,1.2198338848246375,0.2383689932660732,387,3.8700000000000006,33.42141580938502,773.6097427388038,35335.10043102943,435,4.3500000000000005,33.211354063920886,869.561338737415,36300.445114375514,169.921875
1685,0.1,0.16,1.0885332133491117,0.3014737160350033,181,1.8100000000000003,3.7567629387783064,255.28825816821129,1742.202547312675,201,2.0100000000000002,5.855168493320358,283.49690547961575,3434.0864451598372,78.515625
1686,0.1,0.16,0.396637354525528,0.3501621290766135,534,5.340000000000001,178.62192500543128,236.2793297742863,213182.78756575834,596,5.960000000000001,178.36330853958066,263.71251038478397,214821.94779395068,232.81250000000003
1687,0.1,0.16,0.2998264619851187,0.0816089704442929,209,2.0900000000000003,181.7336678149535,299.94275892394427,158243.85623129684,255,2.5500000000000007,181.20614737431816,365.95886854356837,159728.3896440484,99.60937500000003
1688,0.1,0.16,0.7925012557049359,0.3511581991327441,137,1.3700000000000003,2.8718556091675835,120.7751951031685,1241.6293821500963,182,1.8200000000000003,5.556366168616596,160.44587962610706,2952.6178935669127,71.09375000000001
1689,0.1,0.16,0.3203627943409383,0.5264150558114326,186,1.8600000000000003,11.110218588104422,44.21674308014405,9139.95642087348,238,2.3800000000000003,12.001514807341165,56.57841318857141,10689.298990547235,92.96875000000001
1690,0.1,0.16,0.948577753867699,0.2914668992426245,62,0.6200000000000001,7.32719662469798,78.81981637084533,1107.1379138007535,118,1.1800000000000002,7.947555687412052,150.01190857677014,2796.927301065178,46.09375000000001
1691,0.1,0.16,0.364332442848306,0.317068400234806,154,1.5400000000000003,15.096627363801012,69.12348723134441,7632.157296846696,199,1.9900000000000004,15.351887831295022,89.32190882491908,9311.892691810284,77.73437500000001
1692,0.1,0.16,0.342070346265974,0.1500097259825365,147,1.4700000000000002,82.47949906194589,130.94031427521008,117177.85216211028,192,1.9200000000000004,82.18443196924987,171.0240839512948,116912.76901332871,75.00000000000001
1693,0.1,0.16,0.5284504138186675,0.2690452253736428,107,1.0700000000000003,10.893528804139912,82.09614520905357,2547.145438623034,146,1.4600000000000002,10.620684352715598,112.0190392572133,4364.142720101112,57.03125000000001
1694,0.1,0.16,1.2161470004353852,0.7945887622397869,188,1.8800000000000003,14.086247938241101,112.39876473048062,7774.86854146426,253,2.5300000000000007,14.309769010943075,151.26003977027446,9509.94498929904,98.82812500000003
1695,0.1,0.16,0.3868034059197027,0.1762499805373365,192,1.9200000000000004,46.654159250711615,164.59721218427157,47801.890834215315,227,2.2700000000000005,47.65260746581187,194.6019123220294,49081.98766874683,88.67187500000001
1696,0.1,0.16,0.8429740986617191,1.4337083747886274,224,2.24,4.674463809856134,51.44716661348578,2768.9288974679203,300,3.0000000000000004,7.328403891400389,68.90245528591846,4514.436220603773,117.18750000000001
1697,0.1,0.16,1.1373869004888697,0.2649049330051951,260,2.6000000000000005,6.154615775940154,436.0653301938906,5432.722337452389,297,2.9700000000000006,8.365148351259087,498.12078102917496,7106.809639738822,116.01562500000001
1698,0.1,0.16,0.6441898320506965,0.2931398893501947,325,3.2500000000000004,10.691154523034276,278.9859559998731,10435.658688876747,357,3.5700000000000007,12.14921076685801,306.4553424367837,12235.22651060305,139.45312500000003
1699,0.1,0.16,0.4580498846603674,0.2749036090434298,80,0.8000000000000002,10.220254390529027,52.069374227004495,2012.6144289683727,142,1.4200000000000004,9.897520938591294,92.42313925293298,3568.233909479254,55.468750000000014
1700,0.1,0.16,1.0096429723021425,0.4548742316358116,88,0.8800000000000001,5.615263609083809,76.29906193647254,1475.1530005434379,157,1.5700000000000003,7.392242281308389,136.1244627730249,3171.95042016402,61.32812500000001
1701,0.1,0.16,0.7876276411947333,0.1532755010178208,136,1.3600000000000003,24.231900599772594,272.9902571553513,13039.38234685057,186,1.8600000000000003,24.915674651410544,373.3543222859951,14723.440253352059,72.65625000000001
1702,0.1,0.16,0.627255818791932,0.2949447416349241,151,1.5100000000000002,32.75553195589599,125.44143771293612,20611.350405712874,223,2.2300000000000004,33.17001611898098,185.254573576058,22357.4793305078,87.10937500000001
1703,0.1,0.16,0.8746149852160834,0.6526052545637184,145,1.4500000000000002,23.519780543737284,75.90919480126239,6289.041537271885,261,2.6100000000000003,23.25095209467386,136.63655064227228,7789.289932615742,101.95312500000001
1704,0.1,0.16,0.6053652054740944,0.217367796827857,157,1.5700000000000003,40.5356613352459,170.79766889926006,14270.596357066082,233,2.3300000000000005,40.648552936296554,253.4767952453987,15850.467197569236,91.01562500000001
1705,0.1,0.16,0.6333847720801208,0.8367483887358756,47,0.4700000000000001,6.57516648976729,13.897306175248682,762.48615256834,94,0.9400000000000002,7.164396518090396,27.794612350497363,2500.5181842305983,36.71875000000001
1706,0.1,0.16,0.8333845493620125,0.8336274740073383,85,0.8500000000000002,6.517652374409301,33.19344938635263,1482.9500089514493,166,1.6600000000000004,7.130966334827316,64.82485409570043,3164.333155856954,64.84375000000001
1707,0.1,0.16,0.9627020591448306,0.6356348702050977,125,1.2500000000000002,7.509262142776789,73.95273400673197,2603.30845850842,184,1.8400000000000003,8.109388775425389,108.85842445790946,4363.428402562392,71.87500000000001
1708,0.1,0.16,0.6586766284689853,0.3055115476219202,141,1.4100000000000004,6.191186277833831,118.74730745788143,2208.015534760853,198,1.9800000000000004,6.433465198552974,166.75153813234414,3791.4018670782866,77.34375000000001
1709,0.1,0.16,0.5179545265449198,0.29600576811337,189,1.8900000000000003,75.70245437709572,129.18535937255257,137667.37453558695,233,2.3300000000000005,74.42322102789298,159.2602578508188,138785.1922050358,91.01562500000001
1710,0.1,0.16,0.9510293841793972,0.5516602659442253,73,0.7300000000000001,8.55590128944874,49.1592361411479,1542.057863824015,150,1.5000000000000002,8.642146899722606,101.01212905715323,3146.8672241929003,58.59375000000001
1711,0.1,0.16,1.0261612575134471,0.1808605239477772,316,3.1600000000000006,5.393878097207111,700.3561499185455,5978.549033612185,343,3.4300000000000006,7.317747221107918,760.1967070318391,7710.3223162234135,133.98437500000003
1712,0.1,0.16,0.4208786135920162,0.4143488567966733,140,1.4000000000000004,11.165533568704989,55.549324689238986,3069.738222796658,196,1.9600000000000004,11.134731707871133,77.76905456493458,4628.45970859316,76.56250000000001
1713,0.1,0.16,0.4008960829675712,0.3435832486730424,97,0.9700000000000002,12.368362837595809,44.21112845972387,3279.3108906563266,159,1.5900000000000003,12.809198394983921,72.46978788758861,5074.964772665829,62.10937500000001
1714,0.1,0.16,0.5574393507522922,0.4663714875965353,323,3.2300000000000004,15.819600021953297,150.80932251168326,15442.326712478585,383,3.830000000000001,16.82208459753026,178.82343814852845,16864.270403733688,149.60937500000003
1715,0.1,0.16,0.796346646931394,0.4266335297183188,189,1.8900000000000003,9.97633920684115,137.8062803263477,5158.850462564202,277,2.7700000000000005,11.156664334007777,201.97005106030852,6875.227495142088,108.20312500000001
1716,0.1,0.16,0.4977176731025004,0.3945461512534973,109,1.0900000000000003,7.342860754829371,53.712056834769484,2075.3540070887802,162,1.6200000000000003,8.252148564767515,79.82892850672161,3730.276224711775,63.28125000000001
1717,0.1,0.16,0.4882970097166338,0.1810619318500057,228,2.2800000000000002,54.3423434107889,240.1882714027075,26684.871465671244,287,2.8700000000000006,52.67680611591859,302.3422539148117,27965.990766835836,112.10937500000001
1718,0.1,0.16,1.860525522683022,0.6048212765889012,32,0.32000000000000006,4.616707452967524,38.45196909192951,422.776952644031,75,0.7500000000000001,5.706626753011612,90.12180255920978,2121.5097998768774,29.296875000000004
1719,0.1,0.16,0.5798186682598739,0.3013723153045777,113,1.1300000000000001,9.177676670280873,84.92338912349241,3151.154212037255,164,1.6400000000000003,10.834933421863171,123.25164439161733,4761.569107996562,64.06250000000001
1720,0.1,0.16,0.6931484785050123,0.6054166815781972,59,0.5900000000000001,9.714396293011667,26.38663060770295,1273.6946609678707,105,1.0500000000000003,10.055133717838189,46.95925786116627,2980.5399730743075,41.01562500000001
1721,0.1,0.16,0.7834281661983258,0.502819843389708,427,4.2700000000000005,6.720520932782829,259.88109185974116,8642.244191608443,457,4.570000000000001,8.50997004140936,278.13971658056613,10285.58627149439,178.51562500000003
1722,0.1,0.16,0.5788698255364011,0.63850228033112,148,1.4800000000000002,14.670926803328097,52.41314372670392,5665.616884713953,198,1.9800000000000004,14.867173266380387,70.12028687761742,7324.166207375603,77.34375000000001
1723,0.1,0.16,0.4653130559625423,0.3019511483965617,293,2.9300000000000006,33.56350030135874,176.3746673626471,28238.47577649406,344,3.440000000000001,32.62733089265228,207.07469478754473,30175.79515131997,134.37500000000003
1724,0.1,0.16,0.5090317759700781,0.2378965933973286,147,1.4700000000000002,26.659271220487224,122.86665644666628,14485.629917883178,204,2.0400000000000005,26.85172658815579,170.5088293545573,16295.893078460096,79.68750000000001
1725,0.1,0.16,1.4546326361754254,0.4920961603525927,0,0.0,0.9057180538289367,0.0,29.557336166958233,47,0.4700000000000001,3.1693087211596342,54.270177673501735,1712.0249740440008,18.359375000000004
1726,0.1,0.16,1.7369111513304911,0.2362974970591175,102,1.0200000000000002,13.321399359241097,292.8725633877974,3263.6216471927096,184,1.8400000000000003,12.965421410511603,528.319133954458,4854.846755392557,71.87500000000001
1727,0.1,0.16,0.7325047853529589,0.1016083469747725,88,0.8800000000000001,17.195591770083432,247.8128298136733,5229.755484394462,131,1.3100000000000003,17.28743130590552,368.9031898362637,7108.78138875017,51.17187500000001
1728,0.1,0.16,0.5382734859652342,0.1832263929908908,52,0.5200000000000001,17.96187478115931,59.67306349916737,2739.0918294192807,102,1.0200000000000002,17.996382202177006,117.05100917144368,4381.021307792498,39.84375000000001
1729,0.1,0.16,0.4694280584767187,0.3422908963163347,166,1.6600000000000004,16.645911739192762,88.92867439488812,9403.625916850435,211,2.1100000000000003,17.770646043603822,113.0358451645867,10893.31309143209,82.42187500000001
1730,0.1,0.16,1.938017743167738,0.2359723804796575,13,0.13000000000000003,8.394945426711045,41.70613667590678,326.4776230321017,53,0.5300000000000001,9.07858995181174,170.03271106331223,1969.8841801247945,20.703125000000004
1731,0.1,0.16,0.4645096675761961,0.3378371993815366,74,0.7400000000000001,27.225149258869116,39.74468354270948,5038.558019515965,125,1.2500000000000002,26.901386178270428,67.13628976809035,6498.817443902222,48.82812500000001
1732,0.1,0.16,0.6878190155577603,0.4183038732661249,156,1.5600000000000003,12.852189408477416,100.19981630408034,3841.0709565533134,203,2.0300000000000002,12.09912323864875,130.3882224982584,5267.734935164221,79.296875
1733,0.1,0.16,0.5400803702532097,0.3392279530082873,80,0.8000000000000002,9.547746025858828,49.75271471806006,3248.622780876731,118,1.1800000000000002,10.81680649244925,73.3852542091386,4988.973500572067,46.09375000000001
1734,0.1,0.16,0.8888206989775526,0.6614096039283102,337,3.3700000000000006,17.87603642590392,176.90234860729964,12022.976066516314,469,4.690000000000001,16.455708603826707,246.19347625170187,13342.898056853184,183.20312500000003
1735,0.1,0.16,0.7581868875174738,0.2347705565867004,173,1.7300000000000004,2.2940297319171012,218.24222339863604,1185.455388175231,182,1.8200000000000003,4.6789426961546186,229.59586507833387,2876.1391454383265,71.09375000000001
1736,0.1,0.16,0.401563418101631,0.4342539138083549,170,1.7000000000000004,20.62725916758149,61.40720874442097,6279.327409718199,225,2.2500000000000004,19.965467555450882,81.27424686761599,8109.448669636782,87.89062500000001
1737,0.1,0.16,0.7415711497306052,0.4165119580493113,98,0.9800000000000002,22.21676154672907,68.15715618004855,5493.637966144385,159,1.5900000000000003,22.87417001567088,110.5815084962012,7294.171169729567,62.10937500000001
1738,0.1,0.16,0.3774033572585049,0.4768485089014199,0,0.0,1.4277673032869664,0.0,1215.7750638596335,203,2.0300000000000002,4.255756461498829,62.75977860149894,2887.3579469328033,79.296875
1739,0.1,0.16,0.5345208792855604,0.2535639648556548,167,1.6700000000000004,43.165261796210075,137.51613130238667,37076.79621615086,212,2.1200000000000006,43.81430206681088,174.5713762641076,38379.7375329996,82.81250000000001
1740,0.1,0.16,0.5767129692616605,0.1962927196151511,196,1.9600000000000004,108.5272961270936,224.942559233296,197242.6374768915,239,2.3900000000000006,107.9380437747519,274.29220233039666,198227.3131602525,93.35937500000001
1741,0.1,0.16,0.4896948167324651,0.3348819817229662,100,1.0000000000000002,11.816167461358168,57.120731549051506,2380.6467185325487,165,1.6500000000000004,13.29059055328744,94.24920705593499,4039.670619650705,64.45312500000001
1742,0.1,0.16,0.414301410800764,0.4520429646292332,150,1.5000000000000002,7.69213426548854,53.701694725009325,2951.874971571762,196,1.9600000000000004,8.976373140130443,70.17021444067885,4661.520430688533,76.56250000000001
1743,0.1,0.16,1.0570597261438983,0.2123055969917044,244,2.4400000000000004,11.639272155480185,474.5565193555733,10363.730435316793,301,3.0100000000000007,12.059519818698073,585.4160341230638,12055.268167549075,117.57812500000001
1744,0.1,0.16,0.7296371729219272,0.4567230155345981,71,0.7100000000000002,9.396835691982876,44.3070094553263,1818.5748470462843,128,1.2800000000000002,9.704442340629427,79.87742549692628,3529.0203987935192,50.00000000000001
1745,0.1,0.16,0.9097440034994893,0.407879499469534,223,2.2300000000000004,6.400202486064457,194.29079337868905,3788.3321205790667,242,2.4200000000000004,8.441781495638548,210.8447174782186,5314.079934676032,94.53125000000001
1746,0.1,0.16,0.8020570657394201,0.4296257781418997,300,3.0000000000000004,25.456507727069194,218.77426163263024,26263.71385235425,353,3.5300000000000007,25.068052080493533,257.4243811877283,27619.919631495784,137.89062500000003
1747,0.1,0.16,0.5912167645148902,0.3969860669985572,333,3.3300000000000005,4.507036974486484,193.72057255838894,4159.617182078188,372,3.7200000000000006,6.1918825189585425,216.40856754270482,5809.86659284047,145.31250000000003
1748,0.1,0.16,0.6839581166242024,0.2237886127962264,137,1.3700000000000003,13.166773149906533,163.5581258028348,4928.494451489163,189,1.8900000000000003,13.955315512864152,225.63858231194,6630.741875108401,73.82812500000001
1749,0.1,0.16,1.075712605527799,0.2968096972723705,256,2.5600000000000005,5.519280486805886,362.4250202784514,4973.924103469693,289,2.8900000000000006,7.112795451642267,409.1438705487206,6693.585541526574,112.89062500000001
1750,0.1,0.16,0.476006020128026,0.2799317250793364,185,1.8500000000000003,10.038183383278355,122.88307993159863,5140.339789992912,248,2.4800000000000004,10.85744317686704,164.72975039479167,6625.99856524047,96.87500000000001
1751,0.1,0.16,0.9149876529934488,0.1962747122491586,118,1.1800000000000002,13.964683375022885,214.8784815265859,3737.3374620558825,178,1.7800000000000002,13.826900495937178,324.1387263706126,5583.4281346482485,69.53125
1752,0.1,0.16,1.2486084140846985,0.1088241406641679,443,4.430000000000001,77.90344626909597,1985.4765940477293,98580.17302748174,488,4.880000000000001,77.81100050837208,2187.161575384406,100241.38344312058,190.62500000000003
1753,0.1,0.16,2.09622549381829,0.2958250591161052,0,0.0,0.6677276742967666,0.0,95.51097915845125,60,0.6000000000000001,3.515649259628775,166.07884794534448,1817.770052603345,23.437500000000004
1754,0.1,0.16,0.3686466195017032,0.1518576129181341,146,1.4600000000000002,40.366185496190106,138.4479652646106,34549.93267188962,184,1.8400000000000003,38.29289359695635,174.48236718279693,35769.511785944196,71.87500000000001
1755,0.1,0.16,0.6202937173908724,0.1894561211937246,180,1.8000000000000003,16.11379305839212,230.20846056195077,10845.83505880506,227,2.2700000000000005,17.58319683984258,290.3184474864602,12280.237622056911,88.67187500000001
1756,0.1,0.16,0.3615094726477162,0.2820252267572974,122,1.2200000000000002,10.812226995092598,61.087392797998874,3311.6235899513313,167,1.6700000000000004,11.446613496368956,83.61962784644109,5035.609085271935,65.23437500000001
1757,0.1,0.16,1.4572823127512111,0.2497494892922552,4,0.04000000000000001,2.233871626329194,9.117150229721723,44.30014625704072,43,0.4300000000000001,3.583330214430932,98.00936496950854,1722.0851504701166,16.796875000000004
1758,0.1,0.16,1.6504899044428276,0.2536538155680133,343,3.4300000000000006,6.685876297466961,871.8175904248791,7868.566025312756,378,3.7800000000000007,8.107286854126297,960.7785690396627,9389.618091709332,147.65625000000003
1759,0.1,0.16,0.9728822507494476,0.1297270925660636,251,2.5100000000000007,19.986330255554435,735.2979438768609,12760.77872313901,305,3.0500000000000007,21.84841254723817,893.4895333961855,14652.25806608633,119.14062500000003
1760,0.1,0.16,0.6829017869611752,0.1927886168148105,144,1.4400000000000004,42.67865611787317,199.2504855899517,18772.969227111043,202,2.0200000000000005,44.39895422870392,279.50415339701556,20519.99330382588,78.90625000000001
1761,0.1,0.16,0.7147698151798837,0.1584739479231428,181,1.8100000000000003,10.186911557670777,318.8944318683823,5391.075081374418,235,2.3500000000000005,11.892229772679075,414.0342071219328,7058.439698725815,91.79687500000001
1762,0.1,0.16,0.6603419496236917,0.3404914619652771,143,1.4300000000000004,24.68311529442257,108.33249203770794,8158.358677877523,220,2.2000000000000006,25.541566326624167,166.6653723657045,9735.564984544111,85.93750000000001
1763,0.1,0.16,0.7829158029811305,0.2309015557810208,333,3.3300000000000005,11.908648424277215,441.0547141624142,19407.383237358936,376,3.7600000000000007,12.898804943068102,498.0077253005038,20955.66420905079,146.87500000000003
1764,0.1,0.16,0.4999580752431344,0.2222019534981926,202,2.0200000000000005,19.12432392241924,177.54036926131016,10962.338333748761,248,2.4800000000000004,19.137127357841862,217.9703543406184,12547.185389986826,96.87500000000001
1765,0.1,0.16,1.1213136949458855,0.2164788878457044,90,0.9000000000000001,13.04538778968975,182.10175126194653,2940.1283535777006,151,1.5100000000000002,14.356946034121822,305.52627156171036,4731.88024034023,58.98437500000001
1766,0.1,0.16,0.612072792257411,0.5595683442485027,99,0.9900000000000002,3.7328655159168633,42.300467416305075,1102.3528697234035,147,1.4700000000000002,5.793816972933176,62.80978495148329,2720.3000275379277,57.42187500000001
1767,0.1,0.16,0.9555420270330818,0.7737077810606364,12,0.12000000000000002,2.4751209371696463,5.789140760064993,292.83672049117104,100,1.0000000000000002,3.5036012623989254,48.24283966720827,1996.971773368838,39.06250000000001
1768,0.1,0.16,0.6866149240665084,0.4826838966697478,265,2.6500000000000004,7.018742319711246,147.25035056991328,5473.741692837758,311,3.1100000000000008,9.562796034276051,172.8107887820492,7201.749908270859,121.48437500000003
1769,0.1,0.16,0.7260808455708387,0.4546323941992441,260,2.6000000000000005,9.396683872111078,162.20266487647248,4697.531454420809,329,3.2900000000000005,9.989588522035094,205.24875670907477,6302.19642713672,128.515625
1770,0.1,0.16,1.5637579888204554,0.1749323027132832,319,3.190000000000001,31.852616158800824,1113.9103677012174,42602.89245857913,376,3.7600000000000007,32.65654374116684,1312.9476434346636,44407.37619828255,146.87500000000003
1771,0.1,0.16,1.0538486644183445,0.3289512435747125,219,2.1900000000000004,4.438978444981415,274.06328969672103,2965.0187759965315,276,2.7600000000000007,6.290920867135151,345.3948308506621,4719.252609650808,107.81250000000001
1772,0.1,0.16,0.7381319812861772,0.3879816277510938,115,1.1500000000000001,14.716377064813368,85.46351225195744,4478.978769987187,162,1.6200000000000003,13.878864406648924,120.3920781288444,5904.3656723466975,63.28125000000001
1773,0.1,0.16,0.5372689139089458,0.2825040973374425,157,1.5700000000000003,10.429348732064973,116.6343972401387,4499.896179430609,203,2.0300000000000002,11.339955381838742,150.80753273724937,6217.042447982946,79.296875
1774,0.1,0.16,0.8093672178514133,0.081312240479759,161,1.6100000000000003,38.7019838891964,626.0018157765245,13528.682159651371,222,2.2200000000000006,37.27271823477989,863.1826279651456,14974.004490506362,86.71875000000001
1775,0.1,0.16,0.7334666122261367,0.4189519531780063,365,3.650000000000001,7.119857403065964,249.6140512725377,6535.139226053045,405,4.050000000000001,8.391617005213941,276.9690157955555,8259.32425750257,158.20312500000003
1776,0.1,0.16,0.5808097713308227,0.24276904844362,19,0.19000000000000003,12.64637245385257,17.75637194787232,597.887046996116,73,0.7300000000000001,14.023991571150546,68.22185011550944,2411.217770518384,28.515625000000004
1777,0.1,0.16,0.7406788537187672,0.2692949394468746,265,2.6500000000000004,11.354376784003485,284.71323903993107,8515.174698001085,317,3.170000000000001,12.358786148824286,340.5814972666346,10123.414920871084,123.82812500000003
1778,0.1,0.16,0.9801860020373304,0.1554093036506348,178,1.7800000000000002,90.31582990812706,438.5423288902289,41846.887300747745,276,2.7600000000000007,90.03962849246366,679.986981874737,43463.64687997605,107.81250000000001
1779,0.1,0.16,1.4003851093793376,0.4769157762372332,468,4.680000000000001,6.440520606617742,536.7989812126988,7766.420911687074,586,5.860000000000001,8.002685689547928,672.145732885986,9317.142224036907,228.90625000000003
1780,0.1,0.16,0.3670183785998891,0.1472125720208874,181,1.8100000000000003,15.140802466948326,176.27126503681657,20017.322529420402,215,2.1500000000000004,16.45578683274739,209.38299438074898,21692.747983685116,83.98437500000001
1781,0.1,0.16,0.5122155310703921,0.329623453553296,150,1.5000000000000002,65.53988890432525,91.05125393877084,58724.21721935994,197,1.9700000000000004,66.50281784950367,119.58064683958573,60922.64860803294,76.95312500000001
1782,0.1,0.16,0.4780971977364078,0.2654767606782687,221,2.2100000000000004,2.445605671041652,155.46835264559135,1462.553553015529,205,2.0500000000000003,4.774005814730148,144.21272530473402,3125.0797612189654,80.078125
1783,0.1,0.16,0.6514414999767819,0.2260337074393549,219,2.1900000000000004,7.668503487768316,246.55076979294503,6353.904636509082,247,2.4700000000000006,8.657682065143534,278.0732426431846,7972.212074259052,96.48437500000001
1784,0.1,0.16,0.5371373724177886,0.2534001513336851,80,0.8000000000000002,12.471060007715778,66.24125044800063,3290.7448159336063,123,1.2300000000000002,12.882447150369487,101.84592256380097,5106.179467330539,48.04687500000001
1785,0.1,0.16,0.4087987583918714,0.5511369141539704,267,2.6700000000000004,15.366688984604325,77.36087333145124,8309.460433155647,317,3.170000000000001,16.113251778031312,91.84792826243464,10235.89954618193,123.82812500000003
1786,0.1,0.16,0.7579771674082608,0.2615270625685573,204,2.0400000000000005,47.232241874655976,230.9562342597415,32690.80980112759,273,2.7300000000000004,49.23766362721012,309.07378408288935,34300.590731085395,106.64062500000001
1787,0.1,0.16,0.6426001305081175,0.2973531716213554,56,0.56,27.991357123316423,47.273340917193465,3826.649970321136,110,1.1000000000000003,27.264003722656707,92.85834823020147,5630.16162725685,42.96875000000001
1788,0.1,0.16,1.3262265770890624,0.1794360743241753,19,0.19000000000000003,24.008810048006925,54.85568001811068,1750.1903549624553,68,0.6800000000000002,24.65867036965249,196.32559164376454,3455.1593728854828,26.562500000000004
1789,0.1,0.16,0.6354222549042897,0.2423591729300959,62,0.6200000000000001,17.07687864598747,63.49721592919441,2406.2234216645365,106,1.0600000000000003,17.523647711124823,108.55975626604206,4067.5942692068948,41.40625000000001
1790,0.1,0.16,0.3640017137298015,0.3980507211236193,170,1.7000000000000004,49.04905209390681,60.7259012975453,110005.53920721958,206,2.0600000000000005,48.94740461371169,73.58550392526078,112046.68364970405,80.46875000000001
1791,0.1,0.16,0.370601744161354,0.609581910832771,200,2.0000000000000004,25.96721347785788,47.49691673601622,26896.20017156938,238,2.3800000000000003,26.094376516553865,56.521330915859295,28149.3674508637,92.96875000000001
1792,0.1,0.16,0.6785133433613459,0.4707101936607236,153,1.5300000000000002,8.704414479711923,86.15019301251668,2939.461182134587,224,2.24,10.026622123222678,126.12838715557996,4618.351637365182,87.5
1793,0.1,0.16,0.8618660395436125,0.4715498201115653,133,1.3300000000000003,10.242406824101522,94.95631675794175,5803.23304139657,170,1.7000000000000004,11.725872939078432,121.37273570563984,7498.707406845936,66.40625000000001
1794,0.1,0.16,0.4909108988698575,0.2476624591496827,216,2.1600000000000006,13.527340785479565,167.24620773918087,8454.405613678777,259,2.5900000000000003,13.816157740414436,200.54059168725854,10062.040735144285,101.171875
1795,0.1,0.16,0.6606535420367381,0.3565859494528483,152,1.5200000000000002,19.942959397957754,110.00518702046688,4561.394022628021,212,2.1200000000000006,19.641771546140827,153.42828716012485,6196.149036532881,82.81250000000001
1796,0.1,0.16,0.6202293778909441,0.1823346721403044,163,1.6300000000000003,14.858924943408192,216.5861651919497,7989.417898252583,210,2.1000000000000005,15.248715145383239,279.03739073809476,9726.454512684471,82.03125000000001
1797,0.1,0.16,0.6959178440064597,0.6026846409953138,146,1.4600000000000002,5.415639390784351,65.85378461851663,2133.252013881243,197,1.9700000000000004,7.538495869749369,88.85750390306696,3826.0200981954704,76.95312500000001
1798,0.1,0.16,0.7781122155920996,0.3674800733359971,136,1.3600000000000003,21.980174890197816,112.48830740145888,4638.088622962377,208,2.0800000000000005,20.890405684973356,172.04094073164302,6312.308355931027,81.25000000000001
1799,0.1,0.16,1.292147647857962,0.3241697940845877,181,1.8100000000000003,6.096634660970725,281.8241499734508,3183.9419809275187,232,2.3200000000000003,7.411592604452765,361.23316460685396,4829.614750988222,90.625
1800,0.1,0.16,0.6758952509492848,0.1271371334990972,73,0.7300000000000001,29.984689332662246,151.5967442783942,7482.1492348270585,129,1.2900000000000003,31.67273802162108,267.8901371494911,9143.662571936049,50.39062500000001
1801,0.1,0.16,1.1099379306844208,0.3001762437891166,185,1.8500000000000003,11.231366065657696,267.21088004707894,6082.000252065767,235,2.3500000000000005,12.15982480498272,339.4300368165597,7841.682768689816,91.79687500000001
1802,0.1,0.16,1.5022748250788136,0.4831281663626539,40,0.4000000000000001,14.648700050521859,48.58554266992732,1829.1388649555688,137,1.3700000000000003,14.983108241064132,166.4054836445011,3623.3165637820775,53.51562500000001
1803,0.1,0.16,0.7638977626331717,0.1993583726131015,127,1.2700000000000002,14.013969958452051,190.09229495305135,6182.74529057124,176,1.7600000000000002,13.129837822702202,263.43499143100024,7809.01636910522,68.75
1804,0.1,0.16,0.8807918517568892,0.2152191587336391,111,1.1100000000000003,12.746687551821333,177.44974203034153,4056.688257931864,177,1.7700000000000002,14.57150274020509,282.9603994537878,5687.378308336942,69.140625
1805,0.1,0.16,0.4306493203102444,0.4050507357450216,166,1.6600000000000004,5.9489457323288715,68.94177543587053,2619.7449599569754,200,2.0000000000000004,7.458791384565038,83.0623800432175,4282.582530898053,78.12500000000001
1806,0.1,0.16,1.5763547300210772,0.3301066048847566,395,3.9500000000000006,15.459404109397937,736.8123058871653,11248.859011187471,444,4.440000000000001,15.595946992614216,828.2143387693706,12840.779088696027,173.43750000000003
1807,0.1,0.16,0.585521876634762,0.3174232150319746,227,2.2700000000000005,19.556083635627196,163.56498263522758,19370.211894151616,263,2.6300000000000003,18.5998332636708,189.5048036698892,20788.99578328197,102.73437500000001
1808,0.1,0.16,0.5266106869399214,0.7903197872885772,122,1.2200000000000002,7.235695337738424,31.7546023181082,2530.4729182694605,165,1.6500000000000004,8.42825039994171,42.94679821711355,4203.042107412273,64.45312500000001
1809,0.1,0.16,0.8850202795892439,0.2956587606023514,53,0.5300000000000001,13.270479599915504,61.972408456769216,1664.0652610421705,103,1.0300000000000002,13.751772733249531,120.43694473674017,3382.6069988757204,40.23437500000001
1810,0.1,0.16,0.7394121947900607,0.439353384695106,201,2.0100000000000002,52.182606192831464,132.1383028535254,14095.462178922418,285,2.8500000000000005,50.63838749780315,187.36028016544648,15562.753799392785,111.32812500000001
1811,0.1,0.16,0.6947142298656341,0.0859429660769852,97,0.9700000000000002,67.08720920083596,306.2863381096602,49927.43092200523,137,1.3700000000000003,66.60850090606269,432.5899826909634,51137.35337037288,53.51562500000001
1812,0.1,0.16,0.8021150887894783,0.2661197778952138,47,0.4700000000000001,4.088878244835929,55.33723132011222,576.2575774131975,99,0.9900000000000002,5.356879901421057,116.56140214236403,2299.095348346065,38.67187500000001
1813,0.1,0.16,0.9300509549138948,0.5601691039212034,104,1.0400000000000003,10.72414769558399,67.44984644617564,3146.3914767961624,139,1.3900000000000003,11.77889498875713,90.14931400017707,4790.2643850037175,54.296875000000014
1814,0.1,0.16,0.5623586991604103,0.6928424504968399,239,2.3900000000000006,29.913573789674892,75.776905184981,12949.869442561472,318,3.1800000000000006,29.74774794972898,100.82450145951448,14722.368356134735,124.21875000000001
1815,0.1,0.16,1.6914771043318786,0.1297410591825359,47,0.4700000000000001,17.643266179018926,239.35724479211936,1905.9143620400696,103,1.0300000000000002,19.048437294553484,524.5488556082615,3711.8694437952513,40.23437500000001
1816,0.1,0.16,0.6582314876564027,0.1595650484329386,123,1.2300000000000002,12.09025805270706,198.2010867610702,2992.1422660682356,168,1.6800000000000004,12.664477490266181,270.7136794785349,4632.447171401629,65.62500000000001
1817,0.1,0.16,0.9937927843746636,0.2487113154702824,106,1.0600000000000003,6.958550798882045,165.44978020081354,1727.893607225567,144,1.4400000000000004,8.121782268418094,224.76196555582217,3312.739417526849,56.250000000000014
1818,0.1,0.16,0.920035633806722,0.2521485588265673,286,2.8600000000000008,17.090013840660255,407.6375904850697,11795.941614091582,353,3.5300000000000007,18.143380943813295,503.13310993436926,13468.51233029151,137.89062500000003
1819,0.1,0.16,0.3215469283375345,0.0676967798508178,156,1.5600000000000003,526.1026965228992,289.44162467916567,1622045.3854220745,194,1.9400000000000004,525.9307492732684,359.9466358189625,1620054.2633981663,75.78125000000001
1820,0.1,0.16,1.2942633361140423,0.3073587697141546,90,0.9000000000000001,6.855668043668433,148.04017289819288,1511.2539395009499,160,1.6000000000000003,7.776910195396127,263.1825295967874,3258.447143716595,62.50000000000001
1821,0.1,0.16,1.057698608214867,0.3158479674471746,119,1.1900000000000002,11.235299369320586,155.66495215601168,2454.342675173978,186,1.8600000000000003,12.358226687708289,243.30824454637118,4203.420965480498,72.65625000000001
1822,0.1,0.16,0.3825085695413446,0.2053363303289935,354,3.5400000000000005,64.81473845031394,257.59573596714097,99158.92904690615,400,4.000000000000001,61.68452348341945,291.0686282114588,99637.01496212684,156.25000000000003
1823,0.1,0.16,0.9123680934427232,0.2699511904423491,198,1.9800000000000004,8.208532513725668,261.4026988048446,3856.917535843861,274,2.7400000000000007,9.281744565416972,361.739088245088,5589.353871477422,107.03125000000001
1824,0.1,0.16,0.995345601633585,0.338840002556029,384,3.8400000000000007,14.890855866361994,440.62636972843825,12353.665092922396,452,4.5200000000000005,16.21686428215196,518.6539560345158,14080.04468085073,176.5625
1825,0.1,0.16,0.6854930664224531,0.1788575759424416,148,1.4800000000000002,6.820900468760017,221.57332555653937,3930.518905570351,189,1.8900000000000003,8.638270497324786,282.9551252039591,5737.661087703234,73.82812500000001
1826,0.1,0.16,0.4739981859425841,0.1512621217734766,204,2.0400000000000005,137.89297556139618,249.71043642284047,202246.2885045016,247,2.4700000000000006,138.32597368951912,302.34547939432156,202460.75819789455,96.48437500000001
1827,0.1,0.16,0.8693885284903212,0.3550259900205789,95,0.9500000000000002,9.332903560198416,90.8735299141774,1569.6141221765856,170,1.7000000000000004,11.309691918267973,162.6157903727385,3298.5622013129896,66.40625000000001
1828,0.1,0.16,0.6730095025594415,0.3080290891355562,88,0.8800000000000001,15.019298312489537,75.10557433197413,3786.0907593174256,133,1.3300000000000003,16.14193676344098,113.51183393355181,5429.847332830812,51.95312500000001
1829,0.1,0.16,1.59010670959865,0.2864813603000085,57,0.5700000000000001,13.348986917341495,123.58472351859464,2069.053066345765,99,0.9900000000000002,12.255488254114251,214.64715137440126,3815.916504871894,38.67187500000001
1830,0.1,0.16,0.552172420186583,0.2205565764651097,177,1.7700000000000002,30.258668738765035,173.09638574981392,12204.130019004338,235,2.3500000000000005,30.60728961251582,229.8172353175496,13848.344256274177,91.79687500000001
1831,0.1,0.16,2.1476716774995324,0.266869655179673,38,0.38000000000000006,9.601336626819363,119.457198838963,912.2492640891069,88,0.8800000000000001,10.333390309690648,276.63772362707215,2668.6923567396807,34.375
1832,0.1,0.16,1.3097886395004277,0.1956359827556884,98,0.9800000000000002,7.698969031783431,256.2940909418048,1500.3171801867732,174,1.7400000000000004,6.936253746242297,455.05277371300036,3136.950089546486,67.96875000000001
1833,0.1,0.16,0.4847466561751981,0.1938162892966767,173,1.7300000000000004,28.108580608671105,169.01711534780299,35914.684273333594,218,2.1800000000000006,29.878445541134695,212.981104889139,37633.016240234225,85.15625000000001
1834,0.1,0.16,0.6360556709360718,0.2852403287670935,255,2.5500000000000007,19.762518525188927,222.11833831842415,9794.944022100939,307,3.0700000000000007,19.997689102378253,267.41305828924004,11446.620259972544,119.92187500000003
1835,0.1,0.16,0.5814577512686472,0.4892102866135665,169,1.6900000000000004,21.941831587923748,78.46379749454314,7496.603980507001,250,2.5000000000000004,22.710876618662468,116.07070635287447,9206.845309406823,97.65625000000001
1836,0.1,0.16,0.3713474141114499,0.3203682462996642,168,1.6800000000000004,24.88690180970683,76.06769501203668,10963.14353474099,221,2.2100000000000004,26.204694215639748,100.06524165273872,12407.771960304757,86.32812500000001
1837,0.1,0.16,1.2793756178025322,0.1609312145897273,210,2.1000000000000005,7.946294509782275,652.1344004978582,6407.1754207319345,251,2.5100000000000007,10.123081325901284,779.4558786902973,8118.347125273418,98.04687500000003
1838,0.1,0.16,1.0176636140729374,0.1027995913139315,74,0.7400000000000001,222.8586313857697,286.1571575169215,143812.37260493508,126,1.2600000000000002,223.3326118596856,487.24056550178517,146171.22769159405,49.21875000000001
1839,0.1,0.16,0.4307320107753332,0.3603059590512266,79,0.7900000000000001,9.961489829830438,36.891204020109576,2153.7174104798387,129,1.2900000000000003,10.001135086882446,60.240067323976405,4035.3858020430284,50.39062500000001
1840,0.1,0.16,0.6434153572690356,0.2229090117804596,271,2.7100000000000004,17.120012935901556,305.55762210719445,18686.2399936503,311,3.1100000000000008,17.304542415207823,350.6583781377767,20372.69702277342,121.48437500000003
1841,0.1,0.16,0.4761843697816417,0.6134746109398735,162,1.6200000000000003,10.38262178347451,49.11946087561543,3321.8731080213443,231,2.3100000000000005,11.106367923534227,70.04071273004422,5069.606013656576,90.23437500000001
1842,0.1,0.16,0.55390180945337,0.2041468707131472,92,0.9200000000000002,25.241143576824932,97.50747688511366,12932.621391259823,132,1.3200000000000003,25.711654568593264,139.90203205255438,14329.177138189436,51.56250000000001
1843,0.1,0.16,0.6605319829810771,0.3411504263383197,412,4.120000000000001,47.290942649430534,311.6055493525745,81079.86594683687,472,4.720000000000001,48.40468189738621,356.98499828741546,82140.14788010383,184.37500000000003
1844,0.1,0.16,0.4552263657103162,0.4130670981818118,137,1.3700000000000003,15.663813010861343,58.97764209422294,8560.91914968767,183,1.8300000000000003,17.13712020449169,78.7803540382686,10089.649213093035,71.48437500000001
1845,0.1,0.16,0.594848657457495,0.8147261713830439,134,1.3400000000000003,23.102490640747185,38.21726919725016,6594.36812891961,189,1.8900000000000003,25.566724203189086,53.90346177821105,8233.72600870432,73.82812500000001
1846,0.1,0.16,0.5161864911863228,0.8592532072304279,288,2.880000000000001,5.779446705516894,67.5830823438385,4488.699120531033,317,3.170000000000001,7.899225223526896,74.38832327429445,6077.077083017468,123.82812500000003
1847,0.1,0.16,0.8308648119947217,0.2383179168085412,136,1.3600000000000003,27.93910358668595,185.21349014929646,17368.362242170333,179,1.7900000000000003,28.671276855471326,243.77363777002986,18950.840128673226,69.921875
1848,0.1,0.16,0.5895148968300586,0.1706223242396348,88,0.8800000000000001,7.277299882258987,118.7685999990961,2131.9256901904864,140,1.4000000000000004,8.215464728216348,188.9500454531075,3857.873516215365,54.687500000000014
1849,0.1,0.16,1.0356794001128533,0.1023883651556001,81,0.8100000000000002,16.854825312523058,320.05143816287836,4267.519161526,121,1.2100000000000002,16.947026856694347,478.10153108281827,6107.4684926492355,47.26562500000001
1850,0.1,0.16,1.032264148908728,0.2179942822938887,229,2.2900000000000005,27.839741050406385,423.5856691913783,13884.612457307241,287,2.8700000000000006,27.238208571646826,530.8693757988017,15681.877398870241,112.10937500000001
1851,0.1,0.16,1.5661692119191313,0.2648239578648931,118,1.1800000000000002,15.985721819194435,272.5984940861257,4201.392548754858,170,1.7000000000000004,16.741732975343663,392.7266440223845,5880.638945375646,66.40625000000001
1852,0.1,0.16,0.7059277169562872,0.6083753111579175,262,2.6200000000000006,16.163491468014023,118.75447352512897,11707.71674407453,319,3.190000000000001,17.656821015501325,144.59037043708452,13477.133490630617,124.60937500000003
1853,0.1,0.16,0.950879615080272,0.3580658815676354,106,1.0600000000000003,7.567976181688845,109.958421309349,2074.199302405515,166,1.6600000000000004,8.480892738598937,172.1990371448296,3817.972231351884,64.84375000000001
1854,0.1,0.16,1.3130215738646147,0.4055326694059906,31,0.31000000000000005,10.271200820308263,39.20737297023781,796.971538286004,72,0.7200000000000002,10.762344917942823,91.06228560829427,2506.113216413859,28.125000000000007
1855,0.1,0.16,0.7019826881367169,0.2496165895601463,141,1.4100000000000004,9.776452564571184,154.8931115241997,4692.036062528254,186,1.8600000000000003,10.66485220167552,204.32708328724215,6293.382174796794,72.65625000000001
1856,0.1,0.16,0.8249754294771563,0.2807289739627051,227,2.2700000000000005,15.326227639127222,260.5791526541468,9047.675519207392,298,2.9800000000000004,15.471258252126681,342.08188321998125,10605.606640306014,116.40625000000001
1857,0.1,0.16,0.3380252313716367,0.1732803308694996,190,1.9000000000000004,45.073140228213475,144.7816380253667,24176.444551216864,237,2.3700000000000006,45.13342096983946,180.5960432211153,25999.619420667055,92.57812500000001
1858,0.1,0.16,0.5634139816377781,0.4247477976715951,121,1.2100000000000002,16.319178945023125,62.696296771473506,3810.344709695167,195,1.9500000000000004,17.25514360470882,101.03948653253995,5602.3465466647685,76.17187500000001
1859,0.1,0.16,0.761924873325442,0.3657040297022672,201,2.0100000000000002,13.903458500043131,163.58312398388657,6643.288576947121,260,2.6000000000000005,14.365412672716932,211.60006087467917,8183.561609417672,101.56250000000001
1860,0.1,0.16,0.8785431895092546,0.0876571483731022,150,1.5000000000000002,20.966724417550097,587.2554716382236,11265.617003867053,207,2.0700000000000003,20.993972012727166,810.4125508607488,12599.983164695765,80.85937500000001
1861,0.1,0.16,0.6576965484154113,0.142868716556524,154,1.5400000000000003,16.500701531166296,276.92947024523335,8200.398901598252,205,2.0500000000000003,17.426301973405813,368.63987922255086,10085.795706959036,80.078125
1862,0.1,0.16,1.2863750358584845,0.21896197879201,258,2.5800000000000005,11.45896929844955,592.0776054264614,7369.779662460226,337,3.3700000000000006,12.695352323324393,773.3726861578199,9060.187172667016,131.64062500000003
1863,0.1,0.16,1.0996743997764329,0.1830824156839277,255,2.5500000000000007,14.966266942328673,598.2981995077896,11271.655760938207,311,3.1100000000000008,15.483012654381795,729.6891766545983,13003.846538606625,121.48437500000003
1864,0.1,0.16,0.384915445367089,0.2227438743113523,365,3.650000000000001,77.87294867840816,246.38398094516072,100100.01924633086,436,4.360000000000001,78.87296669965052,294.31072792353444,100564.93495273526,170.31250000000003
1865,0.1,0.16,0.9257822000181204,0.5264179770726954,215,2.1500000000000004,17.2435052893696,147.6986783145322,8011.795971507697,322,3.2200000000000006,17.589589870017324,221.2045321733924,9860.364888855447,125.78125000000001
1866,0.1,0.16,0.6754586495358119,0.5057150490749788,367,3.670000000000001,23.434757377888296,191.47804680307482,20706.307248642486,422,4.220000000000001,24.550081176488778,220.17366689617864,22280.792671657684,164.84375000000003
1867,0.1,0.16,0.5696965301978616,0.3242260021948941,113,1.1300000000000001,3.1496858122126064,77.55935900584902,1031.3063025547672,146,1.4600000000000002,5.727430713731109,100.20943729959255,2677.531140045742,57.03125000000001
1868,0.1,0.16,0.7388161130627623,0.2193350072518022,227,2.2700000000000005,33.22493706732407,298.6856081312977,22599.892777335146,284,2.8400000000000007,32.03381783230098,373.6859590717558,24482.02591635661,110.93750000000003
1869,0.1,0.16,0.4994993565824029,0.4279473041706782,130,1.3000000000000003,26.36935047595055,59.27178756413838,11653.7604526813,179,1.7900000000000003,26.593206982015257,81.61269210754438,13239.357935080168,69.921875
1870,0.1,0.16,0.4702540370964123,0.2622569491747097,0,0.0,0.8050744899007442,0.0,207.9467107662166,77,0.7700000000000001,3.6802777430284674,53.933212271595025,1899.8271562351292,30.078125000000004
1871,0.1,0.16,1.3365312573651775,0.2552979130884563,162,1.6200000000000003,19.267474805640223,331.28891500509667,10492.06053305879,210,2.1000000000000005,19.632054380579387,429.4485935251254,12261.157596076362,82.03125000000001
1872,0.1,0.16,0.7158455118032491,0.3959632311631326,83,0.8300000000000002,8.919023643208558,58.61416383238395,1503.7127777301753,137,1.3700000000000003,8.878454744723733,96.74868006068193,3211.433903045988,53.51562500000001
1873,0.1,0.16,0.812829408662482,0.2581268016518485,134,1.3400000000000003,28.50072867497662,164.82805771196877,9885.18212904923,174,1.7400000000000004,28.118619651494452,214.03046299912364,11641.845131180806,67.96875000000001
1874,0.1,0.16,0.7235390141371607,0.7905326624354659,119,1.1900000000000002,13.794048278201204,42.54505912085282,4112.524437026472,220,2.2000000000000006,14.685157649595485,78.65473114779513,5896.274600011931,85.93750000000001
1875,0.1,0.16,0.3917372141084624,0.3810453438561778,131,1.3100000000000003,13.434018450755861,52.607722614693955,6301.078649737839,186,1.8600000000000003,13.61924005418536,74.69493439948913,8146.4927992949915,72.65625000000001
1876,0.1,0.16,0.527181222773194,0.2559555276116959,344,3.440000000000001,45.40619696473991,276.7667394064551,66330.93030028208,389,3.8900000000000006,47.16548486397481,312.9716907822995,68565.079052357,151.95312500000003
1877,0.1,0.16,0.6047520978834034,0.349603782831428,100,1.0000000000000002,4.119919783130148,67.57114763532479,1164.8363024433943,140,1.4000000000000004,6.129875732179578,94.59960668945472,2881.8829128052494,54.687500000000014
1878,0.1,0.16,1.5347107231813033,0.3682634783441891,0,0.0,0.010833282356215404,0.0,0.000306868304225487,38,0.38000000000000006,3.154871663329957,61.86022681274643,1689.0068031254132,14.843750000000002
1879,0.1,0.16,0.7560080265176589,0.1983670989332386,79,0.7900000000000001,8.250554924920783,117.60990264403769,1610.9726181232068,118,1.1800000000000002,9.694985896683924,175.67048749362593,3306.4243713537953,46.09375000000001
1880,0.1,0.16,0.5917959722821549,0.7908784067536683,134,1.3400000000000003,14.13979889624207,39.16761433820796,5045.30021709954,194,1.9400000000000004,14.514864328129056,56.705352101584666,6780.7615014210605,75.78125000000001
1881,0.1,0.16,0.3367451739178722,0.4124402371727558,184,1.8400000000000003,26.359932277198503,58.68379753939745,13803.793982304811,241,2.4100000000000006,26.081723854971695,76.86301742931948,15337.6264992834,94.14062500000001
1882,0.1,0.16,1.0177900473893433,0.6019331126659897,35,0.3500000000000001,8.502123492669078,23.117349770841756,771.7815810126646,90,0.9000000000000001,8.358700098641691,59.44461369645022,2462.96092112772,35.15625
1883,0.1,0.16,0.8902773871441756,0.2934848612425593,0,0.0,1.7197325759344895,0.0,431.1277723306071,94,0.9400000000000002,4.941402587434137,111.38520968610604,2101.2241554222824,36.71875000000001
1884,0.1,0.16,0.7082419428113284,0.3205164459878667,92,0.9200000000000002,7.190414118632125,79.41072958467046,1574.179100693606,139,1.3900000000000003,7.812431252674714,119.9792544811869,3262.9180857299207,54.296875000000014
1885,0.1,0.16,1.1385084936979863,0.3389939201640381,140,1.4000000000000004,7.23793508343368,183.66755137962406,2477.4312906379364,202,2.0200000000000005,7.679164197318234,265.00603841917183,4053.1268935964845,78.90625000000001
1886,0.1,0.16,0.5243462693387102,1.2692053823100249,319,3.190000000000001,30.990722412146777,51.47981707023547,22192.08175710442,398,3.980000000000001,32.70512865777414,64.22873728512137,24042.56664283794,155.46875000000003
1887,0.1,0.16,0.8238509207076978,0.4240857351205244,198,1.9800000000000004,17.21131884336304,150.25197588967944,8951.841885774782,270,2.7000000000000006,17.610395325849808,204.88905803138107,10466.87042986196,105.46875000000001
1888,0.1,0.16,0.3773399844821355,0.4287370753316836,121,1.2100000000000002,4.846598916910139,41.599411924524134,1483.4139894616594,158,1.5800000000000003,6.216110343923988,54.319893256816634,3234.022946561344,61.71875000000001
1889,0.1,0.16,0.8298477715570897,0.1993805404314327,72,0.7200000000000002,27.601425472317047,117.05991228903122,5063.660089969492,122,1.2200000000000002,29.672247608797306,198.35151804530287,6893.21766326072,47.65625000000001
1890,0.1,0.16,0.2837850916315963,0.2869539138090379,137,1.3700000000000003,20.854268080276746,52.924653798079056,9784.480584498242,180,1.8000000000000003,21.75076343703393,69.53604148652722,11536.200602402265,70.3125
1891,0.1,0.16,1.0819794966869036,0.652447704669763,158,1.5800000000000003,55.20614069320925,102.35061229151661,13916.878058164382,296,2.9600000000000004,55.609378703766836,191.74545087524632,15667.941416074103,115.62500000000001
1892,0.1,0.16,1.876414768676132,0.0788912321825612,317,3.170000000000001,43.24652454056451,2945.231251931638,80177.63135186947,367,3.670000000000001,43.43341294680919,3409.7787680091833,82165.42387979622,143.35937500000003
1893,0.1,0.16,0.7689093902570008,0.2352797572118071,78,0.7800000000000001,22.53655964356484,99.57383610908161,4431.559390449719,130,1.3000000000000003,21.746698607446568,165.95639351513603,6037.224630159064,50.78125000000001
1894,0.1,0.16,0.6340567500873288,0.5698316455011465,0,0.0,0.6326621743543197,0.0,420.67045925952215,118,1.1800000000000002,3.8602645454327122,51.28892639620699,2106.5299328282154,46.09375000000001
1895,0.1,0.16,1.5163820966694126,0.2118736041829749,62,0.6200000000000001,14.666712902072309,173.33390369853052,1793.6130704143288,116,1.1600000000000001,15.46523850452782,324.3021424037022,3447.5525389284358,45.3125
1896,0.1,0.16,0.9630924029192388,0.5129731586146028,267,2.6700000000000004,54.91353312998826,195.81439354838412,102464.7897633176,306,3.0600000000000005,54.52718441115973,224.41649597679978,103928.84227054389,119.53125000000001
1897,0.1,0.16,0.6383128803965101,0.0912224598795321,135,1.3500000000000003,158.2851317785537,368.9993763225887,211316.13528876755,188,1.8800000000000003,159.51319417399398,513.8657981381235,214195.35653478454,73.43750000000001
1898,0.1,0.16,1.4069527216581923,0.3563520439988919,77,0.7700000000000001,3.9799007912195865,118.75475542735181,1038.93678150337,158,1.5800000000000003,5.308641076017613,243.6785890587219,2833.570091614206,61.71875000000001
1899,0.1,0.16,0.408763222131937,0.2395819829780257,152,1.5200000000000002,32.413487982515385,101.30276080196657,17269.982988204305,220,2.2000000000000006,33.20687209634548,146.62241695021476,18700.0317135758,85.93750000000001
1900,0.1,0.16,0.3246573901364128,0.3434865950624257,333,3.3300000000000005,56.47982363099302,122.94751871950923,202992.94927427653,380,3.8000000000000007,57.57598128563751,140.30047181205262,203878.83597057135,148.43750000000003
1901,0.1,0.16,0.5256611858156741,0.8185531189896114,418,4.180000000000001,21.013691889731906,104.85650045828591,42110.609489941504,461,4.610000000000001,21.46950593504119,115.64317395040624,44046.91193643436,180.07812500000003
1902,0.1,0.16,0.4507119859039204,0.1987311714045818,175,1.7500000000000004,31.75871261854715,155.03551578567544,22280.360193758122,223,2.2300000000000004,30.83051852993284,197.55954297260357,23780.20906257345,87.10937500000001
1903,0.1,0.16,0.792396070941483,0.1572766645213439,260,2.6000000000000005,4.771672864072578,511.69527405683766,4004.39503789152,292,2.9200000000000004,6.810630110174194,574.6731539407562,5757.330310758972,114.06250000000001
1904,0.1,0.16,1.33890113255326,0.2842941398573627,55,0.5500000000000002,10.790324380367426,101.18201533851976,1569.3419330044799,108,1.0800000000000003,10.22288804747256,198.6846846647297,3061.3443433126977,42.18750000000001
1905,0.1,0.16,0.6971135908204633,0.1790612971553681,122,1.2200000000000002,13.131979763320984,185.53322292595573,4109.432735232553,176,1.7600000000000002,12.351910386750028,267.6544855325263,5674.770065024621,68.75
1906,0.1,0.16,1.4154770564082844,0.276202151174659,102,1.0200000000000002,3.786176685985368,204.19071222440928,1263.9610454620047,188,1.8800000000000003,5.25761690213614,376.35150880577396,3000.3637373565907,73.43750000000001
1907,0.1,0.16,0.5490712536461319,0.3831617625575358,104,1.0400000000000003,12.153234984084984,58.21567248904338,2551.257287971925,191,1.9100000000000004,11.344860005838076,106.91532159045467,4067.2997373651133,74.60937500000001
1908,0.1,0.16,0.6288161338648445,0.1787147228789119,229,2.2900000000000005,28.85055741996671,314.745015511344,49268.2738104574,274,2.7400000000000007,30.484294892425396,376.5944727078963,50933.18219039554,107.03125000000001
1909,0.1,0.16,0.566446275023474,0.1210895507583589,172,1.7200000000000004,45.435009220800566,314.29721941149813,22895.20230762371,239,2.3900000000000006,46.04668226275758,436.72695022876775,24903.91874849623,93.35937500000001
1910,0.1,0.16,0.5670751774764207,0.3309871275766631,144,1.4400000000000004,8.904807914583582,96.3722636786244,2977.7369911233955,217,2.1700000000000004,9.609703846687246,145.22764734903816,4629.282260526844,84.76562500000001
1911,0.1,0.16,0.7012505087522136,0.2003902284872791,156,1.5600000000000003,12.649464100314356,213.24619069337857,6596.059594940862,197,1.9700000000000004,12.472722798882831,269.2916638884332,8272.732001661187,76.95312500000001
1912,0.1,0.16,0.798797042569374,0.2874878776463639,183,1.8300000000000003,25.02781061354385,198.6223134255425,5808.144336276169,276,2.7600000000000007,27.27208130896114,299.56152188770346,7613.148345408672,107.81250000000001
1913,0.1,0.16,1.259139505823749,0.3677160562839002,113,1.1300000000000001,21.2057660867879,151.1470706798311,6505.308210827466,164,1.6400000000000003,21.67380189702506,219.3638901901974,8067.765650281998,64.06250000000001
1914,0.1,0.16,1.2816284334126902,0.5690327203438413,495,4.950000000000001,7.143264401980684,435.50197380066885,8478.67326075796,564,5.6400000000000015,8.201758053108975,496.20830954258037,10136.25973488214,220.31250000000006
1915,0.1,0.16,0.7651888071552317,0.1710822420956221,76,0.7600000000000001,12.511260555862105,132.78141807215798,2176.741377592679,137,1.3700000000000003,12.545788463607751,239.3559773142848,3907.1230589282286,53.51562500000001
1916,0.1,0.16,1.0356055436913012,0.2087923508970796,262,2.6200000000000006,7.554544742785253,507.6227860205538,6388.998214329042,317,3.170000000000001,9.44955704985694,614.1848212538762,8157.387787376829,123.82812500000003
1917,0.1,0.16,0.3374617343079234,0.4717224628657128,149,1.4900000000000002,10.96408769836225,41.63746493079817,4406.030138472373,207,2.0700000000000003,11.332008625115192,57.84533718573974,6137.469925961026,80.85937500000001
1918,0.1,0.16,1.975366822953997,0.2424224499615655,180,1.8000000000000003,11.238945443674403,572.9377776727092,6298.430873713283,229,2.2900000000000005,12.915148699546496,728.9041727058358,8094.884266372615,89.45312500000001
1919,0.1,0.16,0.7405394075021826,0.2173940221830443,125,1.2500000000000002,6.175994266928373,166.33001401711385,1662.5619296593875,166,1.6600000000000004,6.8881668978545205,220.8862586147272,3304.575166612958,64.84375000000001
1920,0.1,0.16,1.198260691321925,0.2783379976397335,101,1.0100000000000002,11.611492521268023,169.84791598055847,3248.977763639726,153,1.5300000000000002,12.489941512089647,257.29436777252914,5094.623533223503,59.76562500000001
1921,0.1,0.16,0.450004388452743,0.1263804059000652,168,1.6800000000000004,26.277571001327697,233.67180839380444,22069.36180552643,216,2.1600000000000006,26.925718283816277,300.43518222060567,23987.234951404163,84.37500000000001
1922,0.1,0.16,0.9051285715393138,0.3616530774006976,54,0.5400000000000001,13.253734577972184,52.792460506989116,2137.7036330271862,96,0.9600000000000002,13.43651891686044,93.85326312353621,3799.154253535798,37.50000000000001
1923,0.1,0.16,0.6698600997610303,0.2661655263564348,177,1.7700000000000002,37.4441111959903,174.0065537188238,30804.560553255633,231,2.3100000000000005,37.367705505838,227.09329892117685,32110.387464587315,90.23437500000001
1924,0.1,0.16,0.5873624808045896,0.3356707724166929,120,1.2000000000000002,7.699785203899675,82.02267981061179,2252.992635731902,180,1.8000000000000003,8.887619316996767,123.03401971591767,3946.8555750253518,70.3125
1925,0.1,0.16,0.381445079101845,0.7126662418316242,179,1.7900000000000003,13.772067984980913,37.42474888634579,6161.824959186464,255,2.5500000000000007,14.584340188673746,53.3145864023362,7719.764383879099,99.60937500000003
1926,0.1,0.16,0.6491317874622567,0.3118776979985892,394,3.940000000000001,11.013797851336987,320.3353103002732,27279.120501175443,431,4.3100000000000005,12.925716724646621,350.4175602523292,28631.43962682422,168.359375
1927,0.1,0.16,0.574268630120926,0.3080397772447401,682,6.820000000000001,92.66323752701123,496.6525869209488,197248.0411294886,726,7.260000000000002,92.4033291141117,528.6946893029454,199250.34094065192,283.59375000000006
1928,0.1,0.16,1.220447848609583,0.5393734182402559,71,0.7100000000000002,14.682692439279265,62.75496188098051,4164.126943085348,115,1.1500000000000001,14.665234566405472,101.64536079313741,5766.0592969152485,44.921875
1929,0.1,0.16,0.5916524961369887,0.6331314631497714,313,3.130000000000001,6.8621738177996505,114.25551632376674,5645.973486929335,347,3.4700000000000006,8.681360549098917,126.66665867203533,7321.388920648626,135.54687500000003
1930,0.1,0.16,0.7466249893226468,0.4314813817465276,76,0.7600000000000001,11.365292817359242,51.370534878691686,2314.735176948781,129,1.2900000000000003,12.020650381532153,87.19472367567404,4055.4779166187354,50.39062500000001
1931,0.1,0.16,0.389015077152706,0.694262783527491,57,0.5700000000000001,7.4751837445230045,12.47605954508901,1109.5143528107938,113,1.1300000000000001,7.893575173000422,24.733240852544878,2809.198337039632,44.140625
1932,0.1,0.16,0.4184672956693573,0.1660718681570514,115,1.1500000000000001,17.320305797076745,113.1939789457275,6597.252831928831,154,1.5400000000000003,17.177384673667532,151.58150224036552,8010.907330151174,60.15625000000001
1933,0.1,0.16,0.6236575516436988,0.4125302612437629,390,3.900000000000001,10.741640243206712,230.31117728616383,12863.454240027837,419,4.19,11.451686220850355,247.43688021257083,14558.516193328584,163.671875
1934,0.1,0.16,0.5456401867155223,0.793377213227006,147,1.4700000000000002,10.707501430013428,39.49153325076727,3752.192114422332,198,1.9800000000000004,11.555517648349843,53.192677439808975,5499.905675562722,77.34375000000001
1935,0.1,0.16,0.5979724755716308,0.303474698380802,263,2.6300000000000003,11.78289758002801,202.42981992511477,10159.516735383182,322,3.2200000000000006,12.628861302817382,247.84183276002645,11763.745879509142,125.78125000000001
1936,0.1,0.16,0.8428772086400945,0.2233821645542138,165,1.6500000000000004,17.958061630181092,243.19788554536285,8200.87935581313,230,2.3000000000000003,19.537168348755717,339.0031131844451,9716.851859343817,89.84375
1937,0.1,0.16,1.14543296970854,0.490855563647685,55,0.5500000000000002,3.6221512557880082,50.13473062362013,558.1312413896059,95,0.9500000000000002,5.410698479395615,86.59635289534387,2276.5097732870545,37.10937500000001
1938,0.1,0.16,0.6828727048740642,0.4160222103796808,0,0.0,0.9317507399429712,0.0,708.1392950028227,145,1.4500000000000002,3.859080450705844,92.97180735665036,2406.8245638553444,56.64062500000001
1939,0.1,0.16,1.3873440660227874,0.516823526213601,1058,10.580000000000002,41.915996290949344,1109.3985871475434,122974.36190670774,1105,11.050000000000002,40.511444780269,1158.6818892230958,124455.20811083476,431.64062500000006
1940,0.1,0.16,0.7136611702526581,0.1787753497210238,68,0.6800000000000002,15.16707550676239,106.03601035835061,2115.6807038102575,106,1.0600000000000003,14.020911549522197,165.29142791154655,3744.336271202201,41.40625000000001
1941,0.1,0.16,1.2097804721158834,0.3451461097770968,119,1.1900000000000002,23.26045505095953,162.93357375469242,7361.325096354938,184,1.8400000000000003,23.60265754241232,251.93090395683538,9075.068260142243,71.87500000000001
1942,0.1,0.16,0.4761594584062729,0.5258541458276377,148,1.4800000000000002,14.787119634830727,52.34905706750035,3955.6472097952437,202,2.0200000000000005,14.069428084488278,71.44938870023697,5494.874959414346,78.90625000000001
1943,0.1,0.16,1.9339216185694343,0.4972238260238535,28,0.28,6.81248306077137,42.54073637671667,516.1258942334842,73,0.7300000000000001,6.450682710092728,110.9097769821542,2196.8238323896167,28.515625000000004
1944,0.1,0.16,1.3903991958068884,0.19921,14,0.14,3.863226869890597,38.169497525570605,202.9579527786168,67,0.6700000000000002,4.427402616842794,182.66830958665938,1923.3822666078281,26.171875000000004
1945,0.1,0.16,1.5292213710635134,0.4167536003102191,22,0.22000000000000003,7.547960441044169,31.53361158198691,471.8459962325218,89,0.8900000000000001,8.170981214738813,127.56779230894705,2148.2860396575466,34.765625
1946,0.1,0.16,0.9174258577345094,0.6813806562926541,125,1.2500000000000002,8.196490063831122,65.74325825952538,2405.001902292546,205,2.0500000000000003,8.656258504517156,107.8189435456216,3996.1007897088357,80.078125
1947,0.1,0.16,1.214374357267436,0.3260311159729344,82,0.8200000000000002,7.998556430209474,119.30741185590303,1586.6823215113222,136,1.3600000000000003,10.052493940913484,197.87570746832694,3321.6154566913683,53.12500000000001
1948,0.1,0.16,1.0305513252028184,0.1372603816602256,138,1.3800000000000003,23.772610183050386,404.7282741186801,8408.209185885376,189,1.8900000000000003,22.82487591714004,554.3017667277576,10233.674635776306,73.82812500000001
1949,0.1,0.16,0.5054643047948576,0.6648302158436218,106,1.0600000000000003,3.155735129048624,31.480791443653313,1072.5568090059962,168,1.6800000000000004,5.51563537562824,49.89408455220526,2790.486142731006,65.62500000000001
1950,0.1,0.16,0.9990894250668946,0.8885123873161124,31,0.31000000000000005,3.58545165770235,13.616409494542154,330.2144888139071,80,0.8000000000000002,4.605901724418592,35.139121276237816,2033.603275097461,31.250000000000004
1951,0.1,0.16,0.6558278890960282,0.1480880764712397,162,1.6200000000000003,78.73325695633316,280.2494947317254,52066.526218253166,228,2.2800000000000002,78.4243900581522,394.4252148076135,54006.44649876627,89.0625
1952,0.1,0.16,0.640447617957346,0.3801871862967078,199,1.9900000000000004,32.82202170712022,130.94811476181565,68526.61416297099,238,2.3800000000000003,33.74461077795301,156.6113131322217,69948.79227421875,92.96875000000001
1953,0.1,0.16,0.4954029038717562,0.2257786521676516,19,0.19000000000000003,10.647148328777899,16.285057917889308,702.9146347052678,66,0.6600000000000001,11.9522307487253,56.56914855687865,2440.42869050442,25.781250000000004
1954,0.1,0.16,0.4434324906442906,0.2473944761912425,115,1.1500000000000001,12.239596455316356,80.51844658109077,4765.186729008669,164,1.6400000000000003,12.901540854954503,114.826306428686,6575.3586734964465,64.06250000000001
1955,0.1,0.16,0.6849786565678581,0.3264313859555812,102,1.0200000000000002,10.030716186450192,83.60751913524439,2539.1390944284717,185,1.8500000000000003,11.55440123086552,151.64108862764914,4359.210613187556,72.26562500000001
1956,0.1,0.16,0.6878603237816113,0.3538580866994617,132,1.3200000000000003,24.685718529500956,100.23170100705597,5376.291120719057,237,2.3700000000000006,25.682200882903885,179.9614631717596,7156.46042838989,92.57812500000001
1957,0.1,0.16,0.4996848609087559,0.4802039911643042,336,3.3600000000000008,11.888917648778419,136.57453749032763,14379.722535596866,381,3.810000000000001,13.308990748574507,154.8657701899251,15871.82799511249,148.82812500000003
1958,0.1,0.16,0.4112600538265344,0.2384889520387853,176,1.7600000000000002,23.8610725021372,118.55529767255649,14472.7029962211,232,2.3200000000000003,23.769514700072,156.2774378410972,16011.157945865907,90.625
1959,0.1,0.16,1.318829185274471,0.2002967579996101,83,0.8300000000000002,13.422191135901592,213.47781870440448,3267.0827805716144,143,1.4300000000000004,13.22155297910674,367.79913343048,4924.381300861324,55.859375000000014
1960,0.1,0.16,0.9316542013493996,0.6901199884401534,916,9.160000000000002,21.55917923323133,483.04283965720924,83883.21756864918,938,9.380000000000003,22.33101098239387,494.6443052384959,85396.39820759695,366.40625000000006
1961,0.1,0.16,1.447543420726158,0.0782550057947937,331,3.3100000000000005,26.086677094829973,2391.7043877997435,25932.435828861628,362,3.6200000000000006,26.106957555931956,2615.7008712492666,27539.058426439027,141.40625000000003
1962,0.1,0.16,0.4898885743369665,0.3168521455023362,224,2.24,28.249552043234175,135.2847088553753,20559.711346856777,275,2.7500000000000004,27.120181011213358,166.08613810369738,22277.932472625966,107.42187500000001
1963,0.1,0.16,1.0157894419132842,0.6528462408367232,48,0.4800000000000001,8.363295295660443,29.17387103502906,1079.1251438753045,99,0.9900000000000002,9.09056164320925,60.17110900974743,2779.938084613526,38.67187500000001
1964,0.1,0.16,1.0659712123324347,0.2617716979091894,65,0.6500000000000001,12.309077261251952,103.3942000961369,2138.078418128857,112,1.12,12.262849806148756,178.15616016565124,3787.831827290007,43.75
1965,0.1,0.16,0.554625592783528,0.5528994814727518,118,1.1800000000000002,12.98195840471168,46.237651280245665,2795.3031005993425,192,1.9200000000000004,14.012309866719002,75.23414445599295,4392.206756559306,75.00000000000001
1966,0.1,0.16,0.4617306204621383,0.3927719372775383,171,1.7100000000000004,26.866443352118814,78.52435373173921,10464.732619183487,260,2.6000000000000005,25.920539866656895,119.39375421200113,12236.520545153086,101.56250000000001
1967,0.1,0.16,0.4802920269986905,0.0899939362498068,89,0.8900000000000001,53.0838845189307,185.54197312557486,32369.878930636958,140,1.4000000000000004,52.56340431893562,291.8637779503426,34331.001655989385,54.687500000000014
1968,0.1,0.16,0.4766619325472251,0.2825840598746443,439,4.390000000000001,103.7035610065591,289.2593220771666,164114.76863038976,499,4.990000000000001,101.36112127487358,328.7936257779183,165292.86693663796,194.92187500000003
1969,0.1,0.16,1.2802596353404718,0.2232566387007692,210,2.1000000000000005,20.37865492581169,470.40616047383526,16818.418428771525,251,2.5100000000000007,20.676034737098792,562.2473632330127,18489.11168396873,98.04687500000003
1970,0.1,0.16,0.6060420645925918,0.529683007443745,401,4.010000000000001,9.660888003834646,179.2219241319651,12806.983323231005,449,4.490000000000001,10.752594160701982,200.67492253180131,14317.91840899193,175.39062500000003
1971,0.1,0.16,0.4027554059901702,0.1377206864094566,273,2.7300000000000004,167.90685232737866,311.8637391134244,532749.4328879034,322,3.2200000000000006,167.03701522987964,367.8392820312185,532403.6274687976,125.78125000000001
1972,0.1,0.16,0.8482072597916491,0.5914308733968493,122,1.2200000000000002,13.318817655994492,68.34674861033578,4050.149049741541,170,1.7000000000000004,14.799148222026435,95.23727265374659,5686.996246060274,66.40625000000001
1973,0.1,0.16,1.1670581504219584,0.7990788429938621,15,0.15000000000000002,5.267652774334879,8.557642853498987,236.11481257726672,56,0.56,5.3812077056328596,31.948533319729545,1933.7069050373357,21.875
1974,0.1,0.16,0.9147193998700912,0.2243615505901758,326,3.2600000000000007,19.167333667094482,519.1789692609989,15405.706486932537,378,3.7800000000000007,18.795155116988592,601.9927925787043,17110.333816484796,147.65625000000003
1975,0.1,0.16,1.0174928621463348,0.4707662255396853,69,0.6900000000000002,11.001876826117023,58.25526729025309,1667.0293352176323,108,1.0800000000000003,10.045280172731342,91.18215749778744,3388.5915440292692,42.18750000000001
1976,0.1,0.16,0.866400799261431,0.0874172386144418,155,1.5500000000000003,13.043200381537982,600.0859981879552,6444.473928133934,191,1.9100000000000004,13.692706410902659,739.460810670319,7899.514778895489,74.60937500000001
1977,0.1,0.16,0.8898064391935707,0.398382227338197,55,0.5500000000000002,6.717590846718986,47.986415821759316,1071.3473123866845,108,1.0800000000000003,7.144179508106011,94.22787106818193,2775.105691136855,42.18750000000001
1978,0.1,0.16,0.8618024180691087,0.5354076165688442,531,5.310000000000001,15.823411719022838,333.8702474592896,20409.670609066914,591,5.910000000000001,17.850874671768103,371.5956991496048,22257.34573180542,230.85937500000003
1979,0.1,0.16,1.161305728741591,0.1174049865337479,142,1.4200000000000004,54.41755846402963,548.666449722038,14624.179665789354,191,1.9100000000000004,54.40686572201993,737.9950133585158,16209.430619684623,74.60937500000001
1980,0.1,0.16,0.6709674233749741,0.2435822491201668,148,1.4800000000000002,7.193431129582548,159.2493061541985,3132.2717011552286,187,1.8700000000000003,8.712192027017505,201.21365034348054,4785.218721472178,73.04687500000001
1981,0.1,0.16,0.4668380641016978,0.5337418277048042,104,1.0400000000000003,9.148707385568086,35.532715199942295,2247.9433384691,164,1.6400000000000003,9.99903599045873,56.032358584524395,3939.0649237085327,64.06250000000001
1982,0.1,0.16,0.4438095845371701,0.3619392106996107,210,2.1000000000000005,13.67087443078045,100.586656281847,5612.928264579317,258,2.5800000000000005,14.300483696376858,123.57789200341202,7466.663306402057,100.78125000000001
1983,0.1,0.16,0.6818216409296999,0.4848606267996082,188,1.8800000000000003,14.891599517891121,103.26942215596564,5174.523605018753,260,2.6000000000000005,15.401054839188035,142.81941361995248,6873.4676465902085,101.56250000000001
1984,0.1,0.16,1.5961164810664958,0.3890253644810048,58,0.5800000000000001,22.356182707103414,92.95541454580015,5060.945113026744,106,1.0600000000000003,22.800535972935343,169.88403348025548,7001.65749151538,41.40625000000001
1985,0.1,0.16,1.4630435924116263,0.4021873358860214,65,0.6500000000000001,21.282151884521323,92.36390084670384,3578.380157103271,130,1.3000000000000003,20.322838075048598,184.72780169340768,5136.202479467709,50.78125000000001
1986,0.1,0.16,0.8774765385885197,0.6025204544504932,63,0.6300000000000001,9.49482045646061,35.839694789318,1510.6503682239231,118,1.1800000000000002,10.205633323379203,67.1283172244369,3142.342875821252,46.09375000000001
1987,0.1,0.16,0.7066520488294312,0.8524695900011294,105,1.0500000000000003,8.345530720100628,33.99977639112176,2127.909742225031,160,1.6000000000000003,9.565532663762136,51.80918307218553,3832.3095855858455,62.50000000000001
1988,0.1,0.16,0.4949649374350309,0.2819252502369247,246,2.4600000000000004,14.1135229462638,168.70797105500986,12895.244149678269,291,2.9100000000000006,14.328907107085636,199.56918527238972,14176.137311439496,113.67187500000001
1989,0.1,0.16,0.7137828261636711,1.4077502137286004,47,0.4700000000000001,6.30469883179648,9.308900432974882,873.647903199987,140,1.4000000000000004,6.250898469353105,27.728639587584755,2473.3028805095973,54.687500000000014
1990,0.1,0.16,0.4315802439086967,0.2668850346822929,79,0.7900000000000001,9.425724546137142,49.90274784505769,2555.763243507892,121,1.2100000000000002,10.428102635441068,76.43332264875924,4212.41571770096,47.26562500000001
1991,0.1,0.16,0.8513803947457472,0.4313789110054756,547,5.470000000000001,4.067328644887818,421.708249157444,7479.673299449385,550,5.500000000000001,6.808620148464278,424.0210914745781,9204.461547283732,214.84375000000003
1992,0.1,0.16,0.517948480173215,0.5524745940640746,0,0.0,0.4129909103873541,0.0,177.24668923795588,87,0.8700000000000002,3.6288949130713926,31.86056982530703,1870.182141456688,33.98437500000001
1993,0.1,0.16,0.364488498616618,0.2301922539007007,167,1.6700000000000004,13.197698517278052,103.29269990205812,15094.783836374176,202,2.0200000000000005,14.61265134764897,124.94087054021401,16807.283684231123,78.90625000000001
1994,0.1,0.16,0.6221724742633385,0.3887508993488711,213,2.1300000000000003,7.293810887812726,133.16160614521334,3500.817073568064,280,2.8000000000000007,8.575474829985115,175.04812075427108,5118.8968598857855,109.37500000000003
1995,0.1,0.16,0.3233217080716868,0.1818077793843737,128,1.2800000000000002,40.59984572485547,88.91855705143611,21236.45824808296,165,1.6500000000000004,40.68073794970566,114.62157744911687,22686.839064202035,64.45312500000001
1996,0.1,0.16,0.52977452502054,0.7021586432213531,190,1.9000000000000004,12.730736048627238,55.99760596619611,7492.512100116473,237,2.3700000000000006,14.186954202548026,69.84964533678146,9052.309503116565,92.57812500000001
1997,0.1,0.16,1.203720990473183,0.3636334054777545,46,0.4600000000000001,7.0281489811799025,59.48122813179825,936.8691699581957,114,1.1400000000000001,8.517753770979127,147.41000015271734,2641.2303376140517,44.53125
1998,0.1,0.16,0.8994705548663505,0.8262957544020472,375,3.750000000000001,3.2797746967471024,159.45668528316253,3721.87793295085,388,3.880000000000001,6.3587844733264784,164.98451703964548,5311.270788714502,151.56250000000003
1999,0.1,0.16,1.167923084132383,0.5379865758113996,0,0.0,0.002021907997653759,0.0,6.016707343361502e-06,38,0.38000000000000006,3.1548713918307394,32.22451834219674,1688.8228428381947,14.843750000000002
2000,0.1,0.16,0.6560606298082262,0.2698524046532022,86,0.8600000000000002,5.365109874666675,81.67256026843255,1158.5418554484168,132,1.3200000000000003,6.932227940522453,125.3578832027104,2821.834871605114,51.56250000000001
2001,0.1,0.16,0.5312826450474176,0.2654508268378985,273,2.7300000000000004,7.187695802990371,213.43430719131948,8155.671228860787,317,3.170000000000001,9.142821746749247,247.8339757496274,9728.968642732776,123.82812500000003
2002,0.1,0.16,0.4457026363779816,0.1562212999933502,158,1.5800000000000003,25.92211944145254,176.08488464840892,13726.631934723562,205,2.0500000000000003,25.7714739896081,228.46456552483434,15167.65294103232,80.078125
2003,0.1,0.16,0.53477553031457,0.6334493118550868,163,1.6300000000000003,33.77118904218588,53.75356809454964,13172.24856991461,257,2.5700000000000003,33.009809492107756,84.75255828404451,14517.01731359344,100.390625
2004,0.1,0.16,1.3858470305513806,0.4893919117808379,215,2.1500000000000004,8.03415000444983,237.82472473428575,5783.79047662784,271,2.7100000000000004,9.6072975151481,299.7697693162392,7622.254926697575,105.85937500000001
2005,0.1,0.16,0.3631884875938612,0.2654976767811255,420,4.200000000000001,120.52221051483758,224.4298781378409,405760.1296210465,476,4.760000000000001,121.61878242781985,254.353861889553,406909.8954859427,185.93750000000003
2006,0.1,0.16,0.7470454710775443,0.1884405090881309,18,0.18000000000000005,5.76503738554007,27.874385894687805,283.71604119438985,57,0.5700000000000001,5.91065681147615,88.26888866651136,1993.3693966978612,22.265625
2007,0.1,0.16,0.386663791926488,0.5880220125240462,112,1.12,14.562134286200614,28.768550388395663,4141.9530146178495,167,1.6700000000000004,13.850080418101108,42.89596352555426,5387.069162440952,65.23437500000001
2008,0.1,0.16,0.6545203635633621,0.2269633685189403,48,0.4800000000000001,38.47269930920656,54.0715310003381,4772.270223369374,100,1.0000000000000002,37.506894903494555,112.64902291737104,6509.537891083205,39.06250000000001
2009,0.1,0.16,0.9596566063276664,0.1615115374856091,0,0.0,0.6431970373386153,0.0,112.93432980553631,59,0.5900000000000001,3.3297644110385307,136.9381171975321,1807.8857012669466,23.046875000000004
2010,0.1,0.16,0.7441814061239792,0.3599760635080836,292,2.9200000000000004,7.605123538750051,235.8023219899738,7244.870930221416,345,3.4500000000000006,8.667535709409107,278.6020585155512,8887.235545131109,134.76562500000003
2011,0.1,0.16,0.7140098220647996,0.1519784143177943,103,1.0300000000000002,12.90936348019357,189.0251261246042,3256.515099633816,163,1.6300000000000003,13.365659205201453,299.1368500806843,4957.030865141489,63.67187500000001
2012,0.1,0.16,0.8594672543312366,0.136732064812787,176,1.7600000000000002,39.50850149167718,432.1471617954142,25902.037423761347,228,2.2800000000000002,39.33252616663304,559.8270050531502,27456.368374890993,89.0625
2013,0.1,0.16,0.5707169464010459,0.9810028411003354,71,0.7100000000000002,6.651082056422477,16.134996910495797,1199.5137437031321,133,1.3300000000000003,7.717181384294892,30.224712522478036,2926.949986142713,51.95312500000001
2014,0.1,0.16,0.4179640730590509,0.1152900370585459,95,0.9500000000000002,63.89677710726465,134.53361556124167,29833.436953914665,139,1.3900000000000003,63.75724627218954,196.84392171592205,30729.38779898741,54.296875000000014
2015,0.1,0.16,0.4489145747117064,0.3320790014039783,95,0.9500000000000002,18.33346565946299,50.16559079469293,4954.04772121916,156,1.5600000000000003,17.71779388237768,82.37718067339048,6513.043425887579,60.93750000000001
2016,0.1,0.16,0.8911822821192128,0.4719953200916135,307,3.0700000000000007,8.718243786989202,226.42650401230944,9228.37843306009,358,3.5800000000000005,9.668646808910653,264.0413304117484,11021.421966608596,139.84375
2017,0.1,0.16,0.4180939037602605,0.3173278790857796,191,1.9100000000000004,20.907905046689052,98.30124267912481,9361.540217765418,228,2.2800000000000002,21.831831263456053,117.34389178450498,11157.352834050977,89.0625
2018,0.1,0.16,0.6058216761716817,0.4443605838431716,102,1.0200000000000002,11.459941424708743,54.32121634461745,2589.0850191690565,192,1.9200000000000004,11.23897748370447,102.25170135457402,4334.554291393347,75.00000000000001
2019,0.1,0.16,0.5333362985880016,0.638520826043781,328,3.2800000000000007,20.21738099685024,107.01876974002148,11731.777152077384,410,4.1000000000000005,20.228970608673308,133.77346217502682,13405.379891823086,160.15625
2020,0.1,0.16,0.5858055237000332,0.513651364110352,129,1.2900000000000003,13.67121692855555,57.46914839567166,4059.9846762249845,207,2.0700000000000003,12.696609443268045,92.21793579770569,5676.747133492985,80.85937500000001
2021,0.1,0.16,1.1741067065828994,0.307392575288775,390,3.900000000000001,60.89767574671598,581.8872443908384,43548.77764955108,483,4.830000000000001,60.3074835535985,720.6449718994229,45401.01135212432,188.67187500000003
2022,0.1,0.16,0.3427815005864039,0.1121889973690931,319,3.190000000000001,468.0452388134968,380.7306380420611,1742508.6801241362,366,3.6600000000000006,468.71309630418006,436.8257477222394,1743399.127522216,142.96875000000003
2023,0.1,0.16,1.0994477713914457,0.2733368565562352,231,2.3100000000000005,86.99763055081706,362.95135513947554,219251.13512396708,272,2.7200000000000006,88.02626826096274,427.3712926317634,219850.24798576496,106.25000000000001
2024,0.1,0.16,0.7560042746333075,1.025569455904705,89,0.8900000000000001,8.895245263729258,25.627675394362342,2131.0744324653433,171,1.7100000000000004,9.799057585980114,49.23969092624676,3873.941796395681,66.79687500000001
2025,0.1,0.16,0.4551738609130479,0.6475458827504372,458,4.580000000000001,67.27474896687524,125.75703239450488,68819.74488092301,550,5.500000000000001,66.58356491070381,151.01827034274604,70392.44097753306,214.84375000000003
2026,0.1,0.16,0.9892823156531908,0.2149817912923527,123,1.2300000000000002,10.898817721995755,221.09744027232975,2822.8199326570334,182,1.8200000000000003,11.652791072685396,327.1523099964554,4574.460818073873,71.09375000000001
2027,0.1,0.16,0.6110042490881356,0.3478066097964264,232,2.3200000000000003,20.529538797965092,159.20416264090565,17439.367372562247,296,2.9600000000000004,21.60926251803043,203.12255233494864,18898.99693066738,115.62500000000001
2028,0.1,0.16,0.6846985667467831,0.0901318503369084,68,0.6800000000000002,72.88679472229965,201.78555761618316,29349.537609328338,109,1.0900000000000003,71.87199761370869,323.4503791200583,31175.77447321095,42.57812500000001
2029,0.1,0.16,1.316642413031876,0.2524360995819035,139,1.3900000000000003,19.17114528250159,283.1986734008905,3826.1034397519943,211,2.1100000000000003,18.058166022592367,429.89151142149564,5525.910954815326,82.42187500000001
2030,0.1,0.16,0.3498848960627328,0.2489228353660085,84,0.8400000000000002,21.61540157496056,46.1211127343046,8351.592562341219,129,1.2900000000000003,21.503895880845864,70.82885169911063,9816.68603773314,50.39062500000001
2031,0.1,0.16,1.1799812474982614,0.2216581436126743,153,1.5300000000000002,23.01208459103353,318.15802296099736,9733.724005232538,225,2.2500000000000004,22.34721891195512,467.8794455308785,11357.107072919178,87.89062500000001
2032,0.1,0.16,0.899136865405787,0.1639080008560862,71,0.7100000000000002,25.81734697276479,152.14021811774586,6366.793109133465,120,1.2000000000000002,27.03249176030087,257.13839681872537,8233.544488741645,46.87500000000001
2033,0.1,0.16,0.7933658552313927,0.1527108881273439,155,1.5500000000000003,26.950344300673535,314.5540167765032,13481.867390791956,205,2.0500000000000003,27.47467872128968,416.0230544463429,15064.752952153742,80.078125
2034,0.1,0.16,1.00672534976096,0.0980381596384678,54,0.5400000000000001,49.56725621747054,216.60558424219863,9005.722116895788,96,0.9600000000000002,51.33172992594733,385.07659420835313,10650.04915404829,37.50000000000001
2035,0.1,0.16,0.5275520296866157,0.5594744907195591,151,1.5100000000000002,10.373777747635495,55.61884816415031,3737.0650225929676,222,2.2200000000000006,12.328021544467134,81.77075690358522,5465.3686704494485,86.71875000000001
2036,0.1,0.16,0.5749541379635961,0.2214275764026887,87,0.8700000000000002,15.18370971360718,88.24310571336467,4041.853990109131,136,1.3600000000000003,15.031301812123777,137.9432457128459,5810.704334268379,53.12500000000001
2037,0.1,0.16,0.8673237130207357,0.1211209921905168,166,1.6600000000000004,19.64922363661239,464.3333991825714,10667.411934635358,213,2.1300000000000003,20.544979637722253,595.8012893125765,12403.542618384708,83.20312500000001
2038,0.1,0.16,0.5794828911063823,0.2684933347688539,317,3.170000000000001,12.810858884864823,267.25534895328985,14723.932388122124,358,3.5800000000000005,13.73235488559702,301.821498186996,16149.403652621862,139.84375
2039,0.1,0.16,0.3603674059831735,0.3715790891435957,126,1.2600000000000002,8.661019843385787,47.73366903964818,3202.5855169238043,160,1.6000000000000003,9.23291516407529,60.61418290748975,4755.837706587695,62.50000000000001
2040,0.1,0.16,1.5079640603254398,0.139433246488704,0,0.0,0.583462682528311,0.0,13.1743188256106,42,0.4200000000000001,3.1595386498189266,177.43282888215998,1697.5081056893614,16.406250000000004
2041,0.1,0.16,0.6111955410527701,0.2532715171442976,224,2.24,12.91571372594675,211.1552473215857,7037.772087663034,290,2.9000000000000004,15.041699491366051,273.3706326931244,8764.840556710578,113.28125000000001
2042,0.1,0.16,0.4676643703398975,0.544453347879382,73,0.7300000000000001,12.909121091566908,24.493819098395985,2115.381366215498,131,1.3100000000000003,13.930647004405309,43.9546616697243,3764.9793512824704,51.17187500000001
2043,0.1,0.16,0.7269310127654769,0.4002847191997365,157,1.5700000000000003,4.533207858518343,111.37401424262791,2014.0404397631041,208,2.0800000000000005,5.94118797612273,147.55283415583827,3676.8370091507395,81.25000000000001
2044,0.1,0.16,0.5837925477426325,0.4269411406503294,344,3.440000000000001,23.6998135782508,183.74224485235428,24132.429391039237,395,3.9500000000000006,24.63476208616584,210.9831009205812,25604.69853588183,154.29687500000003
2045,0.1,0.16,1.1758971910968474,0.1953568810241677,139,1.3900000000000003,56.703942934455505,326.8251543693413,16489.110284107326,230,2.3000000000000003,58.03821925479244,540.7898237766078,18478.632299842815,89.84375
2046,0.1,0.16,0.8040831419387866,0.4576853520505933,228,2.2800000000000002,11.311210617481244,156.46918676350143,6050.4726819289945,315,3.150000000000001,12.180461623542506,216.17453434431124,7732.419252332273,123.04687500000003
2047,0.1,0.16,1.5815564032697724,0.2582051799591628,46,0.4600000000000001,21.534003766274964,110.06205075261602,2893.944648745889,109,1.0900000000000003,22.960992248323073,260.79920721815535,4664.044168839361,42.57812500000001
2048,0.1,0.16,0.488144024135874,0.1960327812042911,153,1.5300000000000002,36.306871115346524,148.8232351409244,15263.636306737459,216,2.1600000000000006,36.462665658397846,210.10339078718738,16705.502223221978,84.37500000000001
2049,0.1,0.16,0.4788797333335801,0.1929897198747599,55,0.5500000000000002,14.462165837588067,53.31077622950737,2001.0094237759977,115,1.1500000000000001,15.895426575822631,111.46798666169721,3812.0957735254597,44.921875
2050,0.1,0.16,0.8661858145948652,0.2254492434327666,56,0.56,9.164142717427877,84.04470294846338,1288.2580114492305,102,1.0200000000000002,10.111979868010932,153.08142322755833,3101.716870429068,39.84375000000001
2051,0.1,0.16,0.4142424208341437,0.6146630880506443,204,2.0400000000000005,28.14651429840024,53.70412434380805,13480.182959865135,267,2.6700000000000004,29.159028037723388,70.28922156763112,15362.453750999975,104.29687500000001
2052,0.1,0.16,0.4132400993879007,0.3119336686162254,76,0.7600000000000001,6.572303367579976,39.32908398442813,1265.1603794289656,126,1.2600000000000002,7.319498427162854,65.20348134260453,2902.6782337882105,49.21875000000001
2053,0.1,0.16,0.5978777417384069,0.186391886713815,127,1.2700000000000002,15.83066358904209,159.12892785721996,6426.1107828061895,185,1.8500000000000003,15.202718536064134,231.80198152429682,7783.192706754989,72.26562500000001
2054,0.1,0.16,1.172889701347717,0.2551833108780683,0,0.0,0.0002579983449784011,0.0,1.0168476189190355e-07,38,0.38000000000000006,3.1548712815507614,68.22578421948238,1688.822847429077,14.843750000000002
2055,0.1,0.16,1.1836211121669171,0.4814659079222276,35,0.3500000000000001,7.109317764965637,33.610520758867615,674.1256993813236,85,0.8500000000000002,8.092977351684318,81.62555041439276,2318.9637809244964,33.20312500000001
2056,0.1,0.16,1.4965259179023371,0.558057431809784,35,0.3500000000000001,9.882289441154665,36.6634581273617,940.3677055204876,112,1.12,11.687599357585048,117.32306600755741,2722.959609241328,43.75
2057,0.1,0.16,0.4439815596288896,0.3356754048959992,537,5.370000000000001,105.74816185521586,277.44680720019835,152165.63716306485,598,5.980000000000001,104.53282689333987,308.9631111838335,152856.363287792,233.59375000000003
2058,0.1,0.16,2.015051266759638,0.2727190869688202,0,0.0,1.0323178619557518,0.0,68.72218795314086,49,0.4900000000000001,3.472774951868186,141.42516052508938,1746.6185360600166,19.140625000000004
2059,0.1,0.16,0.5689429074707478,0.2424636991738809,243,2.4300000000000006,8.943336105458553,222.73489899345944,9096.278911482817,275,2.7500000000000004,10.476850090550426,252.06624371687798,10744.42504427905,107.42187500000001
2060,0.1,0.16,0.8573626837379997,0.2477487284109806,216,2.1600000000000006,9.265487158616306,291.9892945742664,4949.241036542839,258,2.5800000000000005,10.666609168106753,348.76499074148484,6720.444994020094,100.78125000000001
2061,0.1,0.16,1.86544558821075,0.1388670743288639,24,0.24000000000000005,8.675880636385244,125.93735753415194,543.3309519225973,68,0.6800000000000002,10.282358825185145,356.82251301343047,2235.3995818717003,26.562500000000004
2062,0.1,0.16,0.852872882357009,0.8884534246892334,59,0.5900000000000001,6.628738237359721,22.12389998659419,1137.94979036316,97,0.9700000000000002,7.6629366018454,36.37319150338367,2705.8533327528803,37.89062500000001
2063,0.1,0.16,0.5221066804284613,0.2597797833547569,157,1.5700000000000003,22.129715129680193,123.25756587811632,11444.286667891123,220,2.2000000000000006,22.133443024680787,172.7176082368509,13305.470292842692,85.93750000000001
2064,0.1,0.16,0.5020817869591607,0.4049243862512113,47,0.4700000000000001,8.082887438739471,22.764516340427665,1037.98430929231,89,0.8900000000000001,8.606078824492824,43.107275623363016,2753.841427860775,34.765625
2065,0.1,0.16,0.5395778515304515,0.1221446966816665,41,0.4100000000000001,23.6013139234411,70.74950254237665,4822.838095088012,77,0.7700000000000001,25.820071687741688,132.8710169698293,6477.003238676677,30.078125000000004
2066,0.1,0.16,0.4101307045213511,0.528633730721221,63,0.6300000000000001,11.717711252764223,19.09272851887459,1811.8473934076771,108,1.0800000000000003,13.371588286921241,32.730391746642155,3515.7903689239147,42.18750000000001
2067,0.1,0.16,0.6553272665699768,0.4389144885399425,249,2.4900000000000007,18.398838468843078,145.2237686992413,6646.791746097848,346,3.460000000000001,19.229345429694806,201.79688341340358,8288.918996974991,135.15625000000003
2068,0.1,0.16,0.4032824320026767,0.282581929154713,221,2.2100000000000004,25.48522919979511,123.20184912167599,14836.085689938509,268,2.6800000000000006,25.306523862499557,149.4031473511727,16393.18570381811,104.68750000000001
2069,0.1,0.16,0.7430552019172407,0.6836571918992306,102,1.0200000000000002,6.821997232271163,43.30548416984097,1692.055336311483,149,1.4900000000000002,8.424503633209191,63.25997197359123,3413.7207239249983,58.20312500000001
2070,0.1,0.16,0.459306473520327,0.2149201424379781,238,2.3800000000000003,19.09344196582772,198.68379122452725,12746.407000576519,270,2.7000000000000006,18.625448818781475,225.39757827992588,14492.984549599612,105.46875000000001
2071,0.1,0.16,0.6087715732637735,0.334715133629173,245,2.4500000000000006,14.093477432654925,174.06246721146658,6579.625024651519,297,2.9700000000000006,16.368024314283897,211.00633780328806,8362.456411406703,116.01562500000001
2072,0.1,0.16,2.6506764088938666,0.1366803716698795,10,0.10000000000000002,4.830347357508529,75.75487683959409,132.35220113658588,50,0.5000000000000001,5.067849199772589,378.7743841979705,1827.4013962153872,19.531250000000004
2073,0.1,0.16,0.3484781986852261,0.2458589620947854,112,1.12,15.03686055452784,62.01084175487945,3319.880674818536,159,1.5900000000000003,14.344038874960424,88.03324856273066,5035.955601190935,62.10937500000001
2074,0.1,0.16,0.8208275945778385,0.4329746812827895,49,0.4900000000000001,17.2880034297437,36.286540198882875,2066.3172479398195,86,0.8600000000000002,17.42257904351477,63.68658075722301,3745.9238425296035,33.59375000000001
2075,0.1,0.16,1.0642593276967198,0.3625659466258822,211,2.1100000000000003,6.136731837096886,241.93736364743643,3060.709403266065,237,2.3700000000000006,8.389001978707167,271.74955063716794,4677.251430813695,92.57812500000001
2076,0.1,0.16,0.3077318797659988,0.4778481636759524,150,1.5000000000000002,13.885486483675846,37.73408835838205,7973.17256273889,197,1.9700000000000004,14.828568654938591,49.55743604400843,9636.74611383837,76.95312500000001
2077,0.1,0.16,1.0554665134647705,0.357329149692791,252,2.5200000000000005,5.274369153742534,290.7612911191624,3100.426309102217,325,3.2500000000000004,6.583392214744569,374.98976037193563,4760.858867112758,126.95312500000001
2078,0.1,0.16,0.5016189549625844,0.4893848852290365,331,3.3100000000000005,12.66418166488295,132.52915093009847,22812.079711664584,378,3.7800000000000007,14.229095326213908,151.34748958180433,24144.879599592205,147.65625000000003
2079,0.1,0.16,0.5437792923891491,0.2982287474840452,53,0.5300000000000001,8.03417425403002,37.749314101070645,1448.1134787916067,90,0.9000000000000001,9.099470286439676,64.10260885087467,3150.235979688414,35.15625
2080,0.1,0.16,0.7615181493237597,0.3973312686312129,93,0.9300000000000002,5.238947879628619,69.62584800764657,1307.94668908133,136,1.3600000000000003,6.18539157332309,101.81844439827884,3006.033039412365,53.12500000000001
2081,0.1,0.16,1.2126320720937396,0.3130791047274652,48,0.4800000000000001,7.142439704286079,72.62334345675994,994.2529898133662,92,0.9200000000000002,7.963715063261746,139.19474162545657,2710.0837263435706,35.93750000000001
2082,0.1,0.16,0.9777516885519536,0.1563669803517462,303,3.0300000000000007,25.769288256798593,740.0928156435525,39292.31626392003,345,3.4500000000000006,26.758641761418385,842.679938604045,41042.26378240005,134.76562500000003
2083,0.1,0.16,1.088398087624189,0.1777375458000347,62,0.6200000000000001,13.74533570026596,148.30654415755518,3045.432088619601,97,0.9700000000000002,14.579569677030287,232.02798037552986,4800.840152310534,37.89062500000001
2084,0.1,0.16,0.6586594080491026,0.180854344305595,211,2.1100000000000003,18.969784492335496,300.1749480016094,10545.171289751206,262,2.6200000000000006,18.703477135381373,372.72908235270927,12156.40273326945,102.34375000000001
2085,0.1,0.16,0.7667592216357253,1.1189124757957312,396,3.960000000000001,9.279249451262823,106.00298920827244,6402.975409261296,446,4.460000000000001,10.929487927061867,119.38720501739775,8108.39602428227,174.21875000000003
2086,0.1,0.16,1.4095921262975035,0.5108351220439573,0,0.0,1.5432816994817526,0.0,105.20227272614582,61,0.6100000000000001,4.057659635923666,65.75103381701791,1798.7782960692311,23.828125000000004
2087,0.1,0.16,0.5589103979543232,0.3393568809870144,294,2.9400000000000004,24.894708699610028,189.14414179072728,15577.896441988378,358,3.5800000000000005,25.12028577188519,230.31837673836856,17147.170461766036,139.84375
2088,0.1,0.16,0.7590144318790034,0.2954989427355664,246,2.4600000000000004,16.18967338167988,246.8250559144702,11452.325885945953,295,2.9500000000000006,17.103475750016475,295.98939632019795,13333.849794847793,115.23437500000001
2089,0.1,0.16,0.7218191107831999,0.2880238290333446,162,1.6200000000000003,17.61012808774536,158.58971029428702,5784.290882333726,240,2.4000000000000004,17.930915665775483,234.94771895449927,7516.39361090511,93.75000000000001
2090,0.1,0.16,0.4033293871449145,0.3054112851666627,244,2.4400000000000004,48.554196564550956,125.87069987041151,30458.57401999461,321,3.2100000000000004,47.9142720309426,165.5921912229594,31453.706046149862,125.39062500000001
2091,0.1,0.16,1.2331162614044855,0.3010809268934229,481,4.8100000000000005,13.98986840140421,769.5305957888407,10776.380033344962,508,5.080000000000001,14.170286556335883,812.72669991836,12334.359273043985,198.43750000000003
2092,0.1,0.16,0.437579386637342,0.2610873589988263,172,1.7200000000000004,4.305832983745019,112.60547102867814,2073.9470139040104,217,2.1700000000000004,6.292066839602645,142.0662047280416,3759.446843483926,84.76562500000001
2093,0.1,0.16,0.8311373747053276,0.4167650209632537,143,1.4300000000000004,14.923591473888122,111.39805874993017,5929.971908775072,201,2.0100000000000002,14.810240237339128,156.58048817297873,7455.340501249529,78.515625
2094,0.1,0.16,0.5363619054506682,0.1147947625296054,195,1.9500000000000004,33.35029456987421,355.90205612571833,17175.166975289132,261,2.6100000000000003,33.45592153816402,476.36121358365375,18786.655211706122,101.95312500000001
2095,0.1,0.16,0.4942506223027658,0.3451950620209953,251,2.5100000000000007,14.919367164064433,140.3836100663691,9095.563796916838,308,3.0800000000000005,16.239501132954214,172.26355338821386,10678.907713602504,120.31250000000001
2096,0.1,0.16,0.466683011706919,0.5611377327026487,207,2.0700000000000003,21.394289929341145,67.24854603519526,10964.07747768284,282,2.8200000000000007,21.350173329575725,91.61396126533847,12337.672697382523,110.15625000000003
2097,0.1,0.16,0.3035851453266828,0.2539382508017236,75,0.7500000000000001,29.645203116424344,35.02464093697022,7835.1084122717075,122,1.2200000000000002,28.40157642697039,56.97341592413823,9617.026345530063,47.65625000000001
2098,0.1,0.16,0.9911485083723988,0.2861521060233819,124,1.2400000000000002,20.006160156616517,167.7735542172288,6889.828518971181,189,1.8900000000000003,21.46996645820368,255.71936892787295,8570.701902656607,73.82812500000001
2099,0.1,0.16,0.7794504444092561,0.1690244912302932,54,0.5400000000000001,14.612989199479577,97.2730797299453,2170.450659293177,88,0.8800000000000001,13.513552690860587,158.51909289324416,3854.3413847952447,34.375
2100,0.1,0.16,0.5817628544561453,0.3003557843114867,249,2.4900000000000007,68.75008435301561,188.3949988516901,68555.40677891165,320,3.2000000000000006,69.660357052779,242.11405474915995,69728.67158098718,125.00000000000001
2101,0.1,0.16,1.1705091243996828,0.4429523960263581,218,2.1800000000000006,19.881278616943096,225.02681669370452,11546.69021456215,292,2.9200000000000004,21.61897787408606,301.4120663970721,13402.896265814823,114.06250000000001
2102,0.1,0.16,0.4841244394305512,0.3499339056251672,67,0.6700000000000002,4.651740515495895,36.20810704405833,892.3211680617975,125,1.2500000000000002,5.860340495505073,67.5524385150342,2690.315047025315,48.82812500000001
2103,0.1,0.16,0.759606962161145,0.1986955621285538,234,2.3400000000000003,16.05641340484301,349.4432545006713,15001.783427784305,276,2.7600000000000007,16.91920800433106,412.16383864181745,16532.22723074405,107.81250000000001
2104,0.1,0.16,0.531059870170056,0.3856522485743417,98,0.9800000000000002,4.879791429833838,52.71494132369499,1352.6053652786231,133,1.3300000000000003,6.769476061691075,71.54170608215749,3038.0699783598866,51.95312500000001
2105,0.1,0.16,0.8745653113760531,0.1880785526961208,161,1.6100000000000003,3.750286859226525,292.4414200731673,1613.1175173734598,199,1.9900000000000004,6.107368806965825,361.46486083577827,3374.599859593664,77.73437500000001
2106,0.1,0.16,1.048959807562217,0.2914933415257605,118,1.1800000000000002,26.306698348563632,165.87168295762945,8562.111331891665,188,1.8800000000000003,26.878582124380696,264.27013894944355,10147.755250138911,73.43750000000001
2107,0.1,0.16,1.5564283328073782,0.3100545007636914,44,0.44000000000000006,7.59697912370267,86.27874100919833,781.0528767205054,112,1.12,8.215916068580658,219.61861347795937,2472.026418227663,43.75
2108,0.1,0.16,0.8052542405239321,0.3379993532892101,124,1.2400000000000002,2.52084580192707,115.39815652251752,980.9746183788355,157,1.5700000000000003,4.791488756109534,146.10895624221976,2699.6163144626526,61.32812500000001
2109,0.1,0.16,0.4661568097233207,0.157885416372694,140,1.4000000000000004,23.805226070316824,161.46488458165834,8109.202049830924,186,1.8600000000000003,23.099848954059436,214.51763237277464,9719.712797999524,72.65625000000001
2110,0.1,0.16,0.398750577030397,0.3775120058706726,136,1.3600000000000003,13.959456084294825,56.11377671521497,4802.158691325085,178,1.7800000000000002,14.151283892769332,73.44303128903134,6445.353838676684,69.53125
2111,0.1,0.16,0.3240192698860639,0.0911523429644054,68,0.6800000000000002,122.08719672759004,94.42172934281542,106228.40663743859,112,1.12,121.02561856404684,155.51814244699008,107253.94518709663,43.75
2112,0.1,0.16,1.214446599433306,0.1462694912721726,185,1.8500000000000003,25.390655115052482,600.00716331109,18375.523628322353,230,2.3000000000000003,26.977983208055335,745.9548516840576,19813.66965077923,89.84375
2113,0.1,0.16,0.5131615730075355,0.2967786592125017,103,1.0300000000000002,9.971262447744866,69.56947382524373,3120.90582961749,152,1.5200000000000002,10.101263047249336,102.66563127608782,4775.122943408269,59.37500000000001
2114,0.1,0.16,0.6303238436980525,0.0931144615090917,141,1.4100000000000004,65.7483868416757,372.8427882310422,44685.5772949774,193,1.9300000000000004,65.21666661684658,510.3450931105755,45679.065527500934,75.39062500000001
2115,0.1,0.16,0.8242629626515482,0.1942291081470821,51,0.5100000000000001,13.805266457034278,84.54378370845907,2142.441245955807,91,0.9100000000000001,13.089109150781393,150.85263367587797,3770.1615710993437,35.54687500000001
2116,0.1,0.16,0.6130574273362465,0.4841475890427209,177,1.7700000000000002,22.432472323430755,87.55010795515898,15924.062338100503,232,2.3200000000000003,22.465472667108177,114.75494376043437,17592.34064830139,90.625
2117,0.1,0.16,0.8184461527183031,0.8342776049061913,321,3.2100000000000004,7.561631581667204,123.01118238662659,5600.144914710068,415,4.150000000000001,8.913656681514105,159.03314856838017,7235.359250254326,162.10937500000003
2118,0.1,0.16,1.0367078992145162,0.2854528997845323,331,3.3100000000000005,13.484326695870273,469.5804167953148,10183.083737918183,409,4.090000000000001,14.404477951603038,580.2368292123377,11987.135392430235,159.76562500000003
2119,0.1,0.16,1.7801754399459726,0.1330190808157188,108,1.0800000000000003,28.98342570035046,564.5893123916856,16096.553262623824,144,1.4400000000000004,27.73630833815734,752.7857498555808,17440.16624345925,56.250000000000014
2120,0.1,0.16,0.4658142085338791,0.2885875942939335,170,1.7000000000000004,28.23141321456829,107.18747235526324,29194.384011551607,205,2.0500000000000003,29.845054251605795,129.2554813695821,31013.80808983007,80.078125
2121,0.1,0.16,0.4953339298857918,0.2861747429694788,90,0.9000000000000001,22.795960189549437,60.85122429691364,5328.470872751128,132,1.3200000000000003,21.582510463196623,89.24846230214003,6830.582539632442,51.56250000000001
2122,0.1,0.16,0.502972825578363,0.2991019221986452,129,1.2900000000000003,7.97884573498916,84.7373860141127,3055.805187696408,182,1.8200000000000003,8.377206892625939,119.55197096564739,4499.8647573704675,71.09375000000001
2123,0.1,0.16,0.6293846164581962,0.2113829685411072,0,0.0,1.8643050817651103,0.0,1812.7915809705996,277,2.7700000000000005,4.7621158237988395,322.17062139734185,3537.2413582271693,108.20312500000001
2124,0.1,0.16,0.865664754156378,0.1808439584598101,264,2.6400000000000006,54.380741840597004,493.6392596837334,59894.697261573885,326,3.2600000000000007,54.846041589639256,609.5696918821859,61347.162810713984,127.34375000000001
2125,0.1,0.16,0.6537409751520563,0.2466194034470883,26,0.26000000000000006,9.631657558741004,26.922280591407628,565.5702522925941,73,0.7300000000000001,10.655103623925694,75.58948012202912,2288.9612764145354,28.515625000000004
2126,0.1,0.16,0.5875141517445883,0.3866968713346183,105,1.0500000000000003,5.2423555350652595,62.3156325185191,1267.7238565776693,147,1.4700000000000002,6.424634522030839,87.24188552592673,2965.393823314806,57.42187500000001
2127,0.1,0.16,0.9579373142780786,0.13976108592005,112,1.12,283.96191032868376,299.8671427298463,737605.4619462794,154,1.5400000000000003,283.63383750615895,412.3173212535387,738314.8348269664,60.15625000000001
2128,0.1,0.16,0.3281910092084459,0.6263103775314429,179,1.7900000000000003,7.20008100986528,36.63955052516234,3307.5872045707174,227,2.2700000000000005,8.057815842458105,46.46468139224499,5070.542249112719,88.67187500000001
2129,0.1,0.16,0.8543570304287541,0.582190035880418,76,0.7600000000000001,5.097758841408882,43.56605709078704,995.0015303897385,116,1.1600000000000001,6.265003422575746,66.4955608227802,2659.7194744772205,45.3125
2130,0.1,0.16,2.279241367036555,0.218948364459263,29,0.29000000000000004,6.607288819668797,117.92520658798936,566.2682475648779,73,0.7300000000000001,8.020103951463474,296.84620968700773,2333.2943027983006,28.515625000000004
2131,0.1,0.16,0.4139982914385367,0.2581882615628297,155,1.5500000000000003,18.820607617122025,97.08536960671549,11771.39307384587,198,1.9800000000000004,19.82612436333823,124.01873020728819,13575.763450677965,77.34375000000001
2132,0.1,0.16,0.9993096846796596,0.4986217512892221,262,2.6200000000000006,21.45655969867876,205.11159065363583,12476.405891689643,337,3.3700000000000006,21.384543855260176,263.8267406499056,14101.626326648318,131.64062500000003
2133,0.1,0.16,0.8129229380534881,0.1721567634755223,61,0.6100000000000001,13.790244677486205,112.51622644532297,1806.4756188338943,118,1.1800000000000002,14.778093249043101,217.65433968111657,3589.2210595357146,46.09375000000001
2134,0.1,0.16,0.6488750014358391,0.4760242671989463,0,0.0,1.0183604952513152,0.0,805.2720508134896,165,1.6500000000000004,3.9600130100868807,87.85691078946721,2509.748707754718,64.45312500000001
2135,0.1,0.16,1.1638021797438955,0.1654899889365595,207,2.0700000000000003,14.0406833965408,568.6405412342127,5001.254760948524,242,2.4200000000000004,15.06585525247286,664.7874926506255,6736.3577966169205,94.53125000000001
2136,0.1,0.16,0.7698335184648704,0.144775063684968,102,1.0200000000000002,42.021234828604335,211.86697122150508,16574.64102671737,153,1.5300000000000002,42.15341234338441,317.8004568322576,18041.133779788634,59.76562500000001
2137,0.1,0.16,0.3913042242632703,0.2214727090031402,75,0.7500000000000001,13.783723836351598,51.762544454407035,4243.500068857189,124,1.2400000000000002,14.770403650267268,85.58074016461963,5725.2639467069675,48.43750000000001
2138,0.1,0.16,0.7831516122741682,0.4893728346329348,171,1.7100000000000004,23.96449122385659,106.89616719400445,8419.410671194906,244,2.4400000000000004,23.530957481141417,152.5302034815034,10145.790639938648,95.31250000000001
2139,0.1,0.16,0.716958558281371,0.1679677652444264,20,0.20000000000000004,6.685527934780659,33.34710519260823,335.544629637517,64,0.6400000000000001,6.224740903832808,106.71073661634635,2018.89283815618,25.000000000000004
2140,0.1,0.16,1.1582627301188069,0.1302556850845417,109,1.0900000000000003,15.693248285893869,378.61422535094067,6498.585478000385,158,1.5800000000000003,16.632660120822646,548.8169505087029,8415.06619931015,61.71875000000001
2141,0.1,0.16,0.9516298973488247,0.1204367632232319,157,1.5700000000000003,17.97396628792112,484.58357511793463,8987.617463098964,223,2.2300000000000004,18.405454583046716,688.2938678426715,10647.01147031051,87.10937500000001
2142,0.1,0.16,0.6328947156091327,0.4358725317113877,155,1.5500000000000003,8.132473213738416,87.91514593427077,3333.6462336058185,226,2.2600000000000002,9.137133699246188,128.18595471706575,4935.8431352422085,88.28125
2143,0.1,0.16,0.4007264709223727,0.1851710978349281,77,0.7700000000000001,15.068506012844525,65.0916964047856,2444.942869827553,128,1.2800000000000002,15.294698498804063,108.20437843912411,4154.897743858424,50.00000000000001
2144,0.1,0.16,0.5889847861916675,0.1269164927182257,187,1.8700000000000003,24.666612825102806,338.9906002946624,17336.71246832463,249,2.4900000000000007,23.597324991670803,451.38320573995145,18969.239764090897,97.26562500000001
2145,0.1,0.16,1.14748754799154,0.1905331802667447,268,2.6800000000000006,77.95878378771725,630.4812763435053,100046.93737340826,325,3.2500000000000004,77.81956381708812,764.5761746702956,100827.8124264041,126.95312500000001
2146,0.1,0.16,0.3068452341996466,0.4221273079047317,196,1.9600000000000004,83.34174608524185,55.653443412650425,167126.53011487896,246,2.4600000000000004,82.61705548070329,69.8507504056735,168375.56454606692,96.09375000000001
2147,0.1,0.16,0.5889043845579278,0.2189880292665109,122,1.2200000000000002,15.241828449707763,128.15757404909726,4568.64809347762,159,1.5900000000000003,14.794448799147437,167.02503503120053,6269.11998200673,62.10937500000001
2148,0.1,0.16,0.3599436020909027,0.4518157570692016,121,1.2100000000000002,23.55093393435341,37.654639200580306,7413.37161381994,197,1.9700000000000004,22.453376637186132,61.30548696292826,9113.153892493645,76.95312500000001
2149,0.1,0.16,0.5854526845569815,0.7356184749562439,337,3.3700000000000006,22.72752965301857,104.76811000103439,18931.116946715236,396,3.960000000000001,22.318937714381875,123.11030136620063,20437.652188953536,154.68750000000003
2150,0.1,0.16,0.6533814489286024,0.179879,114,1.1400000000000001,10.163361215561322,161.75258172216783,2964.373361599636,162,1.6200000000000003,10.395566354582712,229.85893192097535,4525.63097401614,63.28125000000001
2151,0.1,0.16,0.4315438470850866,0.3494721057117009,94,0.9400000000000002,26.121285243214984,45.34196113559797,4461.842802361993,134,1.3400000000000003,25.517366931198048,64.63641268266093,6243.8800220187,52.34375000000001
2152,0.1,0.16,0.9187505933666412,0.2856348062402299,71,0.7100000000000002,14.474623227344557,89.2082229869159,2655.910171728157,110,1.1000000000000003,14.773454218514026,138.2099229374753,4313.591218405165,42.96875000000001
2153,0.1,0.16,1.2883901376129727,0.8262970003592274,142,1.4200000000000004,14.009837891704716,86.4887448637118,5408.596037333606,226,2.2600000000000002,15.558730053493006,137.65110098027367,7157.307600147236,88.28125
2154,0.1,0.16,0.6261175454702718,0.3851501524351347,0,0.0,0.5846782141053476,0.0,400.442609567771,122,1.2200000000000002,3.8036847989995297,77.47216011122546,2102.839610692902,47.65625000000001
2155,0.1,0.16,0.8990488742656517,0.4892890692511157,98,0.9800000000000002,18.690522122611682,70.34024849698501,4623.712956014202,167,1.6700000000000004,17.700367192471703,119.86552549996426,6249.058862981309,65.23437500000001
2156,0.1,0.16,0.8466514312286456,0.1424582388527144,95,0.9500000000000002,38.45366812527753,220.54677713820323,30701.013737441266,135,1.3500000000000003,38.93883724888397,313.40857803849934,32293.088644414533,52.73437500000001
2157,0.1,0.16,1.4057033553027924,0.3771892883904528,68,0.6800000000000002,11.066311885202479,98.99272467297227,1676.5008507534903,123,1.2300000000000002,10.33457528697091,179.0603696290528,3092.641436153929,48.04687500000001
2158,0.1,0.16,0.4624888028837213,0.2364683677794645,197,1.9700000000000004,17.522355406484515,150.50621355243308,11735.554567768548,260,2.6000000000000005,17.441611610684372,198.63764225194214,13415.291401419581,101.56250000000001
2159,0.1,0.16,1.074238121585822,0.4186104523996197,32,0.32000000000000006,5.516147953725073,32.07749936211334,475.3734160895951,72,0.7200000000000002,5.8876795683157015,72.17437356475503,2109.3949246552866,28.125000000000007
2160,0.1,0.16,0.3886425937812152,0.5499997145733054,69,0.6900000000000002,11.066109844296125,19.045705175749074,1520.4644856965037,134,1.3400000000000003,11.392381686974264,36.98731150073009,3296.1687893354538,52.34375000000001
2161,0.1,0.16,1.3566037827840745,0.4098354739810502,60,0.6000000000000001,7.7982157836956105,77.58089081491245,1110.5655152859974,147,1.4700000000000002,9.571073646932646,190.0731824965355,2696.0277377261327,57.42187500000001
2162,0.1,0.16,0.7085791366470308,0.1272984710667996,0,0.0,0.3677913853072897,0.0,108.17427295619598,75,0.7500000000000001,3.341171496341214,163.0746561210673,1803.8478151714257,29.296875000000004
2163,0.1,0.16,0.6721685721957189,0.6619063411898303,248,2.4800000000000004,12.116331829742945,98.3769551359916,7757.543336851068,300,3.0000000000000004,12.872340203228577,119.00438121289305,9208.179652978788,117.18750000000001
2164,0.1,0.16,0.8590085949594263,0.4476882144331023,303,3.0300000000000007,27.170079226308754,227.10385741954482,13240.5618160029,405,4.050000000000001,26.866236791330017,303.5546609073123,14940.27971581138,158.20312500000003
2165,0.1,0.16,0.7184566530817074,0.4126778735311384,128,1.2800000000000002,19.08001075242071,87.04811902491019,5838.080189728478,189,1.8900000000000003,19.556907940585084,128.53198824771897,7640.340682603819,73.82812500000001
2166,0.1,0.16,0.7267834862401845,0.2808821019900825,297,2.9700000000000006,21.848827641962185,300.19086228146733,15285.964505443942,344,3.440000000000001,23.741780777929474,347.6958135515985,16870.76271420679,134.37500000000003
2167,0.1,0.16,0.5832621007745978,0.1587164358216947,136,1.3600000000000003,10.299932783050615,195.22741260684936,4229.225255204352,171,1.7100000000000004,10.406314937175036,245.46976143949442,5739.594542565097,66.79687500000001
2168,0.1,0.16,0.6472792298834608,0.3078323879888544,185,1.8500000000000003,6.361993726954024,151.95294557095335,2833.500167574105,231,2.3100000000000005,7.1195877198389175,189.73584014535254,4582.952780331918,90.23437500000001
2169,0.1,0.16,0.3527118891520268,0.4697998779003017,82,0.8200000000000002,12.595045250832518,24.04811757273044,2707.638307117635,142,1.4200000000000004,13.687639594353524,41.6443011625332,4506.865125345042,55.468750000000014
2170,0.1,0.16,1.2714051521796224,0.3233463968327691,82,0.8200000000000002,7.590030381366743,125.9475803029154,1966.9751423930777,133,1.3300000000000003,8.77080453430454,204.28083146692373,3708.144589933767,51.95312500000001
2171,0.1,0.16,0.6215185712167357,0.3647544453913463,102,1.0200000000000002,4.216651396718584,67.89123720026998,1128.36539136025,138,1.3800000000000003,6.95497133263751,91.85285032977703,2882.2408407554967,53.90625000000001
2172,0.1,0.16,0.4974919199707282,0.2369558027979097,114,1.1400000000000001,18.721200882503247,93.49396300748421,8185.845498443245,162,1.6200000000000003,18.967539754061804,132.8598421685302,9854.648689473037,63.28125000000001
2173,0.1,0.16,1.4471270369676428,0.1547959042062549,204,2.0400000000000005,15.378026299982839,744.9676162277901,18552.84288753228,241,2.4100000000000006,16.83374316105195,880.0842917200854,20585.03439225768,94.14062500000001
2174,0.1,0.16,0.4416880694080923,0.3962643106339796,190,1.9000000000000004,5.648643537475069,82.72644172505716,3154.023050382777,228,2.2800000000000002,7.274156843978506,99.27173007006857,4771.220809286358,89.0625
2175,0.1,0.16,0.4279031338751335,0.3142588345931706,132,1.3200000000000003,6.729037199993961,70.20886260524577,3264.615358457666,162,1.6200000000000003,8.52003315624411,86.16542228825618,5023.4671262648935,63.28125000000001
2176,0.1,0.16,0.6587181844063785,0.1961005630804924,46,0.4600000000000001,21.385616327654812,60.35853334696297,4033.461516200376,92,0.9200000000000002,21.99551287444237,120.71706669392594,5748.609139934411,35.93750000000001
2177,0.1,0.16,0.5981684188987966,0.6103576951931188,127,1.2700000000000002,6.0331162741968205,48.61864057750319,2015.7500783484702,171,1.7100000000000004,7.0644994163027,65.4628940059295,3728.251383816385,66.79687500000001
2178,0.1,0.16,0.359588411311303,0.4897606571502661,109,1.0900000000000003,14.731129294109682,31.261392890255266,3500.3933013329374,169,1.6900000000000004,13.214715718161294,48.46949906837743,5083.9516931392955,66.01562500000001
2179,0.1,0.16,1.1386095205338125,0.4958778671368164,134,1.3400000000000003,6.770605644633753,120.18905468510842,2722.2280247463004,173,1.7300000000000004,8.384413071724518,155.16945119793849,4408.726475007421,67.57812500000001
2180,0.1,0.16,0.7951823254164038,0.2299586187550051,47,0.4700000000000001,3.849402908076198,63.485554856482366,576.541969322471,97,0.9700000000000002,5.874690748353272,131.02337917188913,2266.442099635623,37.89062500000001
2181,0.1,0.16,1.3557270498724043,0.1961916786117448,16,0.16000000000000003,4.215093328386714,43.18885551955965,254.84909215575516,71,0.7100000000000002,5.409965126142747,191.65054636804598,1919.9349716280317,27.734375000000007
2182,0.1,0.16,2.0943492444396683,0.2309413416278038,78,0.7800000000000001,17.870548444987286,276.31347030261895,3893.5024070791824,129,1.2900000000000003,17.850727586583414,456.97997011586983,5615.697952331326,50.39062500000001
2183,0.1,0.16,1.2184470108162735,0.8914015760855162,34,0.3400000000000001,10.353618095879366,18.15399455929521,946.7372527250222,135,1.3500000000000003,9.040833962687255,72.08203722073098,2674.5961113191024,52.73437500000001
2184,0.1,0.16,0.68706544616565,0.4086784365106288,0,0.0,1.6639379839585973,0.0,1387.4132010361118,234,2.3400000000000003,4.572946771784663,153.6711270474522,3110.487420485306,91.40625000000001
2185,0.1,0.16,0.4434270062047443,0.4067586593338212,282,2.8200000000000007,40.56075621755281,120.08657967415004,26274.351512739522,354,3.5400000000000005,38.928035620766636,150.74698299520958,27518.742850285897,138.28125
2186,0.1,0.16,0.6963009668655479,0.3531435986109742,179,1.7900000000000003,7.221172527128457,137.8664921551802,4168.050436339312,229,2.2900000000000005,8.36497031443264,176.37668549461603,5908.837045349863,89.45312500000001
2187,0.1,0.16,0.5646120638247895,0.3015970170370399,168,1.6800000000000004,20.82531848128489,122.85488448299634,8331.446659333635,242,2.4200000000000004,21.193372398813903,176.969535981459,10261.238048011013,94.53125000000001
2188,0.1,0.16,1.3337002418002477,0.4903924012891519,12,0.12000000000000002,4.387091113716974,12.748402844342683,154.69010360814983,55,0.5500000000000002,6.185656311298451,58.43017970323729,1884.6320304010662,21.484375000000004
2189,0.1,0.16,0.6501141832028858,0.5625420446064852,296,2.9600000000000004,50.48542684941983,133.6245942032954,32457.441489110257,411,4.110000000000001,50.08176088210719,185.53955478903518,33948.43191860863,160.54687500000003
2190,0.1,0.16,1.0498083629574289,0.1756253687010678,34,0.3400000000000001,9.55522092282154,79.38925579857634,787.6821079234768,75,0.7500000000000001,10.560247591203414,175.1233583792125,2529.684558854795,29.296875000000004
2191,0.1,0.16,0.4150185697540308,0.3710877272881441,289,2.8900000000000006,11.746174962924343,126.25506660789938,19963.974568917627,324,3.2400000000000007,13.100856909440425,141.54547259847544,21314.380617921714,126.56250000000001
2192,0.1,0.16,0.7204556475758329,0.2499188416747988,419,4.19,7.413047837476844,471.8264773590553,13300.904336084146,459,4.590000000000001,9.301666593865075,516.869577822927,14901.803953055558,179.29687500000003
2193,0.1,0.16,0.7272135039872863,0.6664885143859967,178,1.7800000000000002,15.986518584356041,75.8663695738226,15965.6496076266,220,2.2000000000000006,17.02937297310911,93.76742306876952,17376.62022141629,85.93750000000001
2194,0.1,0.16,1.7356665226420551,0.3206646366681077,276,2.7600000000000007,11.709315267105952,583.5584145376939,7176.78462241079,369,3.690000000000001,13.004171410018118,780.1922281319169,8875.20893435582,144.14062500000003
2195,0.1,0.16,1.6241596401035667,0.1405867577557344,158,1.5800000000000003,14.041778802881144,713.0195218087905,4618.906246471612,232,2.3200000000000003,13.447443891973265,1046.965373795186,6131.506358507691,90.625
2196,0.1,0.16,0.7468946093770777,1.0788638300643214,60,0.6000000000000001,8.654095642953754,16.22571998380148,1308.0516225160293,128,1.2800000000000002,9.975320369656469,34.61486929877649,3020.6008402014713,50.00000000000001
2197,0.1,0.16,1.7915663178674288,0.1660883881313564,298,2.9800000000000004,41.03879110090862,1255.653805998269,27535.14275136441,371,3.710000000000001,41.255975293605424,1563.2468524340868,29201.16927928394,144.92187500000003
2198,0.1,0.16,0.4573655013237915,0.3143236758684002,178,1.7800000000000002,25.108592710624407,101.17340008213151,28924.720531162573,217,2.1700000000000004,26.89645896502715,123.34060571810416,30466.102715749978,84.76562500000001
2199,0.1,0.16,0.5980076777992404,0.1308139386788203,77,0.7700000000000001,68.69177884693967,137.50025314938011,15567.043668280963,125,1.2500000000000002,67.44325369266039,223.2146966710716,17271.400896988394,48.82812500000001
2200,0.1,0.16,0.731791665954824,0.1474521247610359,200,2.0000000000000004,10.955556546746719,387.7273657153029,8241.54982114077,240,2.4000000000000004,11.896818825566655,465.27283885836346,9765.968304540776,93.75000000000001
2201,0.1,0.16,0.5107738106644834,0.3801785440114218,131,1.3100000000000003,22.70597276203452,68.74994395215361,8315.597137775942,181,1.8100000000000003,21.347699012768004,94.99038057511301,9929.17791550536,70.70312500000001
2202,0.1,0.16,0.5200537431308694,0.3025160654727026,72,0.7200000000000002,36.42369846348011,48.3495364211509,5256.109676564503,125,1.2500000000000002,37.211367145080786,83.94016739783142,7065.335111833065,48.82812500000001
2203,0.1,0.16,0.8360238255946587,0.1579346252714122,206,2.0600000000000005,8.728349074075917,425.95974188819923,4534.008267083973,268,2.6800000000000006,10.311663333976451,554.1612176021233,6136.877819824757,104.68750000000001
2204,0.1,0.16,1.062100880896647,0.1910123844293562,133,1.3300000000000003,57.97465237812848,288.8789645377215,26756.647829181766,183,1.8300000000000003,57.35748799388663,397.4800790255868,28530.583595941738,71.48437500000001
2205,0.1,0.16,0.5032446265476357,0.4559217366578005,75,0.7500000000000001,11.133050022658365,32.33777583509631,1901.044514735871,121,1.2100000000000002,10.980609023769007,52.17161168062205,3638.2685199426105,47.26562500000001
2206,0.1,0.16,0.5565085088927776,0.1286485951143928,206,2.0600000000000005,14.357724724796471,348.0919790468484,12623.786394491573,243,2.4300000000000006,15.390404546647378,410.61335392419494,14117.806897514904,94.92187500000001
2207,0.1,0.16,1.1736313188203,0.3099584320854682,12,0.12000000000000002,12.489796769113477,17.74882125308079,555.8676700491802,50,0.5000000000000001,14.012258988222188,73.95342188783664,2202.6838410631913,19.531250000000004
2208,0.1,0.16,0.5538612176877341,0.2311590805998204,0,0.0,0.2647881503187841,0.0,59.63189596849225,62,0.6200000000000001,3.2403202235221187,58.02855042972184,1755.172946490729,24.218750000000004
2209,0.1,0.16,0.774894146052162,0.2123086020114467,240,2.4000000000000004,12.903385715463987,342.17325866275286,7332.266628438492,284,2.8400000000000007,14.935248501986308,404.9050227509243,9116.645642464695,110.93750000000003
2210,0.1,0.16,0.5214653689571384,0.2515902689826663,120,1.2000000000000002,15.895315267774565,97.15673530898745,5732.178550888773,178,1.7800000000000002,16.93252925044506,144.1158240416647,7295.635539937498,69.53125
2211,0.1,0.16,0.4583280091697164,0.3459415055561845,64,0.6400000000000001,10.577344988861222,33.12178517238366,2004.0444093128087,115,1.1500000000000001,11.629148353274669,59.51570773162688,3579.366573652836,44.921875
2212,0.1,0.16,0.6114475954640171,0.3920896974627829,155,1.5500000000000003,30.7185925967991,94.42033639540979,11150.549688334566,225,2.2500000000000004,29.24525568479631,137.06177863849808,12736.484072419553,87.89062500000001
2213,0.1,0.16,1.291074880645796,0.662062339102661,106,1.0600000000000003,4.106060430222491,80.7455221651727,1329.3545541127792,145,1.4500000000000002,5.899166309258032,110.45378032028341,2923.9130297010597,56.64062500000001
2214,0.1,0.16,0.8083570151525068,0.3349038732662543,147,1.4700000000000002,17.515202261275974,138.59910017391095,7856.971177134568,198,1.9800000000000004,17.585110284598095,186.68450227506375,9292.242915763443,77.34375000000001
2215,0.1,0.16,0.5424743868880484,0.2272534613141039,128,1.2800000000000002,3.4801965236944943,119.35448282089185,1165.3846400901066,159,1.5900000000000003,5.763154632842702,148.26064662907658,2859.2933505703386,62.10937500000001
2216,0.1,0.16,0.8135510921670782,0.350645224605653,182,1.8200000000000003,10.417240180022594,164.94848325340854,4278.3722160381785,249,2.4900000000000007,11.622430575682053,225.67127653900397,5776.117387402961,97.26562500000001
2217,0.1,0.16,0.560343878864618,0.3581386809094829,0,0.0,0.27822952767301157,0.0,81.7195626602165,68,0.6800000000000002,3.423436405673096,41.55969482141271,1774.7065116508275,26.562500000000004
2218,0.1,0.16,0.8125802744845976,0.4588240457207697,140,1.4000000000000004,21.33146654539987,96.85190690271806,6224.971992598141,223,2.2300000000000004,23.7436169939776,154.27125170932948,8088.111501685472,87.10937500000001
2219,0.1,0.16,1.2596942368744084,0.2333873747592732,79,0.7900000000000001,20.792153487084878,166.56160977491623,6706.401885772439,122,1.2200000000000002,21.310797155653816,257.22172648784533,8203.862052158534,47.65625000000001
2220,0.1,0.16,1.1464882050650658,0.1109269363565102,95,0.9500000000000002,51.086370420982995,383.5449002043901,9882.525573087407,132,1.3200000000000003,52.647856036266354,532.9255455471525,11502.76638488271,51.56250000000001
2221,0.1,0.16,0.4537389458407176,0.3098104702582244,267,2.6700000000000004,79.53485201485394,152.75001544504715,67650.94812550728,311,3.1100000000000008,78.45128335732113,177.92230263449315,69335.87300107973,121.48437500000003
2222,0.1,0.16,1.2222945171845565,0.2958709071810242,17,0.17000000000000004,6.813579769199454,27.43358448288582,334.69647860453495,62,0.6200000000000001,8.054033544896214,100.05189634934828,2095.570660188555,24.218750000000004
2223,0.1,0.16,0.572011235947026,0.340266483230785,192,1.9200000000000004,16.513472689752945,126.08013075131339,9564.962358707317,251,2.5100000000000007,16.27257320083905,164.82350426343575,11273.05704632966,98.04687500000003
2224,0.1,0.16,0.9250628523630942,0.5083781109179425,94,0.9400000000000002,15.682248444615936,66.8147406049314,5916.6009977334825,137,1.3700000000000003,16.64817666572515,97.37893045612341,7726.61660343584,53.51562500000001
2225,0.1,0.16,1.5508281458541295,0.4688072695802239,0,0.0,1.1429960274288313,0.0,122.7322788479678,61,0.6100000000000001,3.1548712815507614,78.82413373414393,1802.1966971865772,23.828125000000004
2226,0.1,0.16,0.5973926911613946,0.1685722919889917,188,1.8800000000000003,39.834443848948546,260.2505147170321,31574.955761901434,234,2.3400000000000003,39.03463513250716,323.9288321477953,32684.295146584023,91.40625000000001
2227,0.1,0.16,0.6596776470286834,0.2856975933099704,122,1.2200000000000002,14.836513565120617,110.03859886247618,6176.282192784604,172,1.7200000000000004,15.994795926433497,155.13638528152381,7955.93321545861,67.18750000000001
2228,0.1,0.16,0.546791085560125,0.4523275435860204,50,0.5000000000000001,17.275039840380703,23.61013283688138,2167.608149755822,95,0.9500000000000002,17.00673613436542,44.85925239007462,3765.892001992023,37.10937500000001
2229,0.1,0.16,0.5071675706278255,0.6777764834561363,91,0.9100000000000001,7.105509958688376,26.59906721052195,1611.1145130424638,184,1.8400000000000003,7.122597404220946,53.78272930479164,3341.5171135147048,71.87500000000001
2230,0.1,0.16,0.6325259107254158,0.2673443571363884,225,2.2500000000000004,12.132067223457717,207.94565562492735,5624.220785000693,275,2.7500000000000004,13.12342801791638,254.15580131935565,7371.917731821708,107.42187500000001
2231,0.1,0.16,0.8119996575620531,0.2318390397369887,206,2.0600000000000005,8.048676182772018,281.83604244812494,6861.170395870898,242,2.4200000000000004,9.886939835185004,331.08894307012736,8546.263970250162,94.53125000000001
2232,0.1,0.16,0.7946751609939635,0.1670106473184914,103,1.0300000000000002,42.2823020948126,191.44443150168203,14019.038026888398,189,1.8900000000000003,41.623900695791875,351.2912383865816,15646.315051230516,73.82812500000001
2233,0.1,0.16,0.9040865488179288,0.5483603574310589,109,1.0900000000000003,11.435756375409689,70.19892952642546,3113.554682563118,190,1.9000000000000004,11.36316901783423,122.36510651395264,4789.806329337025,74.21875000000001
2234,0.1,0.16,0.3648899369790523,0.45874566095386,235,2.3500000000000005,31.016815702466076,73.01596240491287,14229.147831824883,293,2.9300000000000006,30.402309749443713,91.03692333889136,15739.278199383254,114.45312500000001
2235,0.1,0.16,0.4573221531837975,0.4577782151633958,164,1.6400000000000003,17.613123295132457,63.998677673816175,8115.029085906411,229,2.2900000000000005,18.471846155756367,89.36400723965794,10004.363207160288,89.45312500000001
2236,0.1,0.16,1.4248417347295017,0.397669456299823,188,1.8800000000000003,2.653715574219231,263.1250985876744,1600.2894624442135,235,2.3500000000000005,5.594243757975622,328.906373234593,3348.8346548207332,91.79687500000001
2237,0.1,0.16,0.4288072660733151,0.2910858423640671,198,1.9800000000000004,19.90052247800156,113.93739288727453,9820.742755727364,252,2.5200000000000005,20.139251323573628,145.01122731107665,11411.523118950041,98.43750000000001
2238,0.1,0.16,0.7034859037561115,0.4956383096369903,63,0.6300000000000001,9.270225461026575,34.92939927389344,1219.950478523228,135,1.3500000000000003,10.246396930395303,74.84871272977166,2897.8431462603985,52.73437500000001
2239,0.1,0.16,0.4109481701641741,0.3730175271993355,139,1.3900000000000003,13.421515219367885,59.81810451217491,3814.523322701564,201,2.0100000000000002,14.058323160293016,86.49956120105865,5656.102333671155,78.515625
2240,0.1,0.16,1.0369511374026,0.3309180626762091,425,4.250000000000001,73.98845202023143,520.2196875508604,89896.12295680733,500,5.000000000000001,73.42090552693242,612.0231618245416,91361.53088995238,195.31250000000003
2241,0.1,0.16,1.1281911001486966,0.3154724467955644,79,0.7900000000000001,28.312866608290935,110.35915365918638,8055.793100585217,126,1.2600000000000002,29.932036410122137,176.01586532984155,9707.225110239622,49.21875000000001
2242,0.1,0.16,0.5167532147625056,0.154892615779084,47,0.4700000000000001,37.77346985463724,61.250602583996745,9313.008681839381,94,0.9400000000000002,39.25451154596743,122.50120516799349,11090.973278781401,36.71875000000001
2243,0.1,0.16,0.3818985684075537,0.2531880674403853,168,1.6800000000000004,26.22779523415804,98.98607704980702,10877.608947268327,214,2.1400000000000006,26.074886219981067,126.08940767058752,12399.07336001979,83.59375000000001
2244,0.1,0.16,0.6402982647142916,0.2179838962717018,122,1.2200000000000002,32.05874761891644,139.98380017832423,7329.444902643106,186,1.8600000000000003,31.306061761680528,213.41792486203533,8983.368265631601,72.65625000000001
2245,0.1,0.16,0.6366990451000828,0.1176221943263608,383,3.830000000000001,330.9510911861854,809.8484027276131,1476164.9432684355,415,4.150000000000001,331.2753157055268,877.5119768458471,1475178.4404419241,162.10937500000003
2246,0.1,0.16,0.5740382643198122,0.3507180069247621,281,2.8100000000000005,3.858315531269786,179.65906401406005,3140.2620522546845,280,2.8000000000000007,5.874759312422593,179.0197079143659,4734.58361168263,109.37500000000003
2247,0.1,0.16,0.4495500564817353,0.4548943630562543,63,0.6300000000000001,13.115171674405156,24.320252831671354,1988.7584440239762,120,1.2000000000000002,14.022014102403338,46.324291107945434,3615.4175040016876,46.87500000000001
2248,0.1,0.16,1.2315796699816466,0.168223830534942,137,1.3700000000000003,7.835506029472771,391.79202831593807,2753.2622851612996,183,1.8300000000000003,9.057137402252735,523.3426363636254,4453.893064864523,71.48437500000001
2249,0.1,0.16,0.6832555852039596,0.6578615869511397,187,1.8700000000000003,12.799815960233069,75.86654444554513,6897.60260903858,226,2.2600000000000002,12.451235394353724,91.68897884862672,8459.892440666266,88.28125
2250,0.1,0.16,0.4807613774991576,0.2797558560455827,137,1.3700000000000003,6.855672241312154,91.96678116556126,3150.9394355097247,176,1.7600000000000002,8.848410462988145,118.14710573093998,4699.1640171938725,68.75
2251,0.1,0.16,0.7133503253029413,0.2273037531056118,219,2.1900000000000004,26.95450557872818,268.47287066811504,17635.373797443797,266,2.6600000000000006,27.10640644646696,326.090336062642,19061.70998220279,103.90625000000001
2252,0.1,0.16,0.5548672535778534,0.4409659719437639,165,1.6500000000000004,13.757326235684717,81.1013337279025,6472.143797136276,220,2.2000000000000006,14.897324185098313,108.13511163720332,8069.018560266055,85.93750000000001
2253,0.1,0.16,0.6497912948180394,0.5200736509895522,169,1.6900000000000004,13.220384253752234,82.48135310326248,7345.590347687621,202,2.0200000000000005,13.953305290033445,98.58717944886993,9010.206631092231,78.90625000000001
2254,0.1,0.16,1.3642765529862282,0.2464277429288237,56,0.56,5.192914500506612,121.10466638974788,814.3489260477571,102,1.0200000000000002,6.988220051462919,220.58349949561224,2593.611290375008,39.84375000000001
2255,0.1,0.16,0.8024463029523383,0.8941536287073396,115,1.1500000000000001,7.0882818306869,40.314540318479814,2282.8355709409984,158,1.5800000000000003,8.071039061264747,55.388672785389666,3901.304563622415,61.71875000000001
2256,0.1,0.16,2.0478417167622123,0.3020413594287923,9,0.09000000000000002,11.186548820244365,23.83595262949231,322.9785863168951,54,0.5400000000000001,9.128846729972581,143.01571577695387,1982.305223666331,21.093750000000004
2257,0.1,0.16,0.4386764477824283,0.5741506928520127,47,0.4700000000000001,6.7404121120680305,14.027372097208971,705.0365906728741,89,0.8900000000000001,6.095930931530863,26.562470567055282,2317.571696566422,34.765625
2258,0.1,0.16,1.565466515880452,0.328834485665165,279,2.7900000000000005,19.985222056888666,518.8366708909701,12025.456098241937,362,3.6200000000000006,21.20383924826801,673.1859314069219,14045.159563844072,141.40625000000003
2259,0.1,0.16,0.7743847161278937,0.3073632364643198,88,0.8800000000000001,17.26321989647946,86.6059159290069,3898.0830217772373,152,1.5200000000000002,18.270670994528036,149.59203660464829,5765.495981025796,59.37500000000001
2260,0.1,0.16,1.9267985014290487,0.2364428835196663,26,0.26000000000000006,12.949332989633868,82.7643741644316,1146.1395584509803,72,0.7200000000000002,12.266134971999715,229.19365153227213,2739.755027781116,28.125000000000007
2261,0.1,0.16,0.7635817726045542,0.142044785893283,61,0.6100000000000001,37.62161160098092,128.0914453207204,6666.4556075023975,106,1.0600000000000003,37.78022076556587,222.58513449174362,8258.483710565937,41.40625000000001
2262,0.1,0.16,0.8762306370258506,0.3078423601700399,21,0.21000000000000005,13.697421745385867,23.349059045618056,625.5569257708478,60,0.6000000000000001,13.60689020109756,66.71159727319444,2311.0064270306743,23.437500000000004
2263,0.1,0.16,0.7582402166087616,0.7486145301018198,1195,11.950000000000003,64.42196996733757,472.79894976678156,184108.05197834875,1201,12.010000000000002,64.5977608629171,475.17283570703313,184674.17098468504,469.14062500000006
2264,0.1,0.16,2.028978101489701,0.3179410895833476,172,1.7200000000000004,19.285054796374425,428.7648582084348,7671.267791566894,247,2.4700000000000006,19.95826585316768,615.7262789388569,9593.566290828829,96.48437500000001
2265,0.1,0.16,1.3167018978748852,0.642400770097614,586,5.860000000000001,7.2237272295038615,469.17953377394684,8645.208314289266,671,6.710000000000002,8.899117104262576,537.234585601226,10404.912349567308,262.10937500000006
2266,0.1,0.16,0.9398017517313176,0.2311536559326508,185,1.8500000000000003,29.330468286227976,293.8104556077037,11363.964875688998,258,2.5800000000000005,29.669708316079795,409.7464732258787,12780.96977923293,100.78125000000001
2267,0.1,0.16,1.108253477973787,0.7466983891051806,5,0.05000000000000001,4.117925139257406,2.8988378785194504,65.00628477751883,44,0.44000000000000006,4.418763105120538,25.50977333097116,1734.6034913097844,17.1875
2268,0.1,0.16,0.4806994859230968,0.1403946577384172,145,1.4500000000000002,17.281487008536907,193.93273047890736,10958.351036890737,186,1.8600000000000003,18.255614229735787,248.76888185570186,12580.10153313381,72.65625000000001
2269,0.1,0.16,0.4295410951950826,0.1735109848860188,215,2.1500000000000004,31.610942231589945,207.91041236076438,30387.994398293893,255,2.5500000000000007,31.511666253109766,246.59141931160428,31716.077008555145,99.60937500000003
2270,0.1,0.16,0.6603287836533855,0.7915443433173711,108,1.0800000000000003,18.560060098280765,35.194011296481015,6269.284656753391,161,1.6100000000000003,19.242930286724974,52.4651464697541,8033.481837846484,62.89062500000001
2271,0.1,0.16,0.934260509409124,0.3568691297557865,104,1.0400000000000003,8.547309225918532,106.35364628125349,2042.2309300892293,167,1.6700000000000004,9.542108432270561,170.7794127785513,3853.860108243307,65.23437500000001
2272,0.1,0.16,0.7573408021426083,0.504439904914092,93,0.9300000000000002,12.920639362518532,54.54122693271557,2582.9414862873587,182,1.8200000000000003,13.336954918232635,106.73659464251863,4338.519106276213,71.09375000000001
2273,0.1,0.16,0.3677881124088296,0.5144230292717727,61,0.6100000000000001,9.949164628167026,17.03598131755048,1614.256782571143,106,1.0600000000000003,9.369265741412315,29.603508519022142,3265.4982447095003,41.40625000000001
2274,0.1,0.16,0.7229551447513902,0.1307993841089377,124,1.2400000000000002,17.023847346906297,267.7240421463317,5449.219171477549,183,1.8300000000000003,16.59157294828964,395.1088686514412,6989.587858758554,71.48437500000001
2275,0.1,0.16,0.4728225000989306,0.1927506017736861,344,3.440000000000001,119.9311910838383,329.62555170329716,189483.2173635203,397,3.9700000000000006,120.429851083858,380.4108837971191,192254.3553283668,155.07812500000003
2276,0.1,0.16,0.3659663092497092,0.1155198486761211,155,1.5500000000000003,70.71185144594199,191.81220053773973,142491.79068043508,198,1.9800000000000004,70.39246409523355,245.0246174611127,144072.32674999343,77.34375000000001
2277,0.1,0.16,0.8543793420503967,0.3572734000683707,241,2.4100000000000006,15.17384829914593,225.12676631487554,8151.01499338543,294,2.9400000000000004,14.46775646939509,274.63597218495187,9666.309823218358,114.84375000000001
2278,0.1,0.16,1.339475858921103,0.1050308778113826,46,0.4600000000000001,9.40611694677547,229.15838981382063,914.0325770108452,89,0.8900000000000001,9.410586838281395,443.37166724847896,2570.311222603103,34.765625
2279,0.1,0.16,0.6705469234804158,0.3435199918198932,244,2.4400000000000004,30.505528604605573,186.04886226748576,19608.129705502637,324,3.2400000000000007,31.650782867776766,247.0484892404319,21654.21082297931,126.56250000000001
2280,0.1,0.16,0.9408785657697932,0.7083972644542231,141,1.4100000000000004,5.591569976407319,73.15362418178586,2103.2942514606957,227,2.2700000000000005,6.464476977458726,117.77214673237863,3754.3043847591293,88.67187500000001
2281,0.1,0.16,0.423949649971697,0.3148610336235921,187,1.8700000000000003,20.796234692683523,98.3551274394848,7928.777154310474,237,2.3700000000000006,20.839317944128748,124.65328985645935,9506.171896490096,92.57812500000001
2282,0.1,0.16,1.063767226352183,0.4477570106643118,290,2.9000000000000004,4.545664399829817,269.13008225470765,4019.715005410467,329,3.2900000000000005,7.0791229277909595,305.32343814413383,5761.497039877099,128.515625
2283,0.1,0.16,1.6245515158142645,0.4624657103659556,239,2.3900000000000006,6.911250670597083,327.9532098751842,6171.658524514072,278,2.7800000000000007,9.044352742018845,381.46858721883353,7697.383056716225,108.59375000000003
2284,0.1,0.16,3.117399934661284,0.0935320765852622,0,0.0,0.0,0.0,0.0,38,0.38000000000000006,3.1548712815507614,494.7383504090809,1688.8077490113828,14.843750000000002
2285,0.1,0.16,0.8983418344579158,0.229896842899046,211,2.1100000000000003,18.756126693165054,322.0706185142149,15221.641414683465,253,2.5300000000000007,19.842913378958258,386.17946200993543,16581.581544113487,98.82812500000003
2286,0.1,0.16,0.6694566339460015,0.5334776517860365,193,1.9300000000000004,13.030426034414614,94.60706343482921,4900.639249154634,296,2.9600000000000004,12.197131972714025,145.09684340263962,6628.225612809511,115.62500000000001
2287,0.1,0.16,1.062701036900418,0.2176213769102022,262,2.6200000000000006,8.09988572854786,499.7707982068117,6077.015496715856,302,3.0200000000000005,9.467576924581484,576.0716834292257,7808.348343488424,117.96875000000001
2288,0.1,0.16,0.6353790332644303,0.5611268081590318,143,1.4300000000000004,10.61186153047268,63.251078312758786,4971.775324977456,182,1.8200000000000003,12.33691124821999,80.50137239805663,6681.675275800187,71.09375000000001
2289,0.1,0.16,0.6346786048088366,0.4031052976862229,141,1.4100000000000004,9.055245470680546,86.71904768092918,3112.1391818930188,196,1.9600000000000004,11.22245663444796,120.54562656356113,4755.485575385668,76.56250000000001
2290,0.1,0.16,0.7689800086612587,0.2338359106961979,0,0.0,1.0331935134750003,0.0,270.68539084862596,82,0.8200000000000002,3.973056259657888,105.3362198692925,1983.0891369701917,32.03125000000001
2291,0.1,0.16,0.6439525268724945,0.1711441515449594,188,1.8800000000000003,32.149882762969746,276.31831567306415,10091.967868101015,229,2.2900000000000005,30.260518218686606,336.57922494218985,11675.57723538707,89.45312500000001
2292,0.1,0.16,0.6059592206258152,0.2616413356601326,46,0.4600000000000001,5.822438492861422,41.61547990170737,630.561681878032,85,0.8500000000000002,6.152132110844913,76.8981693835897,2335.946323758916,33.20312500000001
2293,0.1,0.16,1.098794493263147,0.2620781670788871,227,2.2700000000000005,8.581922422805974,371.76758767543754,6522.47217492792,254,2.5400000000000005,11.216296857420726,415.9866399540138,8103.567981956832,99.21875000000001
2294,0.1,0.16,0.4410749271142785,0.3376398648329923,225,2.2500000000000004,34.22737469688486,114.81568100697615,25525.232401540827,286,2.8600000000000008,35.12323493692916,145.94348785775637,26933.62592480731,111.71875000000003
2295,0.1,0.16,0.9647153618744118,0.0620708784593317,84,0.8400000000000002,280.6861639977096,509.977039107704,415251.40946227475,132,1.3200000000000003,278.9100260154858,801.3924900263919,416654.2126343678,51.56250000000001
2296,0.1,0.16,0.9246943548086928,0.1316433651769258,89,0.8900000000000001,13.06628615559714,244.20203126599142,2663.2754114779636,140,1.4000000000000004,13.063150000716497,384.1380267105484,4376.504590370731,54.687500000000014
2297,0.1,0.16,1.846099324393668,0.3453613776951963,10,0.10000000000000002,6.666731448407482,20.880520960503077,166.79681468951333,49,0.4900000000000001,7.627190627438237,102.3145527064651,1893.5775508739166,19.140625000000004
2298,0.1,0.16,1.297216467384345,0.2248004001881896,227,2.2700000000000005,11.546262215345783,511.6833259529465,4663.522387745323,270,2.7000000000000006,11.899028295126092,608.6101233801567,6389.70392035789,105.46875000000001
2299,0.1,0.16,0.5407241954871729,0.0966918790142209,76,0.7600000000000001,41.94705706870351,166.01962561059028,13678.214209908201,115,1.1500000000000001,42.43951915991713,251.2139071739195,15418.904218984055,44.921875
2300,0.1,0.16,0.4983608167073679,0.3945250884005448,174,1.7400000000000004,10.004809839333355,85.85756079012425,6866.093807263242,223,2.2300000000000004,12.388153986008836,110.0358394034351,8529.462873343084,87.10937500000001
2301,0.1,0.16,1.4556691710841627,0.1642617680392735,140,1.4000000000000004,13.228949002859324,484.63442676832676,6565.686349148997,176,1.7600000000000002,14.109727133001572,609.2547079373248,8330.179314583696,68.75
2302,0.1,0.16,2.2462939646714126,0.4012476361719037,55,0.5500000000000002,13.172125423279093,120.27540487880059,1595.152171493732,133,1.3300000000000003,13.525112508341092,290.84779725237235,3356.1142181572277,51.95312500000001
2303,0.1,0.16,0.9120445980923748,0.4769652469419694,195,1.9500000000000004,5.405701493615235,145.65452633233474,2771.356723160595,255,2.5500000000000007,7.4098561389474895,190.47130366536084,4529.231461171046,99.60937500000003
2304,0.1,0.16,1.6915899039407305,0.3692478296427542,111,1.1100000000000003,9.751425197151413,198.6369996057725,2196.3394795156973,162,1.6200000000000003,9.560458987330229,289.9026480732896,3906.5339027162063,63.28125000000001
2305,0.1,0.16,0.588433339366422,0.9934139320963083,179,1.7900000000000003,6.501809566392731,41.417138487466595,3646.6323686209853,222,2.2200000000000006,8.264943729041418,51.36650695093623,5385.93665202221,86.71875000000001
2306,0.1,0.16,0.4921272228931198,0.1145189032470011,25,0.25000000000000006,11.961057044260588,41.96625862456884,992.531938027374,68,0.6800000000000002,11.83122186919238,114.14822345882722,2744.612668164227,26.562500000000004
2307,0.1,0.16,0.9963520713816184,0.4794029981085176,63,0.6300000000000001,4.657672058842756,51.14611684407273,784.4365162989477,106,1.0600000000000003,5.7321095160165205,86.05537119796364,2459.6278728546104,41.40625000000001
2308,0.1,0.16,0.3559261879385532,0.2557064636723941,105,1.0500000000000003,98.0408369032067,57.090989576511326,47182.79455058392,163,1.6300000000000003,97.64840732276497,88.62696477115567,48651.262091121105,63.67187500000001
2309,0.1,0.16,0.7780061096873487,0.2782083247904958,52,0.5200000000000001,16.08128070629135,56.80365285591248,1663.8164073221362,122,1.2200000000000002,17.17808402278218,133.27010862348698,3363.8806740043774,47.65625000000001
2310,0.1,0.16,0.568021798657403,0.323405255202306,310,3.1000000000000005,12.65289249306667,212.6863697318158,7415.960565963654,370,3.7000000000000006,13.46296996034266,253.85147355087696,9037.97895882201,144.53125000000003
2311,0.1,0.16,0.8711220349887374,0.5045678503373411,116,1.1600000000000001,38.81319161142044,78.23074178039033,14639.120550778607,202,2.0200000000000005,38.92645153067172,136.22939516930043,16510.491184864302,78.90625000000001
2312,0.1,0.16,0.5534727151553642,0.438799908292906,60,0.6000000000000001,8.358669911449274,29.562487403244447,1351.4117764050143,109,1.0900000000000003,9.057494994480644,53.70518544922741,3126.690477110216,42.57812500000001
2313,0.1,0.16,0.9163316696286652,0.1205029914832819,125,1.2500000000000002,25.3414964856054,371.29997152223893,11114.126226840312,175,1.7500000000000004,24.760251034662215,519.8199601311345,12792.723151580572,68.35937500000001
2314,0.1,0.16,0.934606486149481,0.2474342936396096,90,0.9000000000000001,5.70279525047612,132.7918567607674,1276.0801442340792,137,1.3700000000000003,7.14144540145848,202.13871529139038,2868.00934618918,53.51562500000001
2315,0.1,0.16,3.248965316725319,0.13837293922358,14,0.14,14.670025573638826,128.4050131155543,708.6745160452309,52,0.5200000000000001,14.745335629826847,476.9329058577732,2438.777793109588,20.312500000000004
2316,0.1,0.16,1.020471231652701,0.4395755246210955,91,0.9100000000000001,15.918838961316544,82.52179951084058,3456.411388229101,143,1.4300000000000004,16.086045812857396,129.6771135170352,5178.1176207253375,55.859375000000014
2317,0.1,0.16,0.6035138012824546,0.1554692518334889,104,1.0400000000000003,17.826297590287716,157.70158978676238,4361.877205604749,150,1.5000000000000002,17.183058713987485,227.45421603859958,5929.331259591826,58.59375000000001
2318,0.1,0.16,1.6315268634872293,0.2236555032329752,705,7.050000000000002,20.096731172829518,2008.9253165928499,51162.626796754186,738,7.380000000000002,21.281764820732203,2102.9601186461323,52800.95082809951,288.28125000000006
2319,0.1,0.16,0.7438369296126435,0.2867593694677153,91,0.9100000000000001,14.418012367183039,92.20650194064993,2918.7573332008674,146,1.4600000000000002,16.678141554965695,147.9357064102735,4637.841173776277,57.03125000000001
2320,0.1,0.16,1.1790716487734874,0.5119756776347031,21,0.21000000000000005,5.130431554739678,18.89166329840005,314.7420861939073,62,0.6200000000000001,5.202952543127014,55.77538688099062,1982.7561586637496,24.218750000000004
2321,0.1,0.16,0.4668290570057393,0.4904950759337092,295,2.9500000000000006,4.542933100948463,109.6744029764045,4375.147969849539,325,3.2500000000000004,6.8798951092513745,120.82773209264901,6044.11471995459,126.95312500000001
2322,0.1,0.16,0.6719678061142558,0.111553824725644,163,1.6300000000000003,74.05765831788047,383.54086254019415,37650.024345562284,258,2.5800000000000005,74.08748772927748,607.0769480697552,39358.0604696946,100.78125000000001
2323,0.1,0.16,0.5415652431183823,0.4979876651388417,46,0.4600000000000001,21.572383721955557,19.54114758961009,4506.155886227115,91,0.9100000000000001,20.864800661734503,38.657487622924315,6340.838429671682,35.54687500000001
2324,0.1,0.16,0.5327490481154146,0.3260393766838513,222,2.2200000000000006,19.924719642477598,141.69862544258405,14158.036797481662,267,2.6700000000000004,19.577558100394622,170.4213197890538,15429.260854447552,104.29687500000001
2325,0.1,0.16,0.6199283141308648,0.3968155399483789,208,2.0800000000000005,9.769837212180958,126.93347526078544,5398.933575922888,251,2.5100000000000007,11.929013893189966,153.17453024258245,7054.044909044571,98.04687500000003
2326,0.1,0.16,0.6613901148757279,0.3808680696133441,93,0.9300000000000002,5.37589037783649,63.08500156330247,1455.0064925047952,130,1.3000000000000003,6.650435711937803,88.18333551859484,3198.5106126199726,50.78125000000001
2327,0.1,0.16,0.6483137061857751,0.6411963777809687,97,0.9700000000000002,33.3021838786598,38.311213810126574,6646.888685987079,162,1.6200000000000003,34.53195958987801,63.983676672582526,8337.518205547096,63.28125000000001
2328,0.1,0.16,1.885019085389724,0.2851043112486143,19,0.19000000000000003,7.290426602454994,49.07107845232508,321.9117035047058,64,0.6400000000000001,7.794891524200381,165.29205373414763,2011.0176954778767,25.000000000000004
2329,0.1,0.16,1.126949831247671,0.1130980698095169,75,0.7500000000000001,13.355802111484222,291.9245959983297,1950.724625255246,110,1.1000000000000003,12.761010316865548,428.1560741308836,3692.5227708907387,42.96875000000001
2330,0.1,0.16,0.6520856855885302,0.5278070524024363,135,1.3500000000000003,10.623884095777811,65.15132929625652,3291.4210209146113,207,2.0700000000000003,11.401187918855566,99.89870492092668,5087.020566469055,80.85937500000001
2331,0.1,0.16,0.5352952705246096,0.2726270179866605,0,0.0,0.9865207145524866,0.0,474.5021268385036,110,1.1000000000000003,3.923985830742731,84.36789876959205,2170.0500808763395,42.96875000000001
2332,0.1,0.16,1.0655616321956487,0.3713895805678031,175,1.7500000000000004,7.91391707829058,196.13131604152835,3059.1692221399157,255,2.5500000000000007,8.553761138917384,285.7913462319413,4713.565943354314,99.60937500000003
2333,0.1,0.16,0.844304197983815,0.1655863104502633,23,0.23000000000000004,9.44237763722235,45.810221316811614,558.8847139551797,67,0.6700000000000002,9.937511250349203,133.44716644462514,2300.8365489369007,26.171875000000004
2334,0.1,0.16,0.9387117572309848,0.0872766005704395,55,0.5500000000000002,26.774908046298094,231.07723350180757,4850.371484634836,93,0.9300000000000002,25.906395353636395,390.7305948303292,6637.246322644303,36.32812500000001
2335,0.1,0.16,0.3482679274909306,0.164673599855316,124,1.2400000000000002,27.39200193162065,102.44038967183229,17947.974697684454,166,1.6600000000000004,28.038155751088887,137.1379410122916,19350.86730758205,64.84375000000001
2336,0.1,0.16,0.5818319067945109,0.5382743551190591,24,0.24000000000000005,3.225770588762385,10.133631807504631,238.01394271000342,63,0.6300000000000001,5.0329465079797755,26.600783494699655,1955.8161116842605,24.609375000000004
2337,0.1,0.16,0.5081890618987196,0.2206973386947162,56,0.56,14.391781869744028,50.370501949784675,2057.384363653656,105,1.0500000000000003,14.148001649702179,94.44469115584629,3764.295140359434,41.01562500000001
2338,0.1,0.16,1.2423386719731506,0.1579966312574591,186,1.8600000000000003,7.153085857039657,571.3012259638786,4504.093887017985,220,2.2000000000000006,9.046326144256115,675.7326328605016,6222.896096237921,85.93750000000001
2339,0.1,0.16,0.3890435623420545,0.7951707063654874,253,2.5300000000000007,8.317730889819362,48.35244244009369,5337.175040763694,299,2.9900000000000007,10.269992150841334,57.143795611019804,7051.935839587581,116.79687500000001
2340,0.1,0.16,0.9611202395698476,0.2336179575212751,64,0.6400000000000001,16.935122555843115,102.85170816570474,3005.1250510828995,122,1.2200000000000002,17.581136239734118,196.06106869087466,4668.114911247283,47.65625000000001
2341,0.1,0.16,1.2219118596993088,0.3250038250685725,35,0.3500000000000001,39.3047352855831,51.401937202744406,4228.101358142872,114,1.1400000000000001,39.01466561179201,167.4234526032246,5947.542695903874,44.53125
2342,0.1,0.16,0.4719930223687383,0.3147345379597924,243,2.4300000000000006,32.00554878486748,142.35000378598787,27122.06251156466,289,2.8900000000000006,31.396466927681235,169.2969180829238,28037.13395713843,112.89062500000001
2343,0.1,0.16,1.0489292681433209,0.2656355865599374,71,0.7100000000000002,18.636156990309892,109.51619113954186,5520.596964482527,104,1.0400000000000003,19.823130723901688,160.41808279594864,7072.819063494142,40.62500000000001
2344,0.1,0.16,0.8557889053264209,0.346715436622014,307,3.0700000000000007,6.191234583185606,296.00011793771336,4318.620871761404,390,3.900000000000001,7.313870133883144,376.02620845507556,6056.8809037769315,152.34375000000003
2345,0.1,0.16,0.7809192287289809,0.2463645592643672,420,4.200000000000001,135.53065085560553,520.040550255716,183666.00639767104,511,5.110000000000001,134.69909444757442,632.716002811121,185616.1169814726,199.60937500000003
2346,0.1,0.16,1.3245186975023056,0.1933301996828161,581,5.810000000000001,28.70291529648048,1554.8717066048569,41221.377012243975,642,6.420000000000001,28.82394647604394,1718.1198548026127,42488.04882580032,250.78125000000003
2347,0.1,0.16,0.8891571780256827,0.4486972087539112,135,1.3500000000000003,36.3256955451672,104.50064574764171,9406.178699197935,235,2.3500000000000005,38.10888118165113,181.90853148663558,11329.843603443778,91.79687500000001
2348,0.1,0.16,0.5430310102791226,0.433729008929835,239,2.3900000000000006,10.47482399318078,116.88643065485805,11700.957576846697,284,2.8400000000000007,11.047890226773138,138.8943360082832,13201.631568211174,110.93750000000003
2349,0.1,0.16,0.732951043250958,0.2733687093222097,150,1.5000000000000002,27.478738248914045,157.10046075487935,8789.56571686955,236,2.3600000000000003,26.522770185085765,247.17139158767682,10296.23218249134,92.18750000000001
2350,0.1,0.16,0.4907903312471887,0.3279017178699941,338,3.380000000000001,6.3543994274205,197.61915656743236,10332.501271593017,377,3.770000000000001,8.465683138876427,220.4213669405976,11969.005909324067,147.26562500000003
2351,0.1,0.16,0.6032570471365297,0.2659784536573612,171,1.7100000000000004,52.99552491304244,151.4998114184001,26026.77036753037,251,2.5100000000000007,53.83356284901786,222.37691617554637,27623.79444531867,98.04687500000003
2352,0.1,0.16,0.6871934846703565,0.6988303139386027,30,0.30000000000000004,12.647516629727383,11.523610936528804,953.5571755681782,69,0.6900000000000002,12.667786687938229,26.50430515401625,2621.4378226305535,26.953125000000004
2353,0.1,0.16,1.0334168574822629,0.3628903560695927,30,0.30000000000000004,4.431133117821076,33.371936167677674,403.5195406657497,81,0.8100000000000002,5.374123485965968,90.10422765272972,2127.634347477252,31.640625000000004
2354,0.1,0.16,0.6074745810478146,0.3254536205914076,532,5.320000000000001,15.345707393320755,387.89186349992605,34507.332399880426,583,5.830000000000001,15.821805417402487,425.0769857527385,36057.004531350576,227.73437500000003
2355,0.1,0.16,1.0274617319914785,0.4390873066985538,323,3.2300000000000004,20.19767607879418,295.2414502501475,13845.561658767012,390,3.900000000000001,20.301899937468793,356.4834848221596,15531.198685258889,152.34375000000003
2356,0.1,0.16,0.4120596984026817,0.308736458140784,127,1.2700000000000002,9.648815110636573,66.21188901222662,3243.81494123677,165,1.6500000000000004,10.598202328762616,86.0233203702157,4778.822055950889,64.45312500000001
2357,0.1,0.16,1.1686708351683073,0.9522464842599568,86,0.8600000000000002,9.005559282299716,41.228858827918344,2003.6147635342445,160,1.6000000000000003,9.39245891849705,76.70485363333646,3599.59147483458,62.50000000000001
2358,0.1,0.16,0.4562716870374121,0.2684626499967865,82,0.8200000000000002,9.636624920613412,54.439425654153574,2883.2224512018092,124,1.2400000000000002,11.190477718542004,82.3230339160371,4648.786584553751,48.43750000000001
2359,0.1,0.16,0.5857098301039207,0.2240174926930598,167,1.6700000000000004,8.390754670017357,170.55996046941374,3515.0200034210247,211,2.1100000000000003,9.18835345509117,215.49791412602576,5272.444019601153,82.42187500000001
2360,0.1,0.16,0.5336565935675422,0.0525233925068883,77,0.7700000000000001,46.23675088812421,305.604588018446,13522.396333714503,119,1.1900000000000002,47.347088230898706,472.29799966487116,15554.464131260092,46.48437500000001
2361,0.1,0.16,0.339670995308504,0.2879394896913198,157,1.5700000000000003,12.05474526135058,72.34639917395926,9804.21453948754,192,1.9200000000000004,13.308193099715165,88.47457733375909,11418.063232226537,75.00000000000001
2362,0.1,0.16,1.2560617818487392,0.1388942403851896,88,0.8800000000000001,9.765887885450939,310.86331320369436,1923.3456053983432,128,1.2800000000000002,9.334249676418377,452.1648192053737,3576.2240766955197,50.00000000000001
2363,0.1,0.16,0.6428058434963125,0.225436261963749,154,1.5400000000000003,44.16856650019219,171.52870033412435,10575.339969048513,213,2.1300000000000003,45.54367690117978,237.24424137122395,12055.238209979521,83.20312500000001
2364,0.1,0.16,1.122667908651919,0.6791060107559761,200,2.0000000000000004,6.169937905960771,129.1527817075198,3252.110849084184,342,3.420000000000001,7.559713903106614,220.8512567198589,4860.196220156511,133.59375000000003
2365,0.1,0.16,0.7577404901176696,0.2319330801645103,222,2.2200000000000006,23.16903658387391,283.3158085115901,13967.568982235738,290,2.9000000000000004,23.292307511381818,370.09722733496,15886.428696452316,113.28125000000001
2366,0.1,0.16,0.6461251400425392,0.4878962536155021,260,2.6000000000000005,3.4234316099147626,134.5000787550326,2596.584944091957,286,2.8600000000000008,5.820106115692122,147.95008663053588,4244.66117314587,111.71875000000003
2367,0.1,0.16,1.8718377290657728,0.2635391864291313,4,0.04000000000000001,2.44069705862668,11.097956593456237,44.210839766176676,44,0.44000000000000006,4.049001304161698,122.07752252801859,1736.5209405847006,17.1875
2368,0.1,0.16,0.7061417844555679,0.1391809876175172,257,2.5700000000000003,92.43961402503803,509.33691658319276,81286.1973091489,312,3.1200000000000006,92.36144462435857,618.3389804434091,82544.7760904672,121.87500000000001
2369,0.1,0.16,0.3264713678208725,0.2507416334781,182,1.8200000000000003,82.68134175258946,92.56569594790625,161244.8338467792,229,2.2900000000000005,82.1000656629441,116.47002402236556,161632.2757577559,89.45312500000001
2370,0.1,0.16,0.4367625806268509,0.1861702283055637,588,5.880000000000001,3.0954150026005594,538.8557888701466,5312.395532477439,529,5.290000000000001,5.917357304402657,484.7869257012033,7046.90829948994,206.64062500000003
2371,0.1,0.16,0.6240474111789533,0.1729702708753089,130,1.3000000000000003,32.11271352449116,183.21014032391673,9835.586289850338,203,2.0300000000000002,32.87334405435172,286.08968065965456,11608.023176543491,79.296875
2372,0.1,0.16,0.6278566399587899,0.4390931946421917,259,2.5900000000000003,18.25676877827636,144.66503756131556,9955.070596609228,300,3.0000000000000004,18.150412412930166,167.5656805729524,11641.442817358296,117.18750000000001
2373,0.1,0.16,0.7421614418442213,0.4914162119903812,84,0.8400000000000002,6.292997875025089,49.555085315317555,1403.7265806113123,131,1.3100000000000003,7.095125981426819,77.28233543222142,3136.0443536495613,51.17187500000001
2374,0.1,0.16,0.8005177515948727,0.5244131176028655,107,1.0700000000000003,9.795888220157753,63.803019557627344,4212.294205903749,146,1.4600000000000002,11.796948395074173,87.0583257515289,6062.690018660267,57.03125000000001
2375,0.1,0.16,0.8625680286834485,0.475196415267791,92,0.9200000000000002,3.863065052209884,65.23310684770759,947.0328362549885,120,1.2000000000000002,5.7034380586564835,85.08666110570555,2555.748125037915,46.87500000000001
2376,0.1,0.16,0.5603700024875282,0.484532544626768,151,1.5100000000000002,25.880406731718242,68.21641751832347,11410.920822864035,196,1.9600000000000004,25.954247284758246,88.54581346749272,13291.753549370238,76.56250000000001
2377,0.1,0.16,0.5367903348839225,0.3003566774844111,223,2.2300000000000004,17.106802430070292,155.67981031554083,19921.9137990741,256,2.5600000000000005,17.851825268868037,178.71762977927557,21384.63061460354,100.00000000000001
2378,0.1,0.16,0.417131432862784,0.5777182188314371,76,0.7600000000000001,8.695259685268269,21.435345137915938,2170.9747903413772,112,1.12,10.486363417894108,31.588929676928746,3705.289533748706,43.75
2379,0.1,0.16,1.2842049501092618,0.5108356093645141,444,4.440000000000001,31.859069429882652,436.00972984568006,20001.163260147274,531,5.310000000000001,32.21708231212688,521.4440688019282,21615.102678067105,207.42187500000006
2380,0.1,0.16,0.7024482949546288,0.4169663764322705,122,1.2200000000000002,14.48642889465235,80.28477462107591,6472.202815723567,165,1.6500000000000004,14.946055070294516,108.58186731538956,8328.835385842687,64.45312500000001
2381,0.1,0.16,1.1341027706860327,0.1151754814117127,454,4.540000000000001,81.01106120190443,1746.2574132414065,140638.38885389615,503,5.030000000000001,80.4425704933828,1934.7301296485189,142230.14861350023,196.48437500000003
2382,0.1,0.16,0.421687868035031,0.7605233096245849,169,1.6900000000000004,27.680673566235193,36.60372773714417,6889.000905661774,223,2.2300000000000004,27.086671822328153,48.29959340463402,8393.331576395287,87.10937500000001
2383,0.1,0.16,1.2150269584997464,0.3113644462626193,223,2.2300000000000004,7.957148488731206,339.9239708755741,5456.292564816901,261,2.6100000000000003,10.0123455186708,397.84823497096346,7089.512868357482,101.95312500000001
2384,0.1,0.16,0.3844614415255124,0.7053801134853712,81,0.8100000000000002,20.756302224153888,17.245453998073973,3783.131349683717,137,1.3700000000000003,22.1261366731932,29.168237009088077,5278.974651403226,53.51562500000001
2385,0.1,0.16,0.7155028148609367,0.3011982795143368,0,0.0,1.102409336418044,0.0,737.1825391329835,142,1.4200000000000004,3.764702813086185,131.76717617979776,2397.926797702653,55.468750000000014
2386,0.1,0.16,1.2202293445114951,0.3771464155404666,180,1.8000000000000003,18.036802436138153,227.49089544709918,5393.0931667244695,257,2.5700000000000003,18.17385101865012,324.80644516613603,6891.483324774257,100.390625
2387,0.1,0.16,0.3366693595657431,0.5103416933462133,145,1.4500000000000002,28.949388486409166,37.36548119186687,13737.00483779828,189,1.8900000000000003,29.880090873344844,48.70397203629544,15892.632964625755,73.82812500000001
2388,0.1,0.16,0.3413260058344518,0.1167833295755675,807,8.070000000000002,1037.623638617865,921.3446003938949,3733670.3491912587,891,8.910000000000002,1035.0757821790887,1017.2466405835941,3732725.4302421124,348.04687500000006
2389,0.1,0.16,1.0650488497730033,0.7953788774207574,14,0.14,5.247370810017642,7.322907437627293,260.29623789641414,59,0.5900000000000001,5.204496876186147,30.860824201429313,1946.4964375694972,23.046875000000004
2390,0.1,0.16,0.6542364279908399,0.8272767881516276,106,1.0600000000000003,11.205678276759942,32.7453610260495,2832.765618935854,153,1.5300000000000002,10.566664455920352,47.264530537599754,4522.878905828555,59.76562500000001
2391,0.1,0.16,0.6486300209734429,0.3329030160123567,51,0.5100000000000001,11.194897067028293,38.815888044104334,1273.3883854557985,92,0.9200000000000002,11.158985593855396,70.02081764818821,2953.8292551321774,35.93750000000001
2392,0.1,0.16,0.4720776524789902,0.3342018342830128,587,5.870000000000001,86.28569229658406,323.89388497222416,133716.3941885717,645,6.450000000000001,86.07774629779134,355.8970286321713,135394.07714027882,251.95312500000003
2393,0.1,0.16,1.2939818356391637,0.3501622033159025,177,1.7700000000000002,6.534624143867981,255.50077080713857,4185.937991996733,219,2.1900000000000004,8.819746346096133,316.12807235459525,5827.2984264677325,85.54687500000001
2394,0.1,0.16,0.4931097524691112,0.1782203615082902,135,1.3500000000000003,87.91727342849777,145.90832597797015,50228.23955840475,195,1.9500000000000004,86.8870306312654,210.756470857068,51945.17188870434,76.17187500000001
2395,0.1,0.16,0.7228263468228598,0.2866132713369056,150,1.5000000000000002,5.0677594855804,147.7709181490312,2457.4861623704564,194,1.9400000000000004,6.888860806126031,191.1170541394137,4207.410943781991,75.78125000000001
2396,0.1,0.16,0.7104342833212303,0.5370207065316572,70,0.7000000000000002,6.7490474451538445,36.1735352069143,1228.3399969062289,133,1.3300000000000003,8.079508205540622,68.72971689313717,3018.773468818128,51.95312500000001
2397,0.1,0.16,0.4091024692061434,0.2670734225053519,142,1.4200000000000004,14.013770756824297,84.96690676259088,4040.752750678055,188,1.8800000000000003,13.9388371776565,112.4913976856837,5610.450927321946,73.43750000000001
2398,0.1,0.16,1.6768473842966154,0.3584934299236016,207,2.0700000000000003,18.881726499721683,378.2184557566493,11083.692827644303,268,2.6800000000000006,20.266562240934533,489.6741359554686,12914.007793000203,104.68750000000001
2399,0.1,0.16,0.6559733291906573,0.3364067092535783,264,2.6400000000000006,11.021809260266664,201.08769448410456,8456.657416970254,317,3.170000000000001,11.91838629661625,241.45757254341345,10046.319540205282,123.82812500000003
2400,0.1,0.16,0.3420064318238505,0.2600982716820714,144,1.4400000000000004,12.42028508887335,73.96382015797018,7853.249312292517,189,1.8900000000000003,12.902741648276741,97.07751395733585,9436.143586923248,73.82812500000001
2401,0.1,0.16,1.4281456763014664,0.1219190499183118,120,1.2000000000000002,15.518721552145507,549.0883387090473,6586.985221711636,166,1.6600000000000004,15.848164978792884,759.5722018808489,8402.140353158733,64.84375000000001
2402,0.1,0.16,0.8565971849319943,0.5698007683734129,141,1.4100000000000004,5.818702413976086,82.80046192463847,2424.9328985022694,185,1.8500000000000003,7.518510001874241,108.63890394367458,4079.632924352042,72.26562500000001
2403,0.1,0.16,0.8544980181041268,0.2204223213350079,514,5.140000000000001,37.967965782087454,778.3566526219166,87641.83696072901,572,5.7200000000000015,37.40249095582154,866.1867807387869,88870.03164601079,223.43750000000006
2404,0.1,0.16,0.4592478888461627,0.3029302645988289,253,2.5300000000000007,34.92690089363652,149.82526696360384,25260.420796806604,295,2.9500000000000006,35.973105099829645,174.6974456690242,26563.089313236094,115.23437500000001
2405,0.1,0.16,0.525479288983393,0.3095011472882592,86,0.8600000000000002,10.539867427786845,57.03636325407416,2986.5096646831016,137,1.3700000000000003,11.243524431351034,90.86025309079255,4641.97024841422,53.51562500000001
2406,0.1,0.16,0.5871926484371676,0.1624315991164312,234,2.3400000000000003,5.184111603079995,330.43495424025787,3919.4519563177487,263,2.6300000000000003,6.724003059200053,371.3862947230249,5591.231777980593,102.73437500000001
2407,0.1,0.16,0.6874546355451775,0.938662355573223,203,2.0300000000000002,3.9252941951580342,58.075200288293715,2260.7418532640604,268,2.6800000000000006,5.698489555421088,76.67070776976708,3909.698624589946,104.68750000000001
2408,0.1,0.16,0.4211218884189655,0.2827920138223609,118,1.1800000000000002,11.427402825100687,68.64086005096661,3316.863308556035,159,1.5900000000000003,12.398951198798184,92.4906504076584,5016.393629963946,62.10937500000001
2409,0.1,0.16,0.9525138891768647,0.2606412037602035,103,1.0300000000000002,60.313360420299986,147.03661760674376,25767.80336962278,160,1.6000000000000003,61.130755325603495,228.40639628232037,27550.57976265412,62.50000000000001
2410,0.1,0.16,0.7885027371354119,0.3615784000437,313,3.130000000000001,13.362029020886146,266.6275971087328,13243.781819566415,353,3.5300000000000007,14.36019658859498,300.7014114357274,15074.4925681288,137.89062500000003
2411,0.1,0.16,2.034212800891252,0.1387015794060727,100,1.0000000000000002,28.76657855821415,572.8949726100634,4902.56054738649,167,1.6700000000000004,27.811669511786683,956.7346042588059,6512.35063133729,65.23437500000001
2412,0.1,0.16,1.0280199799255028,0.3377040226010484,359,3.5900000000000007,27.815285159245974,426.8937582146464,21980.00064369467,409,4.090000000000001,26.57538202323511,486.3497133977448,23734.072949932764,159.76562500000003
2413,0.1,0.16,0.4025369093708563,0.2703257700534848,220,2.2000000000000006,29.656651837343823,127.96787980004137,11527.302144326499,291,2.9100000000000006,29.93755139871624,169.26660464460016,13003.285467450054,113.67187500000001
2414,0.1,0.16,0.7255060006576192,0.3246785979133024,337,3.3700000000000006,10.656500615660162,294.1557096206323,10632.244464187526,374,3.7400000000000007,11.844710305445838,326.451737086399,12368.488230450488,146.09375000000003
2415,0.1,0.16,0.8196600195125863,0.3509549731742799,155,1.5500000000000003,4.95300723364841,141.40803389978333,2210.100923326516,187,1.8700000000000003,7.234235900796195,170.60195057586765,3942.731441189825,73.04687500000001
2416,0.1,0.16,1.3477276212213498,0.1158097019468147,106,1.0600000000000003,45.8073834804124,481.86245088364467,14369.653094174497,148,1.4800000000000002,46.6228167410186,672.7890823658435,16301.625582386603,57.81250000000001
2417,0.1,0.16,0.9909806563218408,0.1468458236488199,109,1.0900000000000003,12.640385076470874,287.33604544559665,3724.3964047081927,159,1.5900000000000003,12.549063071783461,419.1415708793566,5372.467719001952,62.10937500000001
2418,0.1,0.16,0.5182641983044436,0.3020217548868759,94,0.9400000000000002,6.337258257469793,63.0087509378889,1633.5975694581896,147,1.4700000000000002,7.483319757505477,98.53496157308157,3228.0727028243978,57.42187500000001
2419,0.1,0.16,0.408170393900054,0.3913959353813651,193,1.9300000000000004,24.90289515529954,78.62171862525267,10675.843030739372,254,2.5400000000000005,25.884354339215715,103.47107010784548,12241.448193336833,99.21875000000001
2420,0.1,0.16,1.0400570965387808,0.4277815552219474,413,4.130000000000001,30.22740346805919,392.23397836891354,20300.15693465899,477,4.770000000000001,30.12860756117719,453.0159992299559,21943.30899077404,186.32812500000006
2421,0.1,0.16,0.9000998845212883,0.4033865415866056,233,2.3300000000000005,27.958871466022625,203.08846504871383,30923.859489881666,265,2.6500000000000004,30.12159687202807,230.9804430811552,32350.7929347908,103.51562500000001
2422,0.1,0.16,0.8329548429529788,0.3426199506568539,149,1.4900000000000002,4.265373879175101,141.49956752606803,1753.630939150782,203,2.0300000000000002,5.840349264798121,192.78128998517994,3398.0097016853924,79.296875
2423,0.1,0.16,0.6220301338624381,0.0857512329002521,146,1.4600000000000002,44.738664092432195,413.69849589343784,16721.332603257295,201,2.0100000000000002,44.461738727913946,569.543819688911,18069.33094535233,78.515625
2424,0.1,0.16,0.6640939743951932,0.4535785953402475,125,1.2500000000000002,27.398879781566144,71.49028619657616,7106.49637979029,226,2.2600000000000002,27.668418158433493,129.25443744340967,8701.241171163183,88.28125
2425,0.1,0.16,0.6197402117150806,0.1708133844744888,257,2.5700000000000003,14.669074464981515,364.23438001137043,9147.138314422858,297,2.9700000000000006,15.272207212168308,420.92455588862657,10682.413914515597,116.01562500000001
2426,0.1,0.16,0.6000435929434187,0.5421729097188263,55,0.5500000000000002,6.3274015327954904,23.777583379865654,876.1445298742435,102,1.0200000000000002,7.83705008677502,44.096609177205394,2499.6188832461476,39.84375000000001
2427,0.1,0.16,1.1177718934729075,0.3436351579353215,270,2.7000000000000006,13.39795374122421,343.0673540450416,10726.052476341738,325,3.2500000000000004,14.35493840166915,412.9514446838464,12449.287146928156,126.95312500000001
2428,0.1,0.16,0.4395066543114649,0.2947257496813231,256,2.5600000000000005,9.421330922032512,149.12394142238625,12554.577028231868,288,2.880000000000001,10.956305389021333,167.76443410018456,14000.303459757033,112.50000000000003
2429,0.1,0.16,0.4529668788391622,0.3390868497858439,74,0.7400000000000001,9.658819873784902,38.61421889322457,1742.4286156981116,126,1.2600000000000002,10.937821608994811,65.74853487224723,3271.104438737343,49.21875000000001
2430,0.1,0.16,0.5180298139541195,0.3531519945219681,127,1.2700000000000002,24.383265518505564,72.7707494231114,9403.564840491359,191,1.9100000000000004,22.68241392583784,109.44262314814392,11222.19755348275,74.60937500000001
2431,0.1,0.16,1.4517644822415998,0.3074582589951558,344,3.440000000000001,16.313876963807502,634.4954041526939,17996.146184318917,419,4.19,17.27039830945842,772.8301579650544,19673.254766383907,163.671875
2432,0.1,0.16,0.490537495018835,0.2800334578962467,54,0.5400000000000001,6.192889021707042,36.95013932723444,700.819686388339,96,0.9600000000000002,5.738687067429807,65.6891365817501,2305.1195551946757,37.50000000000001
2433,0.1,0.16,0.4671073106264749,0.1890961555770518,129,1.2900000000000003,23.598070312664476,124.47545140570644,8285.870434164226,190,1.9000000000000004,25.075252489062347,183.33593617894746,9576.783713995848,74.21875000000001
2434,0.1,0.16,2.880862982564124,0.3455338715827818,97,0.9700000000000002,6.670820868321632,315.9102708186082,1763.5539206502174,136,1.3600000000000003,7.584833231666709,442.9257405291825,3376.1874740569356,53.12500000000001
2435,0.1,0.16,0.5980304137018524,0.3638967033925633,82,0.8200000000000002,13.318650076883129,52.64038258742559,2202.3056846540208,140,1.4000000000000004,12.267089858375453,89.87382392975101,3847.6356721944203,54.687500000000014
2436,0.1,0.16,1.3344751344424008,0.3502281398684164,0,0.0,1.0633654362075844,0.0,352.55153204880287,90,0.9000000000000001,3.9159834236569275,133.95594501020696,2042.7925244837036,35.15625
2437,0.1,0.16,1.134952955653722,0.3830133172458361,32,0.32000000000000006,12.046245876278757,37.040257627819486,1271.0565146629083,72,0.7200000000000002,13.752331757828,83.34057966259385,3070.719653072314,28.125000000000007
2438,0.1,0.16,0.8489360524395516,0.3172110257910355,63,0.6300000000000001,13.920029090062007,65.86084330898123,2213.374877950581,108,1.0800000000000003,14.759727475782944,112.9043028153964,3795.4118713537455,42.18750000000001
2439,0.1,0.16,0.4779513342523528,0.6838512384663479,114,1.1400000000000001,11.460708595356516,31.123392276304923,3063.0798638895303,160,1.6000000000000003,11.564721997969563,43.68195407200692,4787.395150062684,62.50000000000001
2440,0.1,0.16,1.5248957062725217,0.3916815033781159,358,3.5800000000000005,12.716230436091772,544.440143547413,10353.715420933406,468,4.680000000000001,13.503905337580274,711.7262211737132,12082.637228962463,182.81250000000003
2441,0.1,0.16,0.7045101692974184,0.3892872361989588,178,1.7800000000000002,21.658999908601537,125.83374987389875,7167.0530759837075,271,2.7100000000000004,23.12396956504783,191.57834952711553,8981.746519191749,105.85937500000001
2442,0.1,0.16,0.9302183466628268,0.1575489482601162,59,0.5900000000000001,12.072591614910056,136.0759700080592,1188.8527106700094,108,1.0800000000000003,12.960884773630578,249.08821628593884,2942.9487425284105,42.18750000000001
2443,0.1,0.16,0.6183504886100591,0.0483507123199637,210,2.1000000000000005,131.03084239624403,1049.0861682269422,163233.5035660756,268,2.6800000000000006,131.65800587345834,1338.8337765943834,164419.11510384682,104.68750000000001
2444,0.1,0.16,0.7289756606888406,0.1657651357849784,155,1.5500000000000003,10.535114776649513,266.2634576128363,5050.332745135111,196,1.9600000000000004,11.224175349495978,336.6944367233285,6737.656286318468,76.56250000000001
2445,0.1,0.16,0.5206682831106297,0.173095297694387,264,2.6400000000000006,72.54822477160401,310.1985866224074,41091.045782520654,326,3.2600000000000007,73.50199937481653,383.0482546928213,42684.10046265192,127.34375000000001
2446,0.1,0.16,0.7614170124239745,0.2182846998205647,184,1.8400000000000003,11.149472314018146,250.713164106142,7174.892431198657,242,2.4200000000000004,12.768989197199573,329.7423136613389,8707.253587336503,94.53125000000001
2447,0.1,0.16,0.909418222312794,0.2686566754086446,240,2.4000000000000004,108.36660407188884,317.3491156031819,658977.014444383,269,2.6900000000000004,107.78859952724683,355.69546707189966,657961.3116291391,105.07812500000001
2448,0.1,0.16,1.1644037217853205,0.2821085840041631,101,1.0100000000000002,18.76220326778443,162.84284913990263,5808.825833835857,149,1.4900000000000002,18.773925088599167,240.23351011728207,7487.101736439997,58.20312500000001
2449,0.1,0.16,0.5324053174827428,0.378491701750167,83,0.8300000000000002,47.65937389048492,45.60622748911612,9307.831016626422,163,1.6300000000000003,48.038840843009275,89.56403711717984,10974.40461904507,63.67187500000001
2450,0.1,0.16,0.6118469030265421,0.3822726937002439,287,2.8700000000000006,7.145865419421974,179.43676078464165,5432.415753076393,338,3.380000000000001,8.653448317914728,211.32273569759192,7114.647662302509,132.03125000000003
2451,0.1,0.16,0.601563044277891,0.591317247724086,292,2.9200000000000004,46.09336937991053,116.03886915533317,94294.7688661585,316,3.1600000000000006,47.320609736033724,125.5763104557715,95361.73506050577,123.43750000000001
2452,0.1,0.16,1.2508937800267792,0.3407466204712383,185,1.8500000000000003,12.918930927573534,265.2898529037001,4009.8721905139782,280,2.8000000000000007,13.802845666117898,401.5197773677623,5734.753389364648,109.37500000000003
2453,0.1,0.16,0.5664883019573465,0.1762229921862038,32,0.32000000000000006,18.764675962600375,40.182632734919586,2484.5438265957678,69,0.6900000000000002,18.401798025733484,86.64380183467036,4153.230343038064,26.953125000000004
2454,0.1,0.16,0.6178813041246376,0.1263366593190732,150,1.5000000000000002,80.20222918926183,286.567516180058,57260.44222227617,204,2.0400000000000005,80.67688095273492,389.7318220048789,59573.24737489306,79.68750000000001
2455,0.1,0.16,0.8375417024913047,0.1436366131968825,124,1.2400000000000002,18.87056916339257,282.4379196327575,4769.331474711537,171,1.7100000000000004,18.376562469150155,389.49100207420594,6407.520473601724,66.79687500000001
2456,0.1,0.16,0.5727212347971828,0.3358748284420038,139,1.3900000000000003,7.367714328927988,92.58500686066706,3771.30646445154,184,1.8400000000000003,9.24497982483062,122.55857023282546,5378.509652650673,71.87500000000001
2457,0.1,0.16,0.8565779017815717,0.3578324569612389,175,1.7500000000000004,10.466296267961141,163.63839798619063,3227.3024846123362,252,2.5200000000000005,10.273151793064939,235.6392931001145,4834.9799039105255,98.43750000000001
2458,0.1,0.16,0.3900791130555297,0.5324055749843323,121,1.2100000000000002,8.194422878366094,34.630240448849264,2944.400774041564,168,1.6800000000000004,8.932882202138176,48.08165616038576,4505.091785792672,65.62500000000001
2459,0.1,0.16,1.9237834031443128,0.3787026130614089,25,0.25000000000000006,20.3418423436957,49.608707857753195,1495.388855844992,67,0.6700000000000002,20.801956870363654,132.95133705877856,3085.2080843672315,26.171875000000004
2460,0.1,0.16,0.8568644771172466,0.2267636465280934,204,2.0400000000000005,8.14739888136812,301.11258601506626,4303.958071052091,250,2.5000000000000004,9.44879181675425,369.0105220772871,6029.592993336848,97.65625000000001
2461,0.1,0.16,0.7866675062978683,0.0938915911033194,66,0.6600000000000001,18.341660025170352,216.0073272634625,3053.455464673549,107,1.0700000000000003,18.891307220774745,350.19369723015893,4577.8095496778205,41.79687500000001
2462,0.1,0.16,0.5689482900312082,0.2848036229214573,120,1.2000000000000002,11.358588687449336,93.64154437939769,4676.586141262922,155,1.5500000000000003,12.867232923945979,120.95366149005535,6438.198584884075,60.54687500000001
