target_index,pixel_scale,FWHM,R_E,r_s_eff,N_pix_expected,A_expected,max_snr_expected,IC_joint_expected,N_pix,A,max_snr,IC_joint
0,0.1,0.4,0.5358756661874744,0.3407660347800776,0,0.0,0.8929621614135758,0.0,60,0.6000000000000001,3.299860979219952,5.897106938782602
1,0.1,0.4,0.8982205517962478,0.5583827977080916,0,0.0,0.5457705906062099,0.0,62,0.6200000000000001,3.4266065777041037,6.233366522924355
2,0.1,0.4,0.4780108147573395,0.2149634364435388,99,0.9900000000000002,3.826191330963588,13.759046492950397,151,1.5100000000000002,5.335358262492677,20.986020408439494
3,0.1,0.4,0.6261723860069851,0.2550942879428104,2,0.020000000000000004,2.030603674448028,0.30683379421032286,81,0.8100000000000002,3.892047351789202,12.426768665518075
4,0.1,0.4,1.492396410009919,0.1639090601940684,0,0.0,0.8604382903628873,0.0,51,0.5100000000000001,3.192200175762653,29.022273395224833
5,0.1,0.4,0.5585131030396717,0.1892800612512909,0,0.0,0.7477307827410542,0.0,43,0.4300000000000001,3.154871281550761,7.930069097063337
6,0.1,0.4,0.4772935494714498,0.4764395320958737,17,0.17000000000000004,2.2696343559779657,1.0644045301668354,102,1.0200000000000002,3.6556839350731076,6.386427181001014
7,0.1,0.4,0.9977843153115644,0.2503120749164372,0,0.0,1.0018386714749261,0.0,54,0.5400000000000001,3.368314264125791,13.453294513661497
8,0.1,0.4,2.1646400375600416,0.1513431448533612,0,0.0,0.23656221206535472,0.0,39,0.39000000000000007,3.169034924071222,34.86322486997943
9,0.1,0.4,0.5618436079509534,0.1863477399259994,52,0.5200000000000001,8.321758543252093,9.798840203619957,109,1.0900000000000003,9.376605553752645,20.539876580664913
10,0.1,0.4,0.5829337601182326,0.2417145857036557,109,1.0900000000000003,2.738735715998059,16.429443962782752,185,1.8500000000000003,4.530171554599339,27.884836083622098
11,0.1,0.4,0.5557277491619231,0.3193105043226941,217,2.1700000000000004,3.838446789252334,23.604164272628054,237,2.3700000000000006,5.626804195061874,25.77966328393018
12,0.1,0.4,0.339090495063948,0.5550073001359881,0,0.0,1.0427037956608405,0.0,51,0.5100000000000001,3.154924475766617,1.9474535789916707
13,0.1,0.4,0.3278888140743821,0.243029908654151,25,0.25000000000000006,3.493338557977848,2.1080791036312285,80,0.8000000000000002,4.928863218602176,6.745853131619931
14,0.1,0.4,0.3170823169224878,0.3861967637293787,10,0.10000000000000002,2.169852438208952,0.5131489092835172,81,0.8100000000000002,3.9515823664217082,4.156506165196489
15,0.1,0.4,1.0060326128998287,0.7645326784558656,1,0.010000000000000002,2.003908499583024,0.08224244702428245,54,0.5400000000000001,3.156361943650291,4.441092139311253
16,0.1,0.4,1.353648440847991,0.3597522786115553,0,0.0,1.6688115168988136,0.0,44,0.44000000000000006,3.155253342631402,10.347490297209216
17,0.1,0.4,1.8117186930731124,0.4065350717956764,58,0.5800000000000001,2.6431394294225807,16.154769214329516,166,1.6600000000000004,5.178854011694826,46.236063613425856
18,0.1,0.4,0.4184166653677132,0.2273479363044812,61,0.6100000000000001,2.9354775924615564,7.016617624265472,106,1.0600000000000003,4.533889203979846,12.19281095364164
19,0.1,0.4,1.4783560542137122,0.0922169061394906,4,0.04000000000000001,2.081540139341808,4.007822741248491,77,0.7700000000000001,4.236224530098742,77.15058776903345
20,0.1,0.4,0.6794785554586836,0.3286648160039709,0,0.0,1.844111314247603,0.0,100,1.0000000000000002,3.8761283111765055,12.921191331795805
21,0.1,0.4,1.5917667756492744,0.1486773305686607,0,0.0,0.8801773626051282,0.0,54,0.5400000000000001,3.202426254781686,36.13336913750519
22,0.1,0.4,1.0888140695379818,0.3912913782440966,24,0.24000000000000005,3.4176331963339095,4.173925609186645,91,0.9100000000000001,4.946907335370993,15.82613460149936
23,0.1,0.4,0.2976184990158525,0.488816470198372,0,0.0,1.8564583134587407,0.0,66,0.6600000000000001,3.4361351695760174,2.511528115945387
24,0.1,0.4,4.611676005463605,0.5295255471750713,0,0.0,0.09559945460130165,0.0,37,0.37000000000000005,3.1559760536459933,20.13972851645758
25,0.1,0.4,1.1058040902240818,0.4387560850701321,0,0.0,1.2363688964008033,0.0,40,0.4000000000000001,3.154871281550761,6.300790620643625
26,0.1,0.4,1.02908522609203,0.2428782648629165,0,0.0,0.9757076606483676,0.0,52,0.5200000000000001,3.4195554850449383,13.77038405098451
27,0.1,0.4,0.6993176945352396,0.3679833812957825,0,0.0,0.8194704343940631,0.0,55,0.5500000000000002,3.154873247427521,6.5326443995921775
28,0.1,0.4,0.5259388220954783,0.1102812685953609,88,0.8800000000000001,22.921441159199457,26.22987165788564,136,1.3600000000000003,24.34665226618158,40.537074380368715
29,0.1,0.4,0.6886034217150797,0.634350204939184,7,0.07,2.164370616786313,0.4749174740618708,98,0.9800000000000002,4.345257249989068,6.648844636866191
30,0.1,0.4,1.0948798275937752,0.3603607538982513,0,0.0,0.4782875967993305,0.0,54,0.5400000000000001,3.15487177453686,10.254222687003107
31,0.1,0.4,0.4939713025350964,0.3831213943423109,39,0.39000000000000007,2.945067559466492,3.1427507513545425,107,1.0700000000000003,4.106800710879983,8.622418728075285
32,0.1,0.4,0.6954305804179655,0.3585235577512696,0,0.0,1.357406006814956,0.0,54,0.5400000000000001,3.1548713167403113,6.546510426349585
33,0.1,0.4,1.1953835182536203,0.2432612050761911,3,0.030000000000000006,2.0618158054325613,0.9213734249254968,140,1.4000000000000004,4.667540819575177,42.99742649652318
34,0.1,0.4,0.7568313885040647,0.2277369751330643,0,0.0,0.9764920789962352,0.0,69,0.6900000000000002,3.208999208847403,14.331600571302728
35,0.1,0.4,0.5305365484954312,0.2951561768901945,75,0.7500000000000001,5.2756079962761016,8.425675170597968,115,1.1500000000000001,6.312423475734761,12.919368594916882
36,0.1,0.4,0.7884105251383368,0.230658,62,0.6200000000000001,4.248723960956408,13.245110878057794,121,1.2100000000000002,5.612023182528818,25.84932929427408
37,0.1,0.4,1.4405632427643802,0.3424130492729907,0,0.0,1.388450057126372,0.0,52,0.5200000000000001,3.1558295232662754,13.673049403124878
38,0.1,0.4,1.2731955186723634,0.4561250805949896,216,2.1600000000000006,9.317983235462028,37.68295196496528,300,3.0000000000000004,9.941484183488202,52.33743328467399
39,0.1,0.4,0.6497293723634407,0.2983537945111139,16,0.16000000000000003,2.8150276363705897,2.1777144595331697,85,0.8500000000000002,4.128275090193449,11.569108066269964
40,0.1,0.4,0.9597882272105732,0.3324343559033428,0,0.0,0.951125182271292,0.0,66,0.6600000000000001,3.6708010344901303,11.909498422584077
41,0.1,0.4,0.8397626458397912,0.1817633327676968,41,0.4100000000000001,3.7396372063489034,11.838976251138051,102,1.0200000000000002,4.532885556785928,29.453062868684906
42,0.1,0.4,1.099933939818442,0.3797560782300384,0,0.0,0.5990415774890113,0.0,67,0.6700000000000002,3.1970638905401585,12.128768009342155
43,0.1,0.4,0.5676835717695656,0.6287284461186003,0,0.0,1.3855217871250942,0.0,50,0.5000000000000001,3.1731202759793877,2.821585650739352
44,0.1,0.4,0.3610402922480091,0.5056124941971982,2,0.020000000000000004,2.012856659167856,0.08925815134900442,68,0.6800000000000002,3.6023083131784475,3.0347771458661503
45,0.1,0.4,0.6589289301459854,0.673994623746989,34,0.3400000000000001,2.671417667276356,2.0775002162121834,117,1.1700000000000002,4.766741501006021,7.149044861671337
46,0.1,0.4,1.0810150179742375,0.2238294721041865,37,0.37000000000000005,5.754851100488874,11.168534713345586,93,0.9300000000000002,7.2628795686485255,28.072262928138905
47,0.1,0.4,1.0629923101043908,0.1509011778191716,16,0.16000000000000003,2.6515518352167367,7.044294322064201,67,0.6700000000000002,4.043762791667223,29.49798247364384
48,0.1,0.4,1.1229750416862871,0.183681445330952,6,0.06000000000000001,2.4381569517908006,2.2926411531311914,67,0.6700000000000002,4.708216471575151,25.601159543298305
49,0.1,0.4,1.047094628992532,0.1810014430284259,10,0.10000000000000002,2.637619076745558,3.6156294235596502,52,0.5200000000000001,3.408919776739741,18.801273002510182
50,0.1,0.4,0.5911824421786775,0.338965684657611,0,0.0,1.0987504368160426,0.0,74,0.7400000000000001,3.419374082351203,8.06635868712851
51,0.1,0.4,0.842504834106618,0.6047723717603202,0,0.0,1.2647776455352362,0.0,46,0.4600000000000001,3.5273944376422084,4.005145590573505
52,0.1,0.4,0.4364160334677294,0.0934853180472605,238,2.3800000000000003,40.85752491073836,69.44072752205508,287,2.8700000000000006,42.09456941549091,83.73734789424289
53,0.1,0.4,0.6528717170701793,0.144770983506683,61,0.6100000000000001,9.882975753475035,17.193178916375576,110,1.1000000000000003,10.650851888082302,31.00409312789039
54,0.1,0.4,0.4440809804154264,0.0863373990283903,145,1.4500000000000002,13.96082465605894,46.61344828897882,183,1.8300000000000003,14.278334892657272,58.82938646126293
55,0.1,0.4,0.4637127502415048,0.6765751206194764,0,0.0,1.0632314167252783,0.0,43,0.4300000000000001,3.15700704235788,1.8419654792109263
56,0.1,0.4,0.3794909532726581,0.3477112230322782,16,0.16000000000000003,3.0689870540743867,1.091396906787302,66,0.6600000000000001,3.610562144476699,4.502012240497621
57,0.1,0.4,0.5553417815050143,0.4235226332645467,360,3.6000000000000005,24.533642522135665,29.503004331902847,409,4.090000000000001,24.687761951284156,33.51869103263407
58,0.1,0.4,0.4362995708838486,0.8910620206728699,1,0.010000000000000002,2.0140612743784354,0.030602497410504644,63,0.6300000000000001,3.734482848066603,1.9279573368617926
59,0.1,0.4,1.1243098028593224,0.2188327591853011,9,0.09000000000000002,2.1913763225078235,2.8899889873108564,108,1.0800000000000003,4.058646185932475,34.679867847730286
60,0.1,0.4,1.4017173533453249,0.5203061240239101,54,0.5400000000000001,5.626514210825273,9.092332088951299,120,1.2000000000000002,6.18203791183401,20.20518241989177
61,0.1,0.4,0.8741170091890503,0.4905887927990946,0,0.0,1.8374189798532434,0.0,78,0.7800000000000001,4.092056727784896,8.68613486966
62,0.1,0.4,0.9795433126301912,0.4751725440605854,67,0.6700000000000002,7.729644803462147,8.632311931549507,127,1.2700000000000002,9.398433768429998,16.362740526966977
63,0.1,0.4,1.2170301524245617,0.4574463734224382,1,0.010000000000000002,2.045293511013758,0.1662804406065143,82,0.8200000000000002,3.6687150127413766,13.634996129734173
64,0.1,0.4,0.641809684893677,0.286815932143362,0,0.0,1.0233275239556185,0.0,59,0.5900000000000001,3.154878126882836,8.251540266119095
65,0.1,0.4,1.184654838725748,0.2137015715484558,0,0.0,1.1009204326445539,0.0,58,0.5800000000000001,3.414424508429712,20.09519049983733
66,0.1,0.4,0.3372544503446484,0.1178074564729573,107,1.0700000000000003,95.08786490023274,19.14470615191969,149,1.4900000000000002,95.19031244457985,26.659450622766663
67,0.1,0.4,0.5757210006751813,0.1769716348215876,20,0.20000000000000004,3.1348101489549247,4.066477950375984,80,0.8000000000000002,4.677672682264618,16.265911801503936
68,0.1,0.4,1.3040569567973057,0.4208571589889763,0,0.0,0.4168032518920671,0.0,38,0.38000000000000006,3.158847304946891,7.359112720890477
69,0.1,0.4,0.7752682603283847,0.4722853765995021,0,0.0,1.6635608785946967,0.0,56,0.56,3.6746428688714006,5.745337555624429
70,0.1,0.4,0.6098430590465838,0.3649605304591096,0,0.0,0.5439826267145917,0.0,46,0.4600000000000001,3.2402722569344977,4.804077834261503
71,0.1,0.4,0.8198006449042174,0.1512800421592955,12,0.12000000000000002,2.218732877787292,4.0643198858361975,107,1.0700000000000003,4.289204360882276,36.2401856487061
72,0.1,0.4,0.3849149160829023,0.2173318021401238,77,0.7700000000000001,16.54249984064561,8.523386892336346,129,1.2900000000000003,16.394954853682908,14.279440378069982
73,0.1,0.4,1.1560140676410042,0.2826978909781762,63,0.6300000000000001,3.620969548177769,16.10130650634336,120,1.2000000000000002,5.360905529036848,30.669155250177827
74,0.1,0.4,0.4373142518964944,0.5367660964522173,0,0.0,0.7366676244494205,0.0,57,0.5700000000000001,3.165390346297823,2.90244118001955
75,0.1,0.4,1.205899056989725,0.2087414241127232,14,0.14,2.4602518048283497,5.054874370772749,86,0.8600000000000002,5.429031660297219,31.05137113474689
76,0.1,0.4,0.3593726318553603,0.7730192917247819,0,0.0,1.7971293590539785,0.0,90,0.9000000000000001,3.6539666377763367,2.6150331250802807
77,0.1,0.4,0.7054608296409609,0.2498147730425511,8,0.08000000000000002,2.3102903048252164,1.4119677972783446,60,0.6000000000000001,3.7280954718848713,10.589758479587585
78,0.1,0.4,0.8456854811914739,0.2002255747098924,0,0.0,0.27858143453734685,0.0,44,0.44000000000000006,3.155176969981736,11.61507503048087
79,0.1,0.4,0.4808007324862847,0.9752488956056048,0,0.0,1.6146628709188244,0.0,71,0.7100000000000002,3.4772993915738177,2.187701272999654
80,0.1,0.4,0.6389036110600651,0.4417475287325798,0,0.0,0.6805783404135155,0.0,124,1.2400000000000002,3.6575629696428384,11.20889798732296
81,0.1,0.4,0.7871855254530887,0.154491653215145,118,1.1800000000000002,8.091033008921944,37.57803822664648,177,1.7700000000000002,9.502057963556803,56.36705733996972
82,0.1,0.4,1.5958303153544346,0.2740024889512745,0,0.0,1.303348504769577,0.0,96,0.9600000000000002,3.5753733635230813,34.94487195636137
83,0.1,0.4,0.5820701469149989,0.2929165024163819,0,0.0,1.614831460616264,0.0,72,0.7200000000000002,3.6908143996620644,8.942192193030245
84,0.1,0.4,1.1757120705709496,1.0590127413678387,0,0.0,0.6175160299663599,0.0,111,1.1100000000000003,3.4538321560576026,7.701987115897102
85,0.1,0.4,0.6004434085625744,0.135022185551733,102,1.0200000000000002,16.102507409304792,28.349613168717383,160,1.6000000000000003,15.825284580407532,44.469981441125306
86,0.1,0.4,0.4867430569426348,0.5399630739152765,175,1.7500000000000004,8.782031613597526,9.85947455019007,251,2.5100000000000007,10.575248096921362,14.141303497701188
87,0.1,0.4,0.8904671367288722,0.5630187569425642,0,0.0,0.46797239564129245,0.0,39,0.39000000000000007,3.166698493489083,3.8551355865361496
88,0.1,0.4,0.4804459375107066,0.5161225114815227,8,0.08000000000000002,2.312822062776814,0.46543788230781974,70,0.7000000000000002,4.391691360153916,4.072581470193422
89,0.1,0.4,0.4504843069958649,0.3068201143696858,48,0.4800000000000001,3.654355639270614,4.404707702309363,106,1.0600000000000003,5.578433589845249,9.727062842599842
90,0.1,0.4,0.7349911036096731,0.1106326592735007,0,0.0,1.3274272443159065,0.0,60,0.6000000000000001,3.349442436142288,24.91322776326373
91,0.1,0.4,0.7443529133836975,0.1847445144862198,30,0.30000000000000004,3.9185376401655816,7.554550220209845,89,0.8900000000000001,5.357836166038325,22.411832319955874
92,0.1,0.4,0.9879990938946897,0.240730160948261,0,0.0,1.833316228599786,0.0,49,0.4900000000000001,3.9062402448366575,12.569040842799904
93,0.1,0.4,0.9120970178477436,0.5738030896263212,0,0.0,0.9098513934203467,0.0,46,0.4600000000000001,3.158204058907001,4.5699979204015335
94,0.1,0.4,0.6317477227099709,0.6054240952255023,35,0.3500000000000001,3.1630178404046188,2.2826117333723346,90,0.9000000000000001,5.010405315893571,5.869573028671718
95,0.1,0.4,0.5670183557973763,0.2411565806466248,5,0.05000000000000001,2.1356215642249703,0.7347642586056051,84,0.8400000000000002,3.9379626496173956,12.344039544574166
96,0.1,0.4,0.406317001754352,0.4260276850522628,31,0.31000000000000005,3.183444037147724,1.847859231970999,88,0.8800000000000001,5.169167876534708,5.245535884304771
97,0.1,0.4,0.8958969435358858,0.3405518755236538,22,0.22000000000000003,4.995785788382964,3.6172412660117077,69,0.6900000000000002,6.049417300868013,11.344983970673082
98,0.1,0.4,0.7135482154066378,0.4402965685397705,302,3.0200000000000005,8.458464754283028,30.588979174803065,343,3.4300000000000006,10.006880654454628,34.741787605819376
99,0.1,0.4,1.326094101456049,0.2857664010912347,0,0.0,1.2330933806166366,0.0,40,0.4000000000000001,3.154871285383124,11.601207283223228
100,0.1,0.4,0.791440883933582,0.3908824294550621,0,0.0,1.7895040657958086,0.0,61,0.6100000000000001,3.3930030672925913,7.719375808739631
101,0.1,0.4,0.6882548756301002,0.4827214296180666,67,0.6700000000000002,2.7127045519842525,5.970456488706875,175,1.7500000000000004,3.8814334031497952,15.594475903338854
102,0.1,0.4,0.6826305870632211,0.3068957930823398,54,0.5400000000000001,4.922358704252574,7.5070375132846605,101,1.0100000000000002,7.331630268618634,14.040940534106493
103,0.1,0.4,0.7210862713619748,0.2874574288577528,6,0.06000000000000001,2.1416074218779495,0.940686601265576,65,0.6500000000000001,3.7896165795321672,10.190771513710407
104,0.1,0.4,0.4836258012221989,0.4191804605209833,0,0.0,1.270816525692664,0.0,52,0.5200000000000001,3.4631849237489627,3.7496591611608916
105,0.1,0.4,0.4980540214049109,0.495818897046706,77,0.7700000000000001,5.4547528931257885,4.834194485704218,129,1.2900000000000003,7.798879290741642,8.098845307218756
106,0.1,0.4,1.383500976083705,0.1662006925966071,25,0.25000000000000006,2.889070334103463,13.0066863221659,112,1.12,4.753509078402251,58.26995472330322
107,0.1,0.4,0.3540364767275135,0.2959415420364332,0,0.0,1.906082838290405,0.0,57,0.5700000000000001,3.4464809194448542,4.2618381308106255
108,0.1,0.4,0.3379333812030404,0.3910217191745398,0,0.0,1.670758620179493,0.0,65,0.6500000000000001,3.9555442798398732,3.510941448560694
109,0.1,0.4,1.3962825786602224,0.1846664614343692,27,0.2700000000000001,5.717364184228209,12.759365361676856,76,0.7600000000000001,6.934466324007217,35.915250647683
110,0.1,0.4,0.7375586897281367,0.1356508584025211,51,0.5100000000000001,9.965462318936106,17.331024301610626,102,1.0200000000000002,10.848824978261133,34.66204860322125
111,0.1,0.4,0.4102371891803201,0.4116254109096193,0,0.0,1.4072440208942802,0.0,54,0.5400000000000001,3.1745518478698873,3.363617689257738
112,0.1,0.4,1.164736178571959,0.5817879120734729,0,0.0,0.5962783510284007,0.0,43,0.4300000000000001,3.155787493745902,5.380360119130198
113,0.1,0.4,1.2276303269657003,0.483125399440903,0,0.0,0.5539856214762253,0.0,42,0.4200000000000001,3.1549819991673638,6.670172199628164
114,0.1,0.4,0.7823350432307653,0.4569880540826386,0,0.0,0.8239837265270195,0.0,66,0.6600000000000001,3.233521510587629,7.061742696546143
115,0.1,0.4,0.8210159054160121,0.4745783264552936,26,0.26000000000000006,3.2120856427206816,2.8112342513953803,92,0.9200000000000002,5.2474864895631805,9.94744427416827
116,0.1,0.4,0.5289089802363582,0.2582965462154709,0,0.0,1.029945595711045,0.0,52,0.5200000000000001,3.154871568005838,6.654963881453582
117,0.1,0.4,0.608715483021355,0.160821834089118,95,0.9500000000000002,24.61409565979146,22.473616228232366,143,1.4300000000000004,26.008644338183533,33.82870653302346
118,0.1,0.4,0.6840465607653272,0.1539818876164854,20,0.20000000000000004,3.0411170915390953,5.5529790821002765,85,0.8500000000000002,4.562996992686583,23.600161098926176
119,0.1,0.4,1.2803304254855246,0.2751726893202942,0,0.0,1.1267898352243748,0.0,69,0.6900000000000002,3.4867644261246813,20.065308710485883
120,0.1,0.4,0.8689720553289909,0.2473847930027524,0,0.0,0.5669169162070934,0.0,68,0.6800000000000002,3.4742836664200856,14.92869141357093
121,0.1,0.4,0.7402609006331967,0.4657151848177053,0,0.0,1.0273493912255482,0.0,42,0.4200000000000001,3.187966874920567,4.172474781819195
122,0.1,0.4,0.4555195413406266,0.1614396331759056,96,0.9600000000000002,65.86691092265492,16.929654721562322,138,1.3800000000000003,65.9007284698316,24.33637866224584
123,0.1,0.4,0.786778209698671,0.1623671982704016,13,0.13000000000000003,2.533786180336531,3.937108616702061,100,1.0000000000000002,4.64994983413697,30.28545089770816
124,0.1,0.4,0.5644980932593757,0.380885711180672,0,0.0,1.1837685126810054,0.0,39,0.39000000000000007,3.642872604509862,3.6125379921827627
125,0.1,0.4,0.5538050755187685,0.3784309294033698,20,0.20000000000000004,2.5272173582420163,1.8292805651215258,80,0.8000000000000002,3.7995169150160355,7.317122260486103
126,0.1,0.4,0.5047202645103156,0.5164418874849603,29,0.29000000000000004,3.116876786336354,1.771361892971138,97,0.9700000000000002,5.58991847419263,5.924900124765532
127,0.1,0.4,0.4009479527908017,0.3726868490185542,14,0.14,2.5717052983360076,0.9413518604582836,65,0.6500000000000001,4.530267212261361,4.370562209270602
128,0.1,0.4,0.5289514780097119,0.1582102224767149,37,0.37000000000000005,3.064167290481579,7.731487091976544,101,1.0100000000000002,4.633043640151219,21.104870169990026
129,0.1,0.4,0.3633824112538755,0.1748396704133532,41,0.4100000000000001,2.936287751287604,5.325836102508113,86,0.8600000000000002,4.664019660710546,11.171265971114579
130,0.1,0.4,0.8330412719819037,0.1225185724917097,283,2.8300000000000005,32.10721313117938,120.2627258751071,340,3.400000000000001,32.04014176103923,144.4852537015421
131,0.1,0.4,1.0917359793374526,0.0818828719446545,53,0.5300000000000001,7.218759587215218,44.16522461498001,101,1.0100000000000002,8.323511515579199,84.16391860590531
132,0.1,0.4,0.529679623923611,0.4261102036559819,8,0.08000000000000002,2.3733826740438926,0.6215289136225959,57,0.5700000000000001,4.434713816082616,4.428393509560995
133,0.1,0.4,0.3488335317713625,0.2640079954165706,97,0.9700000000000002,3.880817724164185,8.010375909362132,143,1.4300000000000004,5.665325160353045,11.809110876688504
134,0.1,0.4,0.4597029781999323,0.4067137618499158,0,0.0,1.5183470207569205,0.0,64,0.6400000000000001,3.6577367069804008,4.521145054044868
135,0.1,0.4,0.5574544099470541,0.4894198184796083,0,0.0,1.4496637681251006,0.0,44,0.44000000000000006,3.154925800953563,3.1322794244758834
136,0.1,0.4,0.9519379386665652,0.3160637800630756,0,0.0,0.6249725489683067,0.0,43,0.4300000000000001,3.1946817257064675,8.094357441576625
137,0.1,0.4,0.5879131092494352,0.829408879823969,0,0.0,0.1674459152653647,0.0,52,0.5200000000000001,3.34717104511659,2.303710089848795
138,0.1,0.4,0.939571701202328,0.6843231758093716,6,0.06000000000000001,2.430200169198933,0.5148727975406497,71,0.7100000000000002,3.7238204637278858,6.092661437564354
139,0.1,0.4,1.005303282755461,0.1492311397839378,0,0.0,0.9129054551989241,0.0,71,0.7100000000000002,3.7707620690350807,29.893448000773855
140,0.1,0.4,0.697852358368076,0.1731595090584254,54,0.5400000000000001,2.7509134414788408,13.601630787123428,123,1.2300000000000002,4.573054012481737,30.9814923484478
141,0.1,0.4,0.8862433257222103,0.4234201960626219,82,0.8200000000000002,4.731488097571605,10.72692584473365,179,1.7900000000000003,6.560246997121353,23.416094222040527
142,0.1,0.4,0.6387281423213398,0.1646529849533212,3,0.030000000000000006,2.0604240725585314,0.7273571549231457,79,0.7900000000000001,3.73145195935965,19.153738412976168
143,0.1,0.4,0.4815861718930465,0.1466961054596042,71,0.7100000000000002,12.43790544068558,14.567793951175284,113,1.1300000000000001,13.406078151115787,23.185362203983196
144,0.1,0.4,0.8569816049667841,0.2703556684123536,12,0.12000000000000002,2.719368997527645,2.3773727678783856,71,0.7100000000000002,4.275615229917792,14.066122209947114
145,0.1,0.4,1.0184580684095286,0.4831627528288789,0,0.0,1.3267591310850702,0.0,63,0.6300000000000001,3.3977889677135624,8.29985055943002
146,0.1,0.4,0.3397337941818414,0.2424306862361654,60,0.6000000000000001,8.301084319236065,5.255117443923036,103,1.0300000000000002,9.50795211105053,9.021284945401213
147,0.1,0.4,0.5250679846112994,0.5471724369768701,0,0.0,0.7467020565470034,0.0,52,0.5200000000000001,3.15620874947971,3.1187078051938837
148,0.1,0.4,1.239049922216181,0.3173805278353057,0,0.0,1.9093897285857098,0.0,64,0.6400000000000001,3.618202143495709,15.615953891905376
149,0.1,0.4,0.5712092993129648,0.2745896651821252,0,0.0,0.16530522903536957,0.0,52,0.5200000000000001,3.2136675600843425,6.760743240412323
150,0.1,0.4,0.9531887370100992,0.287351458301177,0,0.0,0.9953472799713919,0.0,71,0.7100000000000002,3.697850387734333,14.719866206661218
151,0.1,0.4,1.0415273437329573,0.3337682087138022,0,0.0,1.9804267031749043,0.0,65,0.6500000000000001,4.763493827951697,12.677075657446123
152,0.1,0.4,0.3888073130813518,0.2801614137457927,0,0.0,0.5582481378546005,0.0,52,0.5200000000000001,3.154871281550761,4.5103419154679
153,0.1,0.4,0.429448894365242,0.2741391632833327,33,0.33000000000000007,3.063829666816807,3.2309806961541976,94,0.9400000000000002,4.329124587343294,9.20339955874226
154,0.1,0.4,1.5922741128943998,0.6728139633580451,54,0.5400000000000001,2.9405692652140516,7.987237815631969,131,1.3100000000000003,5.904920308090227,19.376447293477554
155,0.1,0.4,0.6813817394289944,0.1991428629808688,0,0.0,0.5362338841054559,0.0,40,0.4000000000000001,3.154955172404106,8.553931198308288
156,0.1,0.4,0.6612838827367842,0.6147888712423352,28,0.28,2.4701542640582805,1.8823483132524252,80,0.8000000000000002,4.1507607235751856,5.378138037864073
157,0.1,0.4,0.93087483295597,0.1552411388974651,0,0.0,1.348033309008294,0.0,46,0.4600000000000001,3.7873587786664498,17.239406794844854
158,0.1,0.4,0.588847725996397,0.3155735746850294,39,0.39000000000000007,3.5569445590786395,4.548277952451474,123,1.2300000000000002,5.4070191524659075,14.34456892696234
159,0.1,0.4,0.7906394124904729,0.1871148459734092,11,0.11000000000000001,2.8541970943772252,2.904978454592779,83,0.8300000000000002,3.6866847137311507,21.919382884654603
160,0.1,0.4,0.8521885588908031,0.1983435711758019,0,0.0,0.673391165206068,0.0,46,0.4600000000000001,3.2115553589821415,12.352515850586675
161,0.1,0.4,0.709367168041367,0.3922444793753222,79,0.7900000000000001,3.0955167846366205,8.929380976329446,121,1.2100000000000002,4.625842137500637,13.676646811846366
162,0.1,0.4,0.501972300192469,0.3850217721212586,0,0.0,0.5466856039933965,0.0,38,0.38000000000000006,3.154875033862237,3.0964072665003677
163,0.1,0.4,0.6293716198521636,0.1155332481012008,0,0.0,1.127061354719029,0.0,43,0.4300000000000001,3.1548750785255413,14.640255131328813
164,0.1,0.4,1.8581324429358144,0.1593804661106921,0,0.0,0.6364318137994525,0.0,43,0.4300000000000001,3.199387710994621,31.33213914007367
165,0.1,0.4,0.6865777597573238,0.304970891932866,3,0.030000000000000006,2.106573999717487,0.4221167769114064,53,0.5300000000000001,3.759802846234312,7.457396392101513
166,0.1,0.4,0.8728526415367847,0.2083727628507483,9,0.09000000000000002,2.286459220860462,2.3562561831371243,107,1.0700000000000003,3.9495249384295943,28.013267955074706
167,0.1,0.4,0.7074776926250845,0.3327523523861976,0,0.0,0.7567115420648793,0.0,49,0.4900000000000001,3.3336658150925476,6.511300124933972
168,0.1,0.4,0.4702798605434442,0.1150928602035972,54,0.5400000000000001,10.106089576614464,13.790555960868517,106,1.0600000000000003,10.946773059289436,27.07035058985301
169,0.1,0.4,0.4736238488343952,0.358681400968202,85,0.8500000000000002,8.759799418721423,7.014934953808171,157,1.5700000000000003,9.925824851805904,12.95699750291627
170,0.1,0.4,1.510766238055029,0.3841041645368243,0,0.0,1.1526782840243517,0.0,61,0.6100000000000001,3.8202193611935167,14.995401805992664
171,0.1,0.4,1.6912319171512635,0.3505483299961022,16,0.16000000000000003,2.566136509900749,4.824532803137497,93,0.9300000000000002,4.2538475776295375,28.042596918236704
172,0.1,0.4,0.5466120355632572,0.4279568879738207,24,0.24000000000000005,2.993378655379994,1.915889372003851,75,0.7500000000000001,4.554987739205832,5.987154287512034
173,0.1,0.4,1.7273286031356982,0.4837886564178641,0,0.0,0.9448284456487944,0.0,64,0.6400000000000001,3.3791419967531326,14.281679243373974
174,0.1,0.4,0.5094455199377784,0.2775125844807633,0,0.0,1.1173529132292042,0.0,42,0.4200000000000001,3.2823643925130446,4.818860709826178
175,0.1,0.4,0.4087636537257632,0.5601345802960228,21,0.21000000000000005,2.9755321998937347,0.9578096307346899,86,0.8600000000000002,4.423845094788314,3.922458487770635
176,0.1,0.4,0.8261339998621564,0.2612552515568963,0,0.0,1.9450413133887576,0.0,54,0.5400000000000001,3.7241040745595884,10.672329964351215
177,0.1,0.4,0.4930238888528722,0.4446186156905656,0,0.0,1.3575857210986844,0.0,61,0.6100000000000001,3.347569039638375,4.227563826431705
178,0.1,0.4,0.6508937445857358,0.538197293542816,0,0.0,1.5629972189279377,0.0,69,0.6900000000000002,3.260017595398266,5.215520975678556
179,0.1,0.4,0.8142225349728381,0.4092890860923251,0,0.0,0.40532898546319746,0.0,45,0.45000000000000007,3.1551318694661443,5.595069493483982
180,0.1,0.4,1.0300373736233663,0.1353667566500919,0,0.0,1.3869925187970416,0.0,44,0.44000000000000006,3.4233318630299707,20.925394443675874
181,0.1,0.4,0.5985131400563877,0.2459961484257803,33,0.33000000000000007,4.028446681162108,5.018100320943608,94,0.9400000000000002,5.7340667084599,14.293982732384825
182,0.1,0.4,0.8946050921852925,0.1207979599744565,0,0.0,1.2491084190573285,0.0,62,0.6200000000000001,4.057056449963806,28.697460892146207
183,0.1,0.4,0.4049056066192569,0.4995136790966057,15,0.15000000000000002,2.6885537875411476,0.7599371590625431,84,0.8400000000000002,3.8091856065897973,4.255648090750241
184,0.1,0.4,0.6790091586460644,0.4025980957317498,0,0.0,1.166836800147589,0.0,56,0.56,3.52758445477752,5.902988813053659
185,0.1,0.4,1.3494356712459827,0.7643681062652191,0,0.0,0.7497771909592519,0.0,51,0.5100000000000001,3.1604965511472387,5.627296804825217
186,0.1,0.4,0.4974211426216393,0.321005855887613,29,0.29000000000000004,3.6657619548552915,2.808596181240291,88,0.8800000000000001,6.573250187577422,8.522636687901574
187,0.1,0.4,0.6653113447895156,0.7386349204354012,78,0.7800000000000001,3.944546110814937,4.391063455187055,133,1.3300000000000003,5.393940649794717,7.487326147947158
188,0.1,0.4,0.3728341303928584,0.1873374412595482,120,1.2000000000000002,8.721351550131612,14.926306023750703,161,1.6100000000000003,10.139892352301027,20.026127248532195
189,0.1,0.4,0.5340588748136373,0.5921313584512427,0,0.0,1.7527735974941676,0.0,59,0.5900000000000001,3.6132388609234622,3.3258534154080737
190,0.1,0.4,1.5745110099440116,0.7380308181234546,85,0.8500000000000002,4.6479001570428595,11.333659157480291,134,1.3400000000000003,5.653743917715778,17.867180318851283
191,0.1,0.4,0.8044647196691508,0.2812528380987534,0,0.0,0.6723966530117724,0.0,49,0.4900000000000001,3.1549612233864783,8.759638553840052
192,0.1,0.4,0.5891048576470845,0.4672436284722258,74,0.7400000000000001,6.163667375343688,5.831240493372986,128,1.2800000000000002,7.950724399181797,10.086470042591111
193,0.1,0.4,0.4553904863075626,0.2781533277270049,32,0.32000000000000006,3.7113491097804454,3.274384599522089,92,0.9200000000000002,5.240375688935892,9.413855723626005
194,0.1,0.4,1.2652245336498378,0.2391933049239213,0,0.0,1.033738338968551,0.0,39,0.39000000000000007,3.2204730654139495,12.89327392232982
195,0.1,0.4,0.6538701945633395,0.2629466791849607,51,0.5100000000000001,3.5468096656651724,7.926364583233922,120,1.2000000000000002,5.250108268804094,18.65026960760923
196,0.1,0.4,0.386960923376639,0.2615660228610112,0,0.0,1.6394123354795898,0.0,55,0.5500000000000002,3.1548712853572423,5.085439460208544
197,0.1,0.4,0.3265488437885341,0.7029894438215765,13,0.13000000000000003,2.6962163606776626,0.37741809341524657,61,0.6100000000000001,3.7734733875040902,1.7709618229484647
198,0.1,0.4,0.5804155288995746,0.2834592814883669,0,0.0,1.6734145977843138,0.0,53,0.5300000000000001,3.512974796453299,6.782725297914596
199,0.1,0.4,0.4021701629878229,0.4777228137535001,22,0.22000000000000003,3.240907988644448,1.1575414826087629,73,0.7300000000000001,4.3126998165823345,3.8409331013836225
200,0.1,0.4,0.4270338309315841,0.1932642478990636,141,1.4100000000000004,7.099333857217957,19.471969989245064,182,1.8200000000000003,8.456923973147449,25.134032184699304
201,0.1,0.4,1.200133206786914,0.1050198036483943,78,0.7800000000000001,4.825753774978723,55.70996307205207,136,1.3600000000000003,6.196865756108865,97.13532022819335
202,0.1,0.4,0.4587074395415728,0.3878939397535718,0,0.0,0.7623297388330056,0.0,54,0.5400000000000001,3.154871281550761,3.9911363643276743
203,0.1,0.4,0.6617302026765424,0.3039321209714736,35,0.3500000000000001,6.0882187998831,4.762691135534171,95,0.9500000000000002,6.709009156411666,12.927304510735606
204,0.1,0.4,0.3873132386783668,0.1077958442205063,95,0.9500000000000002,42.48526611596795,21.33359009600233,157,1.5700000000000003,41.78968885376277,35.25656468497227
205,0.1,0.4,0.6992990340065773,0.2993074789965756,0,0.0,0.7556188859191018,0.0,67,0.6700000000000002,3.3426351184496443,9.78363358884208
206,0.1,0.4,0.7486310892580076,0.2634074092781437,0,0.0,0.905980990428917,0.0,46,0.4600000000000001,3.155915090193227,8.171047228759031
207,0.1,0.4,1.8283314883004105,0.2630510741681524,0,0.0,1.0507462805194794,0.0,51,0.5100000000000001,3.6781686293281957,22.15465813012495
208,0.1,0.4,1.7265765401559985,0.1976722300968671,0,0.0,1.070403002063123,0.0,86,0.8600000000000002,4.157170990168861,46.94816716941352
209,0.1,0.4,0.5222608269439157,0.1635942179320354,142,1.4200000000000004,6.647399241141786,28.332693524980645,186,1.8600000000000003,7.62085877807282,37.11183799750986
210,0.1,0.4,0.7218722302393199,0.3648185151426507,0,0.0,1.416097495630268,0.0,78,0.7800000000000001,3.6602080197311455,9.646240462989224
211,0.1,0.4,1.3585757171278317,0.1804844303600847,28,0.28,2.9232658660163415,13.17292300632435,95,0.9500000000000002,4.601783393220868,44.693845914314764
212,0.1,0.4,1.096596600057696,0.0636587604849962,209,2.0900000000000003,27.41914135651802,225.01683945966496,247,2.4700000000000006,28.131910515305265,265.928992088695
213,0.1,0.4,0.6588921542492906,0.3709797383209017,0,0.0,1.0569035846742119,0.0,55,0.5500000000000002,3.1551983252428175,6.105297800045177
214,0.1,0.4,0.5695169160840395,0.2465731479806623,17,0.17000000000000004,2.7139386939352677,2.4540860523334374,74,0.7400000000000001,4.2549063287116695,10.682492227804374
215,0.1,0.4,1.1211006851909593,0.1297492955110195,17,0.17000000000000004,2.7644608185652992,9.180546786970641,81,0.8100000000000002,3.8693710861757786,43.742605279095415
216,0.1,0.4,0.5008872392475365,0.4058267939679825,0,0.0,0.8432536789819248,0.0,73,0.7300000000000001,3.421086491381297,5.631215245110659
217,0.1,0.4,0.3690774688701566,0.3327393017993225,79,0.7900000000000001,6.054666523892679,5.476720040860855,130,1.3000000000000003,7.357438725785878,9.012324117872295
218,0.1,0.4,0.7011011032147455,0.4376613389821835,45,0.45000000000000007,6.502938671925211,4.505417036325757,112,1.12,7.756237298899533,11.213482401521883
219,0.1,0.4,0.6773581748711758,0.1584435839963197,12,0.12000000000000002,3.0562927869430045,3.2063061080793402,60,0.6000000000000001,5.405819919106359,16.0315305403967
220,0.1,0.4,1.0593648476446451,0.324236477722591,15,0.15000000000000002,3.737290953253575,3.063056173206317,71,0.7100000000000002,4.053207011237448,14.4984658865099
221,0.1,0.4,1.305124874975494,0.2556826029287664,0,0.0,0.682783982345674,0.0,54,0.5400000000000001,3.206339871274685,17.22759547418045
222,0.1,0.4,0.87648842605112,0.2552476066398058,0,0.0,0.9137381807516738,0.0,57,0.5700000000000001,3.159413164556706,12.23318039652938
223,0.1,0.4,0.6266934038032534,0.4910501700295633,0,0.0,1.1155974794815908,0.0,50,0.5000000000000001,3.3314165398737003,3.9882215838908315
224,0.1,0.4,0.904125423213054,0.3463787743169322,0,0.0,1.2508881624154178,0.0,87,0.8700000000000002,3.8815518431923803,14.19308096581789
225,0.1,0.4,0.6148512680613213,0.2555587665092364,30,0.30000000000000004,4.0688556208927515,4.511080341175895,93,0.9300000000000002,5.156390262812244,13.984349057645277
226,0.1,0.4,0.7547626809747796,0.1116701586793826,37,0.37000000000000005,6.449832751922474,15.629857791868838,98,0.9800000000000002,7.345084425926497,41.39800171900395
227,0.1,0.4,1.4339239990635928,0.2352797572118071,0,0.0,0.42774840181540297,0.0,40,0.4000000000000001,3.2122538276983055,15.236372394042426
228,0.1,0.4,0.5506239585057061,0.4692482450624367,18,0.18000000000000005,2.9461931998876296,1.3200943420395683,70,0.7000000000000002,3.7538016306451554,5.133700219042765
229,0.1,0.4,0.8524312450844528,0.2163289634621984,0,0.0,0.9762933646786996,0.0,51,0.5100000000000001,3.1602555994272614,12.560151679280278
230,0.1,0.4,0.6225298237959088,0.2308956016352777,0,0.0,1.1809030203918236,0.0,54,0.5400000000000001,3.154881033536756,9.09951571372931
231,0.1,0.4,0.7066698077466065,0.3736901048873169,5,0.05000000000000001,2.1741581144777107,0.5909557465735017,55,0.5500000000000002,4.3968414256429105,6.50051321230852
232,0.1,0.4,0.9843829513011344,0.3456432867315038,0,0.0,1.2677381374145713,0.0,42,0.4200000000000001,3.315922611858743,7.475930667135268
233,0.1,0.4,0.4425935325551043,0.2766060861112741,90,0.9000000000000001,4.17520788776481,9.000483885307359,144,1.4400000000000004,5.533122416203164,14.400774216491774
234,0.1,0.4,0.8446822208387288,0.2377021542861461,21,0.21000000000000005,2.7728313246185996,4.66401080032385,79,0.7900000000000001,4.277393520405593,17.54556443931353
235,0.1,0.4,0.5182186645350128,0.2649655658049757,120,1.2000000000000002,10.184003956702549,14.668472003918064,169,1.6900000000000004,11.523387212755011,20.658098072184607
236,0.1,0.4,0.3749366278866581,0.2976448128426747,8,0.08000000000000002,2.5289847816579942,0.6298390089613914,73,0.7300000000000001,4.247130260994878,5.747280956772697
237,0.1,0.4,0.3552848219779609,0.2534350141189611,196,1.9600000000000004,47.92349793412535,17.172998310277297,270,2.7000000000000006,46.850296846693865,23.656681345790155
238,0.1,0.4,1.051314973054073,0.3583618648802566,382,3.8200000000000007,29.522504513682335,70.04133933183147,458,4.580000000000001,28.83901340396391,83.97626548161992
239,0.1,0.4,0.6808152184380675,0.1072183274847328,53,0.5300000000000001,3.2444804421420197,21.03372123014346,104,1.0400000000000003,5.39856967095392,41.273717130847544
240,0.1,0.4,0.474692105437185,0.167281152644359,29,0.29000000000000004,5.603462764659994,5.143313681811309,83,0.8300000000000002,6.547455509634882,14.720518468632369
241,0.1,0.4,0.5851941901722252,0.3962728146745759,0,0.0,0.17187730590139189,0.0,55,0.5500000000000002,3.255402913407973,5.076313474516234
242,0.1,0.4,0.8783713629270457,0.2284533677219152,41,0.4100000000000001,20.412587446741977,9.852455404554913,84,0.8400000000000002,21.90268423439087,20.185518389819823
243,0.1,0.4,0.9921098724053932,0.2433206410515381,54,0.5400000000000001,3.0386834369864313,13.761145807021686,128,1.2800000000000002,4.731174116238765,32.61901228331066
244,0.1,0.4,0.8206836001350275,0.1513242562178815,15,0.15000000000000002,2.626115529191212,5.084385638868065,82,0.8200000000000002,4.155620714120775,27.794641492478757
245,0.1,0.4,0.9490267239434343,0.6716947129337809,12,0.12000000000000002,2.791410163784922,1.0596630124551027,61,0.6100000000000001,4.835848357196299,5.386620313313439
246,0.1,0.4,0.5155280217841864,0.2948564875756321,11,0.11000000000000001,2.312993994642575,1.202027189195613,60,0.6000000000000001,4.41064430853768,6.556511941066979
247,0.1,0.4,1.1202818728970203,0.4596098678973939,4,0.04000000000000001,2.2508348109987732,0.6093656550620008,57,0.5700000000000001,4.004895755480115,8.68346058463351
248,0.1,0.4,0.3122418314411059,0.7902612483631515,0,0.0,1.5744639359340913,0.0,61,0.6100000000000001,3.179464776750035,1.5063651227172126
249,0.1,0.4,0.5802117843479607,0.1809221061335213,39,0.39000000000000007,3.6846997829870327,7.816989612670215,90,0.9000000000000001,5.587386238921998,18.039206798469728
250,0.1,0.4,0.6600672619436516,0.2181986127883747,0,0.0,1.015510807612456,0.0,54,0.5400000000000001,3.346832108500487,10.209629569095567
251,0.1,0.4,0.513533732490955,0.542424206066245,62,0.6200000000000001,4.607018629757529,3.6686106393257525,118,1.1800000000000002,6.706995354861733,6.982194442587723
252,0.1,0.4,0.5826066469952258,0.1759056536873056,63,0.6300000000000001,4.58875294645477,13.041159419592045,134,1.3400000000000003,5.406466755281506,27.73833908294181
253,0.1,0.4,0.5031790417904611,0.3068374695500187,77,0.7700000000000001,2.927399067863349,7.891960333813952,147,1.4700000000000002,4.565190347898423,15.066469728190272
254,0.1,0.4,0.3850259910204378,0.4294010037551978,0,0.0,1.2444259621772993,0.0,75,0.7500000000000001,3.154871281550761,4.203085966555465
255,0.1,0.4,0.4425096121675493,0.5008392623632119,0,0.0,0.5317474540896636,0.0,40,0.4000000000000001,3.154910774435941,2.2088404674963287
256,0.1,0.4,1.6272034420748829,0.1099681294067838,0,0.0,1.8564123730871926,0.0,41,0.4100000000000001,3.154871281550761,37.91742973905368
257,0.1,0.4,1.0022382830077092,0.6631485742535108,20,0.20000000000000004,3.3962140867996604,1.8891661724069584,77,0.7700000000000001,4.238872085470526,7.2732897637667895
258,0.1,0.4,0.9390459999860292,0.266779548400661,0,0.0,0.13858553438724167,0.0,47,0.4700000000000001,3.1780980251796294,10.339801688307103
259,0.1,0.4,0.6780009448739354,0.3931312585874486,2,0.020000000000000004,2.0425573603146967,0.21557715459654808,86,0.8600000000000002,4.605922206773908,9.269817647651568
260,0.1,0.4,1.647440118560224,0.5877534125713324,0,0.0,0.32729596974598085,0.0,43,0.4300000000000001,3.1894323856712514,7.532912993666816
261,0.1,0.4,0.902256470165962,0.4098354739810502,85,0.8500000000000002,27.46180809027614,11.695516376843214,146,1.4600000000000002,27.14941398204199,20.088769306107167
262,0.1,0.4,0.3801401162082505,0.3927494899261833,0,0.0,1.877025184185545,0.0,69,0.6900000000000002,3.5269119135734543,4.174045525701878
263,0.1,0.4,0.7470493729742677,0.6120915935154501,112,1.12,6.450453441358096,8.543403742544418,177,1.7700000000000002,7.937831783374828,13.50162912884252
264,0.1,0.4,0.4198316429707987,0.1211576319539773,179,1.7900000000000003,144.03917618718802,38.766575658394785,221,2.2100000000000004,144.00395552036437,47.86264368997345
265,0.1,0.4,0.8803126165864277,0.1801579640005756,6,0.06000000000000001,2.21521062781072,1.8323765649286292,58,0.5800000000000001,4.682975829414807,17.712973460976748
266,0.1,0.4,1.066462605415053,0.2754974297300305,0,0.0,1.351567436075526,0.0,82,0.8200000000000002,3.3107503805390777,19.839099254421715
267,0.1,0.4,0.6027477601771606,0.6372813271559993,44,0.44000000000000006,2.8527833633058046,2.6009805557686465,126,1.2600000000000002,4.952915490349986,7.448262500610215
268,0.1,0.4,0.3416128802687508,0.2811328955580068,3,0.030000000000000006,2.0819430320162406,0.22783678488871356,63,0.6300000000000001,3.467739412738136,4.784572482662985
269,0.1,0.4,0.8737758879282721,0.2671836909452338,0,0.0,1.577382501564961,0.0,70,0.7000000000000002,3.439038825406712,14.307645411148114
270,0.1,0.4,0.6382539520838066,0.2913042794042766,31,0.31000000000000005,4.897918929440498,4.245104241830169,72,0.7200000000000002,7.181263455091982,9.859596948766844
271,0.1,0.4,1.5431085573296237,0.2752383649536981,0,0.0,1.1586588833141098,0.0,52,0.5200000000000001,3.2009395471780664,18.220943915885208
272,0.1,0.4,0.7365397300542134,0.1653789556230715,0,0.0,1.6273076035908127,0.0,48,0.4800000000000001,3.4729916752325214,13.360945362351671
273,0.1,0.4,0.5620778597616038,0.2177155706486547,24,0.24000000000000005,4.213109758628076,3.872560823878839,76,0.7600000000000001,5.272927726857252,12.263109275616323
274,0.1,0.4,0.5640889108496734,0.3424102841230917,0,0.0,0.5600335445042909,0.0,42,0.4200000000000001,3.154871282804814,4.324441933081921
275,0.1,0.4,0.9713023699583798,1.067679780513156,0,0.0,0.344921330155549,0.0,44,0.44000000000000006,3.201918914747483,2.5017627627093866
276,0.1,0.4,0.4879862796517033,0.6687774639649301,0,0.0,1.0094801085923908,0.0,59,0.5900000000000001,3.3178817696097207,2.690654968466487
277,0.1,0.4,0.4796721294264621,0.2463349486858721,1,0.010000000000000002,2.0048845633678667,0.12170221176120624,61,0.6100000000000001,4.051470746038624,7.423834917433581
278,0.1,0.4,0.5207250112612721,0.3830294197806558,0,0.0,1.0514091094886677,0.0,56,0.56,3.154871281550761,4.758218155822442
279,0.1,0.4,0.4675708618561129,0.2270887126198208,0,0.0,1.7176412659715767,0.0,56,0.56,3.1557059141748343,7.206426059740486
280,0.1,0.4,0.6911388333531842,0.31216832923523,12,0.12000000000000002,2.498465346816433,1.6604955611121257,64,0.6400000000000001,4.980831296356297,8.855976325931337
281,0.1,0.4,1.8447270808596832,0.2052694496077401,70,0.7000000000000002,4.019029364520408,39.3174970468513,133,1.3300000000000003,6.452677148692285,74.70324438901748
282,0.1,0.4,0.8767621667250877,0.396022457776901,22,0.22000000000000003,2.8157507070763996,3.044140440959892,143,1.4300000000000004,4.619977473497757,19.786912866239295
283,0.1,0.4,0.584890672327333,0.2778448632160548,0,0.0,0.8894125593358415,0.0,55,0.5500000000000002,3.248640516444566,7.236274454934859
284,0.1,0.4,0.5023155850951012,0.2556807324151809,37,0.37000000000000005,2.87954385007451,4.543184695850206,106,1.0600000000000003,4.439225261146968,13.015610209733023
285,0.1,0.4,0.63694020506544,0.2853272824387708,0,0.0,1.201836007191451,0.0,60,0.6000000000000001,3.187211927826177,8.371179049476142
286,0.1,0.4,0.3153999504235856,0.2625978538335329,65,0.6500000000000001,7.990185863719042,4.879370794127172,119,1.1900000000000002,9.07068533793827,8.933001915402052
287,0.1,0.4,0.5843370146173761,0.8394591500657517,0,0.0,1.109136527715204,0.0,82,0.8200000000000002,3.2562203343540412,3.567448397792182
288,0.1,0.4,0.5061690033433255,0.5583244201354506,23,0.23000000000000004,2.562435029021222,1.3032171190533075,73,0.7300000000000001,4.88581962036413,4.136297812647454
289,0.1,0.4,1.0622827703317508,0.7116156973511252,0,0.0,1.770556631672773,0.0,60,0.6000000000000001,3.15503448566917,5.597909663280655
290,0.1,0.4,1.162959681097335,0.7907698746481409,0,0.0,1.6192043243731242,0.0,97,0.9700000000000002,3.7404990940923954,8.915922688367134
291,0.1,0.4,1.2082443134494258,0.5047992262283243,0,0.0,0.9172568539754066,0.0,43,0.4300000000000001,3.1548828035944805,6.432570463027255
292,0.1,0.4,0.4128246353807489,0.3051532757782294,28,0.28,3.760151542456292,2.3674761808598346,83,0.8300000000000002,5.1074097761135695,7.017875821834511
293,0.1,0.4,0.5688061319315254,0.3237176977241249,43,0.4300000000000001,5.5129567707242,4.722220905168792,100,1.0000000000000002,6.0720610319207875,10.981909081787888
294,0.1,0.4,0.5550197414534592,0.2828499997366624,0,0.0,1.8974877987815246,0.0,72,0.7200000000000002,3.2936576103640345,8.830082513225594
295,0.1,0.4,0.6672002607482934,0.1984715386633487,96,0.9600000000000002,6.990271410671413,20.170154327669465,143,1.4300000000000004,7.585321104938239,30.04512571725764
296,0.1,0.4,1.2008516790199877,0.2369529482326321,1,0.010000000000000002,2.0106924501022694,0.3167431783337196,50,0.5000000000000001,3.1571537042338567,15.837158916685981
297,0.1,0.4,1.5094291250674414,0.4085117810044886,13,0.13000000000000003,2.4641449755435088,3.0021439310799725,54,0.5400000000000001,3.4034196148985805,12.470444021409117
298,0.1,0.4,0.7764472672991887,0.1689462936240768,70,0.7000000000000002,4.211176941476828,20.106725762167567,128,1.2800000000000002,5.355314580589064,36.76658425082069
299,0.1,0.4,0.3948440996514696,0.4393310158073487,0,0.0,1.9336660856621322,0.0,61,0.6100000000000001,3.227542500383937,3.4264440154649516
300,0.1,0.4,1.245438389941274,0.13411535227809,28,0.28,3.0407781957825963,16.25106406817596,94,0.9400000000000002,5.316732307131794,54.557143657447874
301,0.1,0.4,0.5296060058600283,0.3710839796593208,23,0.23000000000000004,2.505755548261105,2.051580437729275,87,0.8700000000000002,4.674654096972905,7.760326003584648
302,0.1,0.4,0.939316158993444,0.6687782376751147,0,0.0,0.7299197560205243,0.0,50,0.5000000000000001,3.15488775528858,4.389142516148201
303,0.1,0.4,0.7352790552099175,0.2646819667292122,0,0.0,1.9643921364243107,0.0,104,1.0400000000000003,3.529856779759509,18.05681708476207
304,0.1,0.4,1.1584806180063378,0.2176963196152616,0,0.0,1.3719357082893153,0.0,59,0.5900000000000001,3.8220747204218974,19.623194762539704
305,0.1,0.4,0.4108054947821523,0.2555990708224246,88,0.8800000000000001,3.8839365700468185,8.83974348588911,132,1.3200000000000003,5.393543783655113,13.259615228833667
306,0.1,0.4,1.508174544433247,0.2622155663505969,24,0.24000000000000005,6.282489179559686,8.627488627525263,95,0.9500000000000002,5.757793899120039,34.1504758172875
307,0.1,0.4,0.6354904449888601,0.250420039953206,0,0.0,0.4784732702467131,0.0,47,0.4700000000000001,3.1548854737178194,7.4544879974605935
308,0.1,0.4,0.5091591107751393,0.1069301580556263,119,1.1900000000000002,103.4903802578084,35.41443270307451,157,1.5700000000000003,103.23267695498284,46.723243146073095
309,0.1,0.4,0.4347487906080631,0.0852476768128189,174,1.7400000000000004,149.65057438828973,55.46066795748434,208,2.0800000000000005,150.37601520297926,66.29780997216518
310,0.1,0.4,1.0608938945455402,0.4706503215140502,20,0.20000000000000004,2.590959297879249,2.8176276687029462,135,1.3500000000000003,4.443022073765739,19.018986763744888
311,0.1,0.4,0.479010299654265,0.0830056338323695,75,0.7500000000000001,11.851147481981787,27.05070337953072,135,1.3500000000000003,12.867026271053419,48.6912660831553
312,0.1,0.4,0.9743364859509184,0.6245025551502689,0,0.0,0.7096121046889668,0.0,38,0.38000000000000006,3.1921776830261392,3.705427840205747
313,0.1,0.4,0.7175757823214198,0.5381145710910923,0,0.0,1.0094771325422,0.0,42,0.4200000000000001,3.154896886452767,3.5004375086413786
314,0.1,0.4,0.5906996355416443,0.2729368450882005,12,0.12000000000000002,2.3768348989841086,1.6231766968401362,78,0.7800000000000001,3.815028247768215,10.550648529460886
315,0.1,0.4,1.1092756731379367,0.1741681990423653,43,0.4300000000000001,10.08408836310213,17.11666301856318,78,0.7800000000000001,10.668083222358689,31.04883059181228
316,0.1,0.4,0.300640975755967,0.7971352131829545,0,0.0,1.842858098906401,0.0,57,0.5700000000000001,3.8402325871295755,1.3436032663191533
317,0.1,0.4,0.6046407675425869,0.3948246858754272,79,0.7900000000000001,11.679795673382163,7.561365579566276,150,1.5000000000000002,12.58418874049671,14.357023252341031
318,0.1,0.4,1.106145975514142,0.3282749991684176,28,0.28,3.4402162981904847,5.896749560744442,86,0.8600000000000002,4.243839996007139,18.11144507942936
319,0.1,0.4,0.4068847678535546,0.3507545798680097,0,0.0,1.256561376941678,0.0,57,0.5700000000000001,3.165397401104852,4.132596033453792
320,0.1,0.4,1.256592685495165,0.6154222782223638,345,3.4500000000000006,4.776615052796202,44.02713509048409,455,4.550000000000001,6.396223554884924,58.0647723657109
321,0.1,0.4,0.9587833607882084,0.4514005859309986,0,0.0,0.978478245513878,0.0,44,0.44000000000000006,3.160200505899061,5.841051882397455
322,0.1,0.4,0.9899054732678164,0.4113893524239179,47,0.4700000000000001,3.726190199319912,7.068358261075769,100,1.0000000000000002,4.453243461613414,15.039060129948446
323,0.1,0.4,0.8327173486872202,0.3068911322972437,0,0.0,1.7463492480766496,0.0,66,0.6600000000000001,4.312086039699843,11.192760890881024
324,0.1,0.4,0.6139034242830933,0.198553457561332,0,0.0,1.754127482751339,0.0,70,0.7000000000000002,3.8577635016542255,13.526974116826432
325,0.1,0.4,0.7497589283262949,0.5051249593272634,13,0.13000000000000003,2.4469134132293924,1.2059968885252332,80,0.8000000000000002,4.792797048477665,7.421519314001435
326,0.1,0.4,0.8802031545997947,0.4908556994688238,87,0.8700000000000002,5.3934183246663885,9.750532912861427,157,1.5700000000000003,6.63267993969729,17.59578927953154
327,0.1,0.4,0.8492235741079956,0.5579043079640783,0,0.0,1.3581948777874695,0.0,49,0.4900000000000001,3.159559299822387,4.661636697512632
328,0.1,0.4,1.2408956987607411,0.3252802270239773,22,0.22000000000000003,5.410173249100785,5.2454205452526566,64,0.6400000000000001,6.295531014595579,15.259405222553184
329,0.1,0.4,1.1137476175070131,0.0985638330685496,0,0.0,1.2094373442846076,0.0,56,0.56,3.2302953359058435,39.54915854950026
330,0.1,0.4,0.5425733235922502,0.6750916311122906,11,0.11000000000000001,2.6264507546787472,0.5525459697301836,75,0.7500000000000001,3.9489133038922026,3.7673588845239787
331,0.1,0.4,0.3522833584855757,0.7993850924879563,18,0.18000000000000005,2.4950202094631835,0.49577954607934305,88,0.8800000000000001,4.49055173016924,2.423811114165677
332,0.1,0.4,0.453794703775643,0.7720003917878084,140,1.4000000000000004,13.490966361589365,5.143395910514332,207,2.0700000000000003,13.569198832014532,7.60487823911762
333,0.1,0.4,0.9945685643770028,0.4261275178108577,50,0.5000000000000001,4.192880447673649,7.2936542085922556,131,1.3100000000000003,5.145194615640804,19.10937402651171
334,0.1,0.4,0.6383473561554027,0.4078127362237173,0,0.0,1.2502203229402369,0.0,49,0.4900000000000001,3.735704679285259,4.793716832702065
335,0.1,0.4,0.4015660185602808,0.356771689644197,46,0.4600000000000001,3.6142375423136226,3.235969492176285,101,1.0100000000000002,4.940233797339331,7.105063450213147
336,0.1,0.4,0.4762606144405097,0.3890747720318447,0,0.0,1.5048267497096344,0.0,62,0.6200000000000001,3.159306151441781,4.743329595283873
337,0.1,0.4,0.6643098329070647,0.2143352835126582,149,1.4900000000000002,3.51929852035108,28.863121449538124,200,2.0000000000000004,4.999624921792897,38.74244489870889
338,0.1,0.4,0.9264960020928572,0.3740901427672877,41,0.4100000000000001,3.364585349450963,6.346454327292565,149,1.4900000000000002,5.225715264948661,23.063943774794932
339,0.1,0.4,0.4719074530967176,0.5414037728636267,154,1.5400000000000003,10.201714796228686,8.389504217954556,200,2.0000000000000004,11.180410120988999,10.895460023317606
340,0.1,0.4,1.3112626312998212,0.3861449320528926,0,0.0,1.2731773156756228,0.0,75,0.7500000000000001,3.5868849904516993,15.917711392819687
341,0.1,0.4,0.7654706574728987,0.1658582989995123,19,0.19000000000000003,2.4133474931680245,5.480560280868069,92,0.9200000000000002,4.912679571368043,26.537449781045385
342,0.1,0.4,0.6085643763447109,0.2311889895234625,0,0.0,1.6253277191036344,0.0,83,0.8300000000000002,3.8393172992963907,13.655181887318223
343,0.1,0.4,1.9595071050441533,0.193686311353988,0,0.0,0.8612264543001751,0.0,40,0.4000000000000001,3.154983677541624,25.292276611418455
344,0.1,0.4,0.7552720384507379,0.2236947847675335,30,0.30000000000000004,7.418459391087619,6.3306575232265665,74,0.7400000000000001,9.135645467141602,15.615621890625532
345,0.1,0.4,0.4614609440489654,0.6399441485675995,0,0.0,0.7029084649698046,0.0,48,0.4800000000000001,3.262077686235559,2.16328696065991
346,0.1,0.4,1.6440384593044814,0.2083945982869705,0,0.0,0.5830473078058085,0.0,45,0.45000000000000007,3.154871438183768,22.187994337677384
347,0.1,0.4,0.5294236948407971,0.3515209822486506,0,0.0,1.4068555902972397,0.0,86,0.8600000000000002,3.4160190039304177,8.095256054321087
348,0.1,0.4,1.2968047717868472,0.2949084609902624,0,0.0,0.9096758138360425,0.0,40,0.4000000000000001,3.154871283895526,10.993282181802734
349,0.1,0.4,0.9266683658569012,0.339637343369382,13,0.13000000000000003,2.725091875012547,2.2168293974666837,86,0.8600000000000002,3.7660475522792485,14.665179090933444
350,0.1,0.4,1.1954566184497135,0.2881183559462295,0,0.0,1.8091678699542402,0.0,61,0.6100000000000001,3.5988669861589697,15.818771222927971
351,0.1,0.4,0.7736114371183065,0.3445987797381185,14,0.14,2.6509600681634975,1.9643424390328459,83,0.8300000000000002,4.250846309634644,11.645744459980444
352,0.1,0.4,0.8503370004793658,0.3336433753179343,20,0.20000000000000004,3.471063679617011,3.1858005560168308,79,0.7900000000000001,4.134542907002542,12.583912196266482
353,0.1,0.4,0.9064707726079222,0.478156655274038,0,0.0,1.2809320083773248,0.0,66,0.6600000000000001,3.3629252355081802,7.820014415285505
354,0.1,0.4,0.5115707030044514,0.2614506069048419,0,0.0,1.817341488049831,0.0,75,0.7500000000000001,3.5065529652685967,9.171857348972008
355,0.1,0.4,0.4125242123938042,0.1818010620189804,39,0.39000000000000007,4.503003123936742,5.530923508053647,87,0.8700000000000002,5.7821262829589815,12.338213979504289
356,0.1,0.4,0.5843309216269741,0.2455167783025846,0,0.0,1.4652899667991413,0.0,66,0.6600000000000001,3.411714657720285,9.817516620964449
357,0.1,0.4,1.6022395473412383,0.3864143274517748,0,0.0,1.876515337724149,0.0,60,0.6000000000000001,3.795506977322795,15.549108497483191
358,0.1,0.4,0.6373257804232343,0.778086110087076,0,0.0,1.9228329259185306,0.0,61,0.6100000000000001,4.087093544866052,3.122796444202892
359,0.1,0.4,1.0824498087599497,0.90539187397009,0,0.0,0.6508728482322129,0.0,81,0.8100000000000002,3.323079717733475,6.052519703781079
360,0.1,0.4,0.484315185049892,0.3991599430254684,10,0.10000000000000002,2.6013066657532504,0.7583350883404373,60,0.6000000000000001,3.9557802227616983,4.5500105300426235
361,0.1,0.4,0.6769931595829674,0.3383501981524905,10,0.10000000000000002,2.701422127945666,1.2505407919065532,69,0.6900000000000002,4.6189526327136035,8.628731464155216
362,0.1,0.4,1.0067104638008637,0.4758081723035549,0,0.0,0.15316794787854598,0.0,54,0.5400000000000001,3.3311898364892563,7.140793313571531
363,0.1,0.4,0.8605424157179672,0.1929033283291081,0,0.0,1.264088073072921,0.0,50,0.5000000000000001,3.1548824338902244,13.940635822159955
364,0.1,0.4,0.5864204671155039,0.2562849529360065,8,0.08000000000000002,2.374693084709607,1.144079003463639,69,0.6900000000000002,4.053366862578957,9.867681404873887
365,0.1,0.4,0.4995559307653318,0.283738876477052,120,1.2000000000000002,5.2174326799571,13.204639164217628,188,1.8800000000000003,6.381075567093839,20.68726802394095
366,0.1,0.4,0.4341835696070026,0.0962697414120711,236,2.3600000000000003,44.73855402716589,66.52357799831252,278,2.7800000000000007,45.41710255689279,78.36251984546983
367,0.1,0.4,1.0622451951278715,0.2235877837357665,1,0.010000000000000002,2.051694818736676,0.29693180721336415,67,0.6700000000000002,4.121066485077258,19.894431083295398
368,0.1,0.4,1.482728316657421,0.398899616486515,0,0.0,0.04616756149877417,0.0,38,0.38000000000000006,3.15618634276079,8.827984802488324
369,0.1,0.4,0.59142973408186,0.1767890566811701,0,0.0,0.5728493363254945,0.0,44,0.44000000000000006,3.1548712815807423,9.199844149054432
370,0.1,0.4,0.9216763474089316,0.5829738951323264,0,0.0,0.6721883594500924,0.0,63,0.6300000000000001,3.3980176549934495,6.2251511572382086
371,0.1,0.4,0.3886285945805066,0.6525937133316997,0,0.0,0.735238840618177,0.0,60,0.6000000000000001,3.241823357661625,2.2331769367446475
372,0.1,0.4,0.5734193286258275,0.168273671413694,12,0.12000000000000002,2.1984175287241405,2.5557444183414435,76,0.7600000000000001,4.372859933934366,16.186381316162475
373,0.1,0.4,1.001533115592024,0.2621828755087717,0,0.0,0.9099109970452772,0.0,49,0.4900000000000001,3.154871285882838,11.698686119559156
374,0.1,0.4,2.101017647680841,0.5483912059252344,0,0.0,1.7841271376938357,0.0,65,0.6500000000000001,3.5237122180293716,15.56440749136867
375,0.1,0.4,0.4212692550171236,0.4147118021957693,0,0.0,1.4151187037451343,0.0,78,0.7800000000000001,3.3612019673504046,4.952083850362695
376,0.1,0.4,0.7139517726130813,0.441217048149852,16,0.16000000000000003,2.4974490875602697,1.6181418546878077,80,0.8000000000000002,4.3048395188266095,8.090709273439039
377,0.1,0.4,1.6299660773396585,0.1366174328329156,0,0.0,1.4759661422787447,0.0,50,0.5000000000000001,3.222104249177538,37.28399726201858
378,0.1,0.4,1.0945754238969954,0.1847877588823749,0,0.0,1.3523338737463748,0.0,41,0.4100000000000001,3.1554348003006942,15.178762601485168
379,0.1,0.4,0.6115766950393468,0.3927538016732171,27,0.2700000000000001,2.6054704317553736,2.627691109499641,99,0.9900000000000002,4.247883222709612,9.634867401498683
380,0.1,0.4,0.6600264707725195,0.0795110098656057,401,4.010000000000001,104.07399559396197,208.0455706913597,446,4.460000000000001,105.15392882163914,231.3923304946295
381,0.1,0.4,0.3660573489082587,0.350583638752235,0,0.0,1.841163139118524,0.0,68,0.6800000000000002,3.517604183187361,4.43758225112033
382,0.1,0.4,0.4767030761677934,0.35166043998749,42,0.4200000000000001,4.895466909970761,3.558391654702397,107,1.0700000000000003,6.145613192360229,9.065426358408489
383,0.1,0.4,1.138843985552728,0.1347689306659452,92,0.9200000000000002,4.013489517758462,48.589484865467526,138,1.3800000000000003,6.113843134338411,72.88422729820128
384,0.1,0.4,0.4949824942627661,0.7400191541195527,49,0.4900000000000001,4.6795232241584985,2.048438719783224,103,1.0300000000000002,5.793355215651474,4.305901798728002
385,0.1,0.4,0.5732209666670917,0.8224031208106665,0,0.0,1.8565072796900448,0.0,56,0.56,4.368574006847838,2.4395254985866046
386,0.1,0.4,0.5345722050613538,0.0878660969697129,50,0.5000000000000001,7.472837723755443,19.01231758812001,90,0.9000000000000001,7.938352944869179,34.22217165861602
387,0.1,0.4,1.1711650039561234,0.2270320771441511,0,0.0,1.7566904114702517,0.0,69,0.6900000000000002,3.942616098447502,22.246411798249714
388,0.1,0.4,1.000176699763145,0.4181034870823354,0,0.0,1.7996992577948452,0.0,55,0.5500000000000002,3.1567489415391967,8.223101484821528
389,0.1,0.4,0.7029331907389808,0.6058017462823766,0,0.0,1.0950580654935749,0.0,61,0.6100000000000001,3.1553738222640195,4.423778581257493
390,0.1,0.4,0.4799287126891075,0.4574602882860254,2,0.020000000000000004,2.0390173161209546,0.13113944668488736,60,0.6000000000000001,3.6545713334233394,3.9341834005466207
391,0.1,0.4,0.4961460184710083,0.3333720964661148,0,0.0,0.804292363125317,0.0,41,0.4100000000000001,3.1549240217122563,3.813679026556399
392,0.1,0.4,1.0037705729062834,0.2490071693483307,35,0.3500000000000001,2.746612111670445,8.818011682068922,124,1.2400000000000002,4.485351143084491,31.240955673615613
393,0.1,0.4,0.9764715936788944,0.6668017922802735,0,0.0,0.6058895069302748,0.0,44,0.44000000000000006,3.166237888097059,4.02712907149515
394,0.1,0.4,0.3342511749381821,0.3021442272350035,35,0.3500000000000001,4.803755129614054,2.419951729240143,94,0.9400000000000002,5.569649545860898,6.499298929959242
395,0.1,0.4,0.895035878754009,0.3298460078733959,0,0.0,0.4638368791944206,0.0,40,0.4000000000000001,3.154871281550761,6.783740422724388
396,0.1,0.4,0.80584075248196,0.4053649013935871,153,1.5300000000000002,8.164340599796553,19.009668003117966,253,2.5300000000000007,8.777166785096762,31.434287612998993
397,0.1,0.4,0.5162256766465796,0.3129858708949613,0,0.0,1.944651597834142,0.0,79,0.7900000000000001,3.530826785831421,8.143703967064669
398,0.1,0.4,1.1028531385052245,0.7351324425126607,0,0.0,0.675956030377747,0.0,55,0.5500000000000002,3.33809738850549,5.156972328216107
399,0.1,0.4,0.5001162634363346,0.3958901011714386,0,0.0,1.1349712195262893,0.0,58,0.5800000000000001,3.4213021188984496,4.579355355418787
400,0.1,0.4,1.6565161672753272,0.6698329559059516,0,0.0,0.02804077631080855,0.0,38,0.38000000000000006,3.1558780919784466,5.8734433153678545
401,0.1,0.4,0.6814176441409889,0.6791819032343316,0,0.0,1.8498331362631075,0.0,59,0.5900000000000001,3.5669684126945924,3.699638566345833
402,0.1,0.4,1.8640039980102376,0.2328653469840626,11,0.11000000000000001,2.9259626420755738,5.5031921461450635,54,0.5400000000000001,4.036363746023546,27.015670535621222
403,0.1,0.4,0.9431173228893732,0.1711258462102783,0,0.0,1.7720241393866505,0.0,81,0.8100000000000002,4.063042833593547,27.900703212655202
404,0.1,0.4,0.6046219046675319,0.4862247880934214,11,0.11000000000000001,2.629070277079018,0.8549082022100885,73,0.7300000000000001,4.2733989285613445,5.673481705576042
405,0.1,0.4,0.5467160321589742,0.3716218542173156,85,0.8500000000000002,4.752819346950073,7.815549295295508,157,1.5700000000000003,5.995111237088267,14.435779286604644
406,0.1,0.4,0.6571965896777342,0.1977949104071611,0,0.0,0.7991480889954299,0.0,64,0.6400000000000001,3.3173584092478015,13.290465125212657
407,0.1,0.4,1.1069612617649074,0.1620744353990978,0,0.0,0.9877621351211187,0.0,49,0.4900000000000001,3.3996666390121457,20.916740236097098
408,0.1,0.4,2.8901922800566435,0.2266963626570095,16,0.16000000000000003,3.10826509012137,12.749178002602056,60,0.6000000000000001,4.62969499202343,47.80941750975771
409,0.1,0.4,0.4530534647267651,0.1104125401259307,128,1.2800000000000002,12.363529286355156,32.8262325427917,177,1.7700000000000002,12.380195660379181,45.39252468807915
410,0.1,0.4,0.4004234994259415,0.2566881733196853,152,1.5200000000000002,9.01025594542648,14.819628015385138,210,2.1000000000000005,9.97139978134276,20.474486073887363
411,0.1,0.4,0.5912158818373966,0.3530051220525728,73,0.7300000000000001,3.4090212001047893,7.64131252600181,144,1.4400000000000004,4.409933177237847,15.073274023893982
412,0.1,0.4,0.9519158537770464,0.6842877057246972,69,0.6900000000000002,3.725313026551044,5.999139082976733,174,1.7400000000000004,5.181676251583083,15.128263774463065
413,0.1,0.4,1.549883531381089,0.1673389680421935,27,0.2700000000000001,2.2329610068432064,15.62952425131559,144,1.4400000000000004,4.082982619297268,83.35746267368314
414,0.1,0.4,1.95088576586228,0.7084497347494177,0,0.0,0.681895666463116,0.0,41,0.4100000000000001,3.15533666865658,7.0564565555103425
415,0.1,0.4,0.4540611259790315,0.3570902879480492,26,0.26000000000000006,3.3308028397008607,2.06628226703066,86,0.8600000000000002,4.600202075608726,6.834625960178336
416,0.1,0.4,0.5055253905061461,0.3730979829163413,0,0.0,0.749111375782059,0.0,50,0.5000000000000001,3.3439481838596534,4.234187579850661
417,0.1,0.4,0.702519227640353,0.4030462323860143,73,0.7300000000000001,5.224910309211388,7.952546677174528,107,1.0700000000000003,6.974960079085152,11.65647252681746
418,0.1,0.4,0.5639106913445895,0.6741324140972201,73,0.7300000000000001,8.11607542732554,3.8165239876577814,141,1.4100000000000004,9.46321419407172,7.371642222736263
419,0.1,0.4,1.246194329609057,0.2194670971928467,0,0.0,1.5812870747595884,0.0,72,0.7200000000000002,3.854289644931367,25.552233364225398
420,0.1,0.4,1.3975383118986022,0.5028194572677833,0,0.0,1.6492604151380355,0.0,65,0.6500000000000001,3.424493589101202,11.291327950868142
421,0.1,0.4,0.6234648608202968,0.1894460573042606,24,0.24000000000000005,3.0361390795302925,4.9364832635628195,88,0.8800000000000001,4.101515725095906,18.10043863306367
422,0.1,0.4,0.8439432956647667,0.2660675078629138,0,0.0,1.1496718586524053,0.0,63,0.6300000000000001,3.41982199810995,12.489412004385539
423,0.1,0.4,0.6165323107762589,0.4527389819233954,0,0.0,0.9280506278549346,0.0,61,0.6100000000000001,3.490725512178001,5.191798207542471
424,0.1,0.4,0.3763513253374163,0.2746962721648606,8,0.08000000000000002,2.2819467865955403,0.685031730447996,78,0.7800000000000001,4.053048123402022,6.679059371867961
425,0.1,0.4,2.368847854376444,0.1763434080966179,0,0.0,1.1319777521287888,0.0,50,0.5000000000000001,3.1613402252813105,41.97860087217155
426,0.1,0.4,0.8384799958771858,0.7699606297080701,69,0.6900000000000002,4.043226712967819,4.696272566028923,162,1.6200000000000003,5.167883212281076,11.026031241980949
427,0.1,0.4,0.3439211722288156,0.3357033306109009,17,0.17000000000000004,2.938982848262995,1.0885094432281774,76,0.7600000000000001,4.416625111122404,4.8662775109024405
428,0.1,0.4,0.4688837062464711,0.2714768346617754,0,0.0,1.622553879599755,0.0,47,0.4700000000000001,3.441098307492196,5.073530081544532
429,0.1,0.4,0.6785088632227763,0.1816332006887311,79,0.7900000000000001,7.843006744610546,18.444521703406327,141,1.4100000000000004,9.067282699949576,32.91996911620623
430,0.1,0.4,0.9303026705593608,0.1286230852334175,0,0.0,1.9261948075372828,0.0,70,0.7000000000000002,3.6050904666352723,31.64341903563482
431,0.1,0.4,0.5924461754950023,0.664441428810434,0,0.0,1.3632679843578772,0.0,55,0.5500000000000002,3.6973181241028295,3.0650312276736384
432,0.1,0.4,1.2464509757882205,0.4112686388206611,9,0.09000000000000002,2.6122424825867725,1.7047948900052405,78,0.7800000000000001,3.784519322164169,14.774889046712085
433,0.1,0.4,0.7715019677446754,1.236506719273827,0,0.0,0.18789914347445472,0.0,59,0.5900000000000001,3.3689791807619756,2.3007667178139113
434,0.1,0.4,1.1744238393512405,0.5611121024363058,9,0.09000000000000002,3.9555073028185674,1.1773287490445135,64,0.6400000000000001,4.392386999493928,8.372115548760984
435,0.1,0.4,0.4879494729561223,0.964406450146266,20,0.20000000000000004,3.4100635540132465,0.6324479073140243,72,0.7200000000000002,4.225157465786756,2.2768124663304876
436,0.1,0.4,0.4712046845417741,0.3389918373637948,0,0.0,1.6945193082797154,0.0,66,0.6600000000000001,3.5583503704114667,5.733823383035867
437,0.1,0.4,0.551697972085637,0.3331857506435919,85,0.8500000000000002,5.5676582011455515,8.796581099412379,137,1.3700000000000003,7.187293602861643,14.178018948464658
438,0.1,0.4,0.5800254072396497,0.5387758201060594,19,0.19000000000000003,2.1703307129436507,1.278417006467543,135,1.3500000000000003,4.601529190239446,9.083489256479911
439,0.1,0.4,0.4079885757633388,0.631791624510319,0,0.0,1.04331488334663,0.0,53,0.5300000000000001,3.1554342306188947,2.139094766037036
440,0.1,0.4,0.3724098302221711,0.2591317891552803,68,0.6800000000000002,2.969807315917765,6.107864201469301,115,1.1500000000000001,4.926535823278408,10.329476223073081
441,0.1,0.4,1.0629440436881954,0.2228642241786437,0,0.0,1.8358960853899307,0.0,96,0.9600000000000002,3.7667881261643985,28.616814949253403
442,0.1,0.4,0.5801005673930079,0.3512750283684265,0,0.0,0.1087265719614023,0.0,43,0.4300000000000001,3.182974360459517,4.438175642914096
443,0.1,0.4,0.7502689005096475,0.4658720672844966,26,0.26000000000000006,3.1817709198375037,2.6169994918017907,79,0.7900000000000001,4.959354465647086,7.951652302013133
444,0.1,0.4,0.5182944870891558,0.2556803771494283,0,0.0,1.0324121400623434,0.0,61,0.6100000000000001,3.1548713277508122,7.728390242762222
445,0.1,0.4,0.7143348190638412,0.2640697507737178,151,1.5100000000000002,32.79520030437108,25.529371823779407,229,2.2900000000000005,33.2953677552116,38.716729454605854
446,0.1,0.4,0.4936130834930953,0.2439641155730647,0,0.0,0.37151785927791736,0.0,57,0.5700000000000001,3.1550738962433926,7.208013382679227
447,0.1,0.4,0.8207800531243611,0.8231927496849517,0,0.0,1.1207150887033952,0.0,54,0.5400000000000001,3.2122645621640302,3.3651082086848927
448,0.1,0.4,0.6649308141035329,0.4307784374961456,0,0.0,1.8186047396715617,0.0,81,0.8100000000000002,3.5630241391416657,7.81425427411105
449,0.1,0.4,0.3817029157657115,0.1540369366093816,175,1.7500000000000004,55.00502643965985,27.103081462691204,224,2.24,54.24828875166013,34.69194427224473
450,0.1,0.4,0.704192522087187,0.8011779629251993,0,0.0,1.9556681900683106,0.0,43,0.4300000000000001,3.1548749478216678,2.3621685701382766
451,0.1,0.4,0.4978549305057713,0.1879568680888244,6,0.06000000000000001,2.056617425644148,0.993289582008974,105,1.0500000000000003,4.2163058661711235,17.382567685157046
452,0.1,0.4,1.1716954347613942,0.1181998291031557,214,2.1400000000000006,7.7349965245647825,132.58417172715906,296,2.9600000000000004,9.026269667818184,183.3874524824256
453,0.1,0.4,0.4326218677509119,0.4372227881684834,0,0.0,1.7739027572566108,0.0,82,0.8200000000000002,3.809343999896725,5.07106933175
454,0.1,0.4,0.341352805475738,0.5273148035715277,10,0.10000000000000002,2.4966742710135517,0.40458849624045673,78,0.7800000000000001,3.759041618440695,3.1557902706755625
455,0.1,0.4,0.3780195332037411,0.1442649845146078,169,1.6900000000000004,23.404208847802927,27.67706476314226,232,2.3200000000000003,24.577137566088666,37.99455044407694
456,0.1,0.4,0.66827734780594,0.1101851616735856,0,0.0,1.863669259713638,0.0,46,0.4600000000000001,3.291958419237528,17.436988300055877
457,0.1,0.4,0.934673940675702,0.2795958020951086,0,0.0,1.968927599309903,0.0,92,0.9200000000000002,4.0775185713987865,19.221945102942264
458,0.1,0.4,0.9644402513217888,0.2266320447078172,12,0.12000000000000002,2.1398076332809923,3.1916501014844876,86,0.8600000000000002,4.260341153886584,22.87349239397216
459,0.1,0.4,0.5940584878604361,0.1891900426492645,230,2.3000000000000003,11.457793967232291,45.13763326765108,268,2.6800000000000006,12.61170656705544,52.59515528578474
460,0.1,0.4,1.250870215085284,0.7637119104567386,0,0.0,0.36753983585511185,0.0,96,0.9600000000000002,3.550928659678825,9.827293757960641
461,0.1,0.4,0.3970098917678859,0.4846288952991102,80,0.8000000000000002,5.08334672047995,4.096019610250991,141,1.4100000000000004,6.5285550149691645,7.2192345630673715
462,0.1,0.4,0.5835744373701307,0.3382164290319585,3,0.030000000000000006,2.113107789739616,0.32352126512624335,63,0.6300000000000001,3.5560778840117084,6.793946567651111
463,0.1,0.4,0.7495584900598028,0.1164593757798392,21,0.21000000000000005,4.721924465595332,8.447542429415979,82,0.8200000000000002,5.314300968703465,32.985641867243345
464,0.1,0.4,1.288054780692274,0.2857774816855881,24,0.24000000000000005,3.1190436069672063,6.760792206728467,74,0.7400000000000001,4.848336011057589,20.845775970746107
465,0.1,0.4,0.5353076673651901,0.0893536381377345,71,0.7100000000000002,27.158145132964076,26.5845669347164,119,1.1900000000000002,26.733956846660117,44.557231904665514
466,0.1,0.4,0.52194967828312,0.3141991993170593,143,1.4300000000000004,3.0751895298558773,14.847030991151557,172,1.7200000000000004,5.121670312593939,17.857967346000475
467,0.1,0.4,0.6030926414695958,0.3687305355363093,3,0.030000000000000006,2.079923892831986,0.30667346307806426,61,0.6100000000000001,3.555544079206395,6.235693749253974
468,0.1,0.4,0.5076484449631083,0.5192866290105677,0,0.0,0.5289071236579204,0.0,43,0.4300000000000001,3.1549098136762375,2.6272681013140233
469,0.1,0.4,0.5163798826645705,0.2523504399423759,0,0.0,1.0460214087518012,0.0,47,0.4700000000000001,3.154871281550761,6.01095011236577
470,0.1,0.4,0.3878263784797809,0.1862286410243915,62,0.6200000000000001,7.597915830252188,8.06979639835484,113,1.1300000000000001,9.136284364211289,14.70785472603382
471,0.1,0.4,0.5661082097867999,0.1440941889191893,0,0.0,1.5704065447970457,0.0,59,0.5900000000000001,3.2942555490075156,14.487218667503289
472,0.1,0.4,1.7293590607175489,0.2874490917196593,0,0.0,1.5988619893098301,0.0,56,0.56,3.2554917286861063,21.056795400886138
473,0.1,0.4,0.5660278756624847,0.2350243780855594,172,1.7200000000000004,54.0323698599188,25.890078777940943,216,2.1600000000000006,53.969376788589884,32.51312218625142
474,0.1,0.4,0.4846668848793277,0.3049049550930672,63,0.6300000000000001,3.7501214824389226,6.2589204515546575,132,1.3200000000000003,5.059848117048539,13.11392856516214
475,0.1,0.4,0.3719144571162417,0.4956861404036795,0,0.0,1.6117451304555526,0.0,68,0.6800000000000002,3.552135809195233,3.1887848255284688
476,0.1,0.4,0.6885832831447,0.0988146737041272,6,0.06000000000000001,2.370421241273349,2.6131618058308423,62,0.6200000000000001,3.85368287511645,27.00267199358537
477,0.1,0.4,0.3955229872324585,0.5199204899219787,33,0.33000000000000007,4.291632915173043,1.5690209887464959,84,0.8400000000000002,6.330813134844517,3.9938716077183534
478,0.1,0.4,0.8315813089303112,0.2042476098006315,0,0.0,1.39196133159737,0.0,60,0.6000000000000001,3.3851328105926237,15.26788936004002
479,0.1,0.4,0.3506433623525322,0.2721184602625857,23,0.23000000000000004,3.921965999603395,1.8523176740577356,84,0.8400000000000002,5.177743031989727,6.764986287863034
480,0.1,0.4,0.6952926257336478,0.3223002114023738,74,0.7400000000000001,6.213708926266347,9.977431848480744,133,1.3300000000000003,6.535074631626769,17.93241129524242
481,0.1,0.4,1.4425110843867732,0.3563552425140695,0,0.0,1.7003399579984069,0.0,48,0.4800000000000001,3.171642380187199,12.143874249273773
482,0.1,0.4,0.5178467469781565,0.4480362541444375,263,2.6300000000000003,8.231270960627153,18.998698932763872,315,3.150000000000001,9.37601630254464,22.75509567992631
483,0.1,0.4,0.4915968783964554,0.2907263022059854,16,0.16000000000000003,2.647056153751508,1.6909267399141243,75,0.7500000000000001,4.019061839146386,7.9262190933474574
484,0.1,0.4,0.3286554542205713,0.2726095869493473,0,0.0,1.7790824185848217,0.0,67,0.6700000000000002,4.03935401945835,5.048409081828652
485,0.1,0.4,0.9475928723288952,0.3615627408041795,14,0.14,2.578301580358288,2.2932223642392486,87,0.8700000000000002,4.666831643402121,14.250738977772476
486,0.1,0.4,0.953111525083168,0.4959289867595602,0,0.0,0.2672832105882804,0.0,39,0.39000000000000007,3.1579637404110956,4.684560500426197
487,0.1,0.4,0.3644395029184896,0.2158035424762135,85,0.8500000000000002,18.17948731961713,8.971515652797391,153,1.5300000000000002,18.97947548748762,16.148728175035302
488,0.1,0.4,0.7934406908103699,0.4388422248886613,0,0.0,0.488900515706462,0.0,41,0.4100000000000001,3.1549960115091533,4.6330814467942645
489,0.1,0.4,0.6004921462087116,0.167457666541971,0,0.0,1.8161887012750695,0.0,88,0.8800000000000001,4.070672774417442,19.72263720347575
490,0.1,0.4,0.3807528134024339,0.1002575204250267,60,0.6000000000000001,12.817628196349968,14.241555588110355,119,1.1900000000000002,11.777504542882987,28.24575191641887
491,0.1,0.4,0.6380560222210657,0.4727868403288776,158,1.5800000000000003,8.74039489606014,13.326942888364007,199,1.9900000000000004,8.541612145959107,16.785200220154668
492,0.1,0.4,0.3913014755538218,0.3844156815911423,124,1.2400000000000002,6.936070395459779,7.888820827989852,177,1.7700000000000002,8.4475658266608,11.26065553672745
493,0.1,0.4,0.4883785171472286,0.2013690767581427,0,0.0,1.1486993504751475,0.0,63,0.6300000000000001,3.5038325568784776,9.549581505887563
494,0.1,0.4,0.3768874804079874,0.2009876543813208,166,1.6600000000000004,16.106561087008984,19.454964143291544,210,2.1000000000000005,16.259647937643294,24.611701627055567
495,0.1,0.4,0.7027233123647887,0.1740120337621791,9,0.09000000000000002,2.4598280969595328,2.2715777447059913,64,0.6400000000000001,4.1466386833371445,16.153441740131495
496,0.1,0.4,1.350624802917891,0.515114845428751,0,0.0,1.5160300973841485,0.0,97,0.9700000000000002,3.761175196231482,15.8958005973879
497,0.1,0.4,1.0205724733648127,0.1039743086726721,53,0.5300000000000001,5.100647357361783,32.5142466555249,113,1.1300000000000001,7.488245173382875,69.32282777498703
498,0.1,0.4,0.4225299981336428,0.4896162994545777,0,0.0,1.5555460380699306,0.0,45,0.45000000000000007,3.245572212153399,2.4271365579019424
499,0.1,0.4,0.7168529506005541,0.2390587050386516,52,0.5200000000000001,5.134643378053814,9.745606582597013,106,1.0600000000000003,7.089289002756257,19.866044187601602
500,0.1,0.4,1.501272575871289,0.132972700936113,0,0.0,0.6543619480673857,0.0,45,0.45000000000000007,3.4462066730956975,31.753353056027844
501,0.1,0.4,0.4847142221942302,0.4430392889771514,0,0.0,1.5039713491028892,0.0,63,0.6300000000000001,3.336758437728765,4.307884870202134
502,0.1,0.4,0.6075440264425807,0.3732022657642058,18,0.18000000000000005,3.705137338720322,1.8314117904625464,84,0.8400000000000002,4.75961534330238,8.546588355491883
503,0.1,0.4,0.5969900659782905,0.5870441868008154,0,0.0,1.8937325921644887,0.0,72,0.7200000000000002,3.650434679109076,4.576240353460521
504,0.1,0.4,0.9194440014551908,0.4283007145778057,0,0.0,1.44376619756444,0.0,114,1.1400000000000001,3.9951862666251086,15.295418119546852
505,0.1,0.4,1.0474526926050918,0.2332048186715544,33,0.33000000000000007,4.51257139891511,9.263835931026229,89,0.8900000000000001,5.077006248869842,24.9842847836768
506,0.1,0.4,0.9431792878352058,0.2961085996961157,0,0.0,1.546024983419198,0.0,55,0.5500000000000002,3.906419237553162,10.949289568965026
507,0.1,0.4,1.0613733579989515,0.5179704348165746,1,0.010000000000000002,2.1229524090640175,0.1280687668948239,55,0.5500000000000002,4.634195015036843,7.043782179215316
508,0.1,0.4,0.7410028908004996,0.2073257027958039,12,0.12000000000000002,2.9446189150268123,2.680575348864187,70,0.7000000000000002,3.9904602111137857,15.636689535041091
509,0.1,0.4,0.4666883118255874,0.1937739574974301,15,0.15000000000000002,2.8285667159242265,2.25789005905136,86,0.8600000000000002,4.377013927607299,12.94523633856113
510,0.1,0.4,1.0227740197038504,0.2658307518106925,0,0.0,0.8001130226357458,0.0,54,0.5400000000000001,3.4636233001347327,12.985188105545777
511,0.1,0.4,0.8723489837584509,0.6524921728516182,18,0.18000000000000005,2.8491013587809753,1.5040680142402774,60,0.6000000000000001,4.610250062190845,5.013560047467592
512,0.1,0.4,1.3979412841778478,0.1707226513432526,49,0.4900000000000001,6.859796251422589,25.076901917291263,93,0.9300000000000002,7.35846561788888,47.59493629200178
513,0.1,0.4,0.5376679852777121,0.6672787701755577,0,0.0,1.3591898750020486,0.0,53,0.5300000000000001,3.8916712063807988,2.669087165419398
514,0.1,0.4,0.833999925660389,0.2538200786290104,0,0.0,0.9259993935700532,0.0,41,0.4100000000000001,3.1548885425614226,8.419841413052357
515,0.1,0.4,0.6337940870733741,0.4554493494478617,304,3.0400000000000005,18.233714821430873,26.440015051053766,342,3.420000000000001,19.36852735956312,29.745016932435487
516,0.1,0.4,0.6760871358121254,0.4261469165379463,0,0.0,0.6932441891408802,0.0,42,0.4200000000000001,3.1548718644998526,4.1645936240132295
517,0.1,0.4,0.8629267318279072,0.4520789027186445,8,0.08000000000000002,2.3500167035324058,0.954398365681928,69,0.6900000000000002,3.9320510583580663,8.23168590400663
518,0.1,0.4,0.6337206770138338,0.3257146698715839,0,0.0,0.4005974233887327,0.0,40,0.4000000000000001,3.1559790343203096,4.864078406905071
519,0.1,0.4,0.7767089285360781,0.3173169272014003,0,0.0,1.2766510420043877,0.0,88,0.8800000000000001,4.091845058051682,13.462562948106028
520,0.1,0.4,1.6620506091523892,0.1341736230263461,23,0.23000000000000004,5.1610197046045805,17.80676184161339,75,0.7500000000000001,6.373243435605666,58.06552774439149
521,0.1,0.4,0.747516109501847,0.2978212883475338,482,4.820000000000001,15.585611656037354,75.61219993268361,522,5.220000000000001,16.761576731854568,81.8870712963918
522,0.1,0.4,0.5392279748314966,0.1519374110425919,0,0.0,0.4774382134217607,0.0,40,0.4000000000000001,3.1549633863025055,8.872534603744457
523,0.1,0.4,0.913440586616812,0.3119921694967454,0,0.0,0.6432331698974504,0.0,43,0.4300000000000001,3.160566474510383,7.86837560856889
524,0.1,0.4,0.6149765182811574,0.5310016502371269,111,1.1100000000000003,6.643004947444314,8.034625869185724,168,1.6800000000000004,9.243450019728552,12.160514829037853
525,0.1,0.4,0.8520862941422601,0.2069527133512903,25,0.25000000000000006,3.40112631037185,6.43328040032668,86,0.8600000000000002,4.222926737657591,22.130484577123777
526,0.1,0.4,1.519185161882744,0.1886118040883841,47,0.4700000000000001,7.755929835805228,23.66027107688005,95,0.9500000000000002,7.487517795680303,47.82395217667244
527,0.1,0.4,0.5485839627180933,0.3317895487735797,0,0.0,1.6124758788158315,0.0,61,0.6100000000000001,3.7809166304212085,6.303623382935425
528,0.1,0.4,1.6547645444619064,0.2467874295499778,0,0.0,0.7942978276704056,0.0,47,0.4700000000000001,3.195306106889955,19.69659013111305
529,0.1,0.4,1.2016274222848833,0.2315676311324015,0,0.0,0.9430450831750264,0.0,56,0.56,3.425003577868181,18.161847393915064
530,0.1,0.4,0.8718523664386844,0.2247115215313891,2,0.020000000000000004,2.1005200313278913,0.484984236954723,46,0.4600000000000001,4.212233995067527,11.154637449958628
531,0.1,0.4,0.6367691956207714,0.1397714907646748,0,0.0,1.8762118094131068,0.0,87,0.8700000000000002,4.2119286969152965,24.772093953104086
532,0.1,0.4,0.6499893904032465,0.2583243560802796,19,0.19000000000000003,3.5125210130316025,2.987958289399484,67,0.6700000000000002,4.550632596713787,10.536484494198179
533,0.1,0.4,0.5506600521974642,0.3632980601697685,24,0.24000000000000005,2.8871718086557676,2.273587912663813,105,1.0500000000000003,4.493123593687956,9.94694711790418
534,0.1,0.4,0.4223040046530155,0.6134670338507175,0,0.0,1.276589252889388,0.0,47,0.4700000000000001,3.754972379248024,2.022142911056739
535,0.1,0.4,0.518424710609351,0.2417861707469101,0,0.0,0.687484967298387,0.0,45,0.45000000000000007,3.2377849084493424,6.030408993552552
536,0.1,0.4,1.219185605485679,0.3634539737664958,0,0.0,1.3288660062905517,0.0,89,0.8900000000000001,3.8070940926210177,18.6590886879973
537,0.1,0.4,0.3710781021236183,0.2293618570784956,167,1.6700000000000004,30.673878257362574,16.88653789365573,208,2.0800000000000005,29.586152915197548,21.032334622038277
538,0.1,0.4,0.9319678685594964,0.4392562173876175,0,0.0,0.39666868944864525,0.0,65,0.6500000000000001,3.368783335355531,8.619387310076316
539,0.1,0.4,1.886216150329912,0.3857408307906975,0,0.0,0.7392420387590084,0.0,42,0.4200000000000001,3.6013351365309583,12.835865429300632
540,0.1,0.4,0.4674896414218624,0.2964499680806502,0,0.0,1.2289367581186648,0.0,57,0.5700000000000001,3.1901158791073696,5.617918795364141
541,0.1,0.4,1.3434323520947264,0.1837755084380146,0,0.0,0.7363632571568626,0.0,43,0.4300000000000001,3.154896423425117,19.64611322227602
542,0.1,0.4,0.5150017455271759,0.8896313926343419,0,0.0,1.3279638576207389,0.0,59,0.5900000000000001,3.3902555075988388,2.1346694286585506
543,0.1,0.4,1.0513439871983092,0.1038917503129344,0,0.0,1.8519285804937127,0.0,51,0.5100000000000001,3.463530545895036,32.25625662384663
544,0.1,0.4,0.6174472932714163,0.3073719338929203,0,0.0,0.4300691137706799,0.0,43,0.4300000000000001,3.1548861916818596,5.398637343528626
545,0.1,0.4,0.7493433850730041,0.6688468112932004,0,0.0,1.6962329293569973,0.0,59,0.5900000000000001,4.717908901800125,4.131295366593899
546,0.1,0.4,0.8608329366551699,0.4557769802266204,0,0.0,0.7927986500841429,0.0,53,0.5300000000000001,3.158643092976539,6.256369291078346
547,0.1,0.4,0.6457565318633792,0.4226143740114939,84,0.8400000000000002,4.355322116806049,8.02202196792894,127,1.2700000000000002,6.223334698850282,12.128533213416373
548,0.1,0.4,0.9853281849759776,0.1329019041191819,3,0.030000000000000006,2.092391499312336,1.3901157843255516,80,0.8000000000000002,3.704204870495969,37.06975424868138
549,0.1,0.4,0.76975689013838,0.5334670624273457,109,1.0900000000000003,7.166393952922318,9.82997673784575,186,1.8600000000000003,9.816747853685273,16.774088745314764
550,0.1,0.4,1.1238932089123912,0.2952457797677676,5,0.05000000000000001,2.1520792365852826,1.189573744496466,74,0.7400000000000001,3.804199826841698,17.605691418547696
551,0.1,0.4,0.8722864478281757,0.1036904429874384,162,1.6200000000000003,207.56665813243907,85.17564425228872,208,2.0800000000000005,207.0429582737584,109.36132101528428
552,0.1,0.4,1.309519969052362,0.2038167899856132,0,0.0,1.1280626952913742,0.0,51,0.5100000000000001,3.1548755312013816,20.479642043469727
553,0.1,0.4,1.1080961600234855,0.1680932234256195,0,0.0,1.0411868077768944,0.0,55,0.5500000000000002,3.3313385216607663,22.66052415709806
554,0.1,0.4,0.6611469628058984,0.5490369745768288,84,0.8400000000000002,4.787974657538984,6.322017852087763,179,1.7900000000000003,5.861585779092296,13.471918994329876
555,0.1,0.4,0.4211369484628437,0.3369566187046463,0,0.0,0.20374395025088554,0.0,46,0.4600000000000001,3.157150421138776,3.5932480907637396
556,0.1,0.4,0.5258565885372093,0.2928338670902959,26,0.26000000000000006,3.0304695402195074,2.918094702855777,88,0.8800000000000001,4.3043703127281905,9.876628225050322
557,0.1,0.4,0.3516315360648424,0.1212267207228602,84,0.8400000000000002,16.650408691034652,15.228206729775067,130,1.3000000000000003,15.937943660096174,23.567462796080463
558,0.1,0.4,0.7689292949433593,0.3994803154599196,0,0.0,1.1823242041551616,0.0,67,0.6700000000000002,3.404956382177237,8.060200460361289
559,0.1,0.4,0.7325697974025485,0.1720764570934382,219,2.1900000000000004,4.834303288399397,58.27089464366793,260,2.6000000000000005,6.3281583993282835,69.18005756782495
560,0.1,0.4,0.5427627178143591,0.3066492741659306,0,0.0,0.8580553055288009,0.0,60,0.6000000000000001,3.2304059807061636,6.63742054286584
561,0.1,0.4,0.4229224688669533,0.4649052427723836,0,0.0,0.6880150661717086,0.0,53,0.5300000000000001,3.4366652335310257,3.0133682076105877
562,0.1,0.4,0.5024526780871678,0.8204289023879173,0,0.0,0.9381116956094652,0.0,59,0.5900000000000001,3.3984036138246885,2.258323963299855
563,0.1,0.4,0.7837462491042682,0.349601328951189,0,0.0,0.866627939211138,0.0,81,0.8100000000000002,3.734343304256977,11.349257160988442
564,0.1,0.4,1.5783582670190988,0.2118040055610667,0,0.0,1.766711734556352,0.0,83,0.8300000000000002,4.400859333289528,38.65712307221174
565,0.1,0.4,1.00077056164227,0.2265042280466752,0,0.0,1.3688312011610078,0.0,76,0.7600000000000001,3.46395028933402,20.98707034652442
566,0.1,0.4,1.6972669418885884,0.3618499311791117,32,0.32000000000000006,2.751833747225468,9.381054385490321,118,1.1800000000000002,4.475471255931343,34.59263804649556
567,0.1,0.4,0.7015134476884382,0.2002944617841181,7,0.07,2.216434802177492,1.5323046410264127,85,0.8500000000000002,4.13720987582753,18.60655635532073
568,0.1,0.4,0.9723681137613268,0.266264894856165,20,0.20000000000000004,3.3657451221893515,4.56485314317625,71,0.7100000000000002,3.9993768170953454,16.205228658275686
569,0.1,0.4,0.9480841627026326,0.4388260905022177,0,0.0,0.04935308457809278,0.0,38,0.38000000000000006,3.1909468891821677,5.131189633327813
570,0.1,0.4,0.7729564167875237,0.2368077639978905,170,1.7000000000000004,2.453108913789795,34.68071227783139,222,2.2200000000000006,4.915563860965091,45.288930151050415
571,0.1,0.4,0.7509699316768398,0.4090516577836508,0,0.0,0.19832815640523027,0.0,48,0.4800000000000001,3.170437718351704,5.507641277479171
572,0.1,0.4,1.2097957177881014,0.6385770737522873,0,0.0,1.6098732442093644,0.0,65,0.6500000000000001,3.18902720177027,7.696479102569031
573,0.1,0.4,0.7035141898632437,0.1337259990826362,86,0.8600000000000002,3.984885853124407,28.277139796713875,148,1.4800000000000002,5.790378408596447,48.66298476643783
574,0.1,0.4,0.726968349964981,0.0886208784876582,86,0.8600000000000002,7.765699050100592,44.091809376567454,150,1.5000000000000002,9.508173112281504,76.9043186800595
575,0.1,0.4,0.7043413490852651,0.2044653059335719,312,3.1200000000000006,14.99881442067168,67.17352973137105,361,3.6100000000000008,16.296230879616488,77.72321869559279
576,0.1,0.4,0.5066108229340881,0.2477475642533315,0,0.0,0.8480587128456337,0.0,41,0.4100000000000001,3.783654198904597,5.239971733652045
577,0.1,0.4,0.8949680999977081,0.2424343129723539,0,0.0,0.9089057063546864,0.0,66,0.6600000000000001,3.80312671103155,15.227808997943024
578,0.1,0.4,0.8490750641354715,0.2468162878418638,57,0.5700000000000001,3.9188752164379097,12.255390203099715,113,1.1300000000000001,6.131957464890077,24.295773560531014
579,0.1,0.4,0.8661234638268199,0.1337403396419283,34,0.3400000000000001,4.171431300071325,13.76183405515281,103,1.0300000000000002,5.1508048632480605,41.69026199060998
580,0.1,0.4,1.0839747017971662,0.304553043579805,0,0.0,1.8752533667954263,0.0,60,0.6000000000000001,4.771778763554538,13.347117086597779
581,0.1,0.4,0.4144593179673333,0.2079686492521817,70,0.7000000000000002,20.436263902683706,8.718907982656242,131,1.3100000000000003,20.638922983125106,16.31681351039954
582,0.1,0.4,0.3156772068812191,0.4597771823867911,31,0.31000000000000005,4.018571663460147,1.3302630312302626,79,0.7900000000000001,6.061666797540811,3.390025144102927
583,0.1,0.4,1.5559203298023043,0.1384762744499612,0,0.0,0.5113764787206461,0.0,41,0.4100000000000001,3.169229560097133,28.79226684105468
584,0.1,0.4,0.8268878980872587,0.2923709432838322,0,0.0,1.5901609170006406,0.0,66,0.6600000000000001,3.4149973309502073,11.66638702635592
585,0.1,0.4,0.9293496566794632,0.3773707799597396,0,0.0,0.6440474845382984,0.0,47,0.4700000000000001,3.238253878405333,7.234170639250802
586,0.1,0.4,1.419572496943836,0.281259064125077,165,1.6500000000000004,6.3252131095939985,52.04931410929795,240,2.4000000000000004,8.081417205310451,75.70809324988794
587,0.1,0.4,0.8549159573690629,0.5415625351788784,82,0.8200000000000002,3.987587833754885,8.090375528043596,152,1.5200000000000002,5.104712357456743,14.99679366173935
588,0.1,0.4,1.2074626073672488,0.4236662998905504,272,2.7200000000000006,6.1479172110196165,48.45054782631076,400,4.000000000000001,7.962258443460224,71.25080562692759
589,0.1,0.4,0.8333246784642157,0.3357590300032186,0,0.0,1.2779520674795073,0.0,71,0.7100000000000002,3.2995929094314387,11.013488633945329
590,0.1,0.4,0.4483714005748443,0.34700197763939,0,0.0,1.5939112499366264,0.0,58,0.5800000000000001,3.1566231292469293,4.683968483813358
591,0.1,0.4,0.457907036174228,0.7984453480698057,41,0.4100000000000001,6.9921289049358775,1.4695893501453194,105,1.0500000000000003,8.87630215431204,3.7635824820794768
592,0.1,0.4,1.6160767170689605,0.0786242185345964,14,0.14,3.434725524491308,17.98513427275744,51,0.5100000000000001,5.0198252280653355,65.51727485075925
593,0.1,0.4,0.5355879903816477,0.2796534221086436,4,0.04000000000000001,2.1059693394151062,0.4787962063392659,70,0.7000000000000002,4.45006673707834,8.378933610937153
594,0.1,0.4,0.8154780038675308,0.3493921807490995,45,0.45000000000000007,5.6187416605602865,6.564348065718244,119,1.1900000000000002,6.931471451920435,17.359053773788247
595,0.1,0.4,1.1060655734383558,0.2713574623516399,0,0.0,1.4713344119406717,0.0,58,0.5800000000000001,3.157497751028464,14.77566774455727
596,0.1,0.4,0.9147106588189384,0.3927203861131799,22,0.22000000000000003,3.2785507073435713,3.2026021575400727,62,0.6200000000000001,4.87598610230568,9.025515171249296
597,0.1,0.4,0.7346815828432298,0.2815219669365412,29,0.29000000000000004,2.53219550574789,4.730040726106168,77,0.7700000000000001,4.885442949327946,12.559073652075
598,0.1,0.4,1.023984500536678,0.6886737886622548,36,0.3600000000000001,4.1602408925180585,3.345510115439366,110,1.1000000000000003,7.225305141762205,10.222392019398065
599,0.1,0.4,1.000951354285054,0.1529995554413471,59,0.5900000000000001,3.7979151671955242,24.124306167288815,127,1.2700000000000002,6.079509227242968,51.928591241452196
600,0.1,0.4,0.4308858588591699,0.2930023846553929,55,0.5500000000000002,5.736911179917031,5.055147047934222,106,1.0600000000000003,5.995104213078371,9.742647037836862
601,0.1,0.4,0.9436829690918028,0.17348885713237,9,0.09000000000000002,3.228312310248445,3.0596873994571783,57,0.5700000000000001,4.366467767075166,19.378020196562126
602,0.1,0.4,1.984643376757008,0.127398507177561,37,0.37000000000000005,7.856587785407134,36.024659239954886,81,0.8100000000000002,7.841159021049938,78.86479455233366
603,0.1,0.4,1.089629702308809,0.4182166296946083,29,0.29000000000000004,3.506373062226025,4.722322584056196,71,0.7100000000000002,4.655935397906476,11.56154839544793
604,0.1,0.4,0.8460166825382751,0.1034858774830243,36,0.3600000000000001,2.74261463768668,18.394176886825676,95,0.9500000000000002,3.960025077626545,48.54018900690109
605,0.1,0.4,0.4313130175328939,0.4030516651507911,17,0.17000000000000004,3.5422481571878603,1.1370008382355898,75,0.7500000000000001,4.8631493640185015,5.016180168686426
606,0.1,0.4,0.4565081733493903,0.281253087970995,102,1.0200000000000002,3.4512912408044296,10.347404987078718,144,1.4400000000000004,5.40414342398661,14.608101158228777
607,0.1,0.4,0.798576203283999,0.2020536444412473,0,0.0,1.7857126655728146,0.0,57,0.5700000000000001,3.450968457070201,14.080061421641359
608,0.1,0.4,0.5227484364915728,0.222332570222334,22,0.22000000000000003,2.672039376701582,3.232900602269514,103,1.0300000000000002,4.314666478244982,15.13585281971636
609,0.1,0.4,1.429907377461907,0.1316524008697761,0,0.0,0.08189761089615387,0.0,46,0.4600000000000001,3.2527509880151007,31.22604436412338
610,0.1,0.4,1.5054444980456785,0.1943966372552116,0,0.0,0.6095730366403238,0.0,59,0.5900000000000001,3.564939323235805,28.556700696707207
611,0.1,0.4,0.5927996166171364,0.2039452811925131,8,0.08000000000000002,2.354407345959289,1.4533300627278702,72,0.7200000000000002,3.955420781944708,13.079970564550832
612,0.1,0.4,0.8792105253916775,0.468758845849992,0,0.0,0.9489838897781873,0.0,44,0.44000000000000006,3.235950185423689,5.157937746098225
613,0.1,0.4,0.4992167846451059,0.3213134031377786,0,0.0,0.13926494748241836,0.0,45,0.45000000000000007,3.2090970926903917,4.369712539542919
614,0.1,0.4,0.895059107418636,0.1688123220564076,163,1.6300000000000003,27.939489746220083,54.01510118307888,204,2.0400000000000005,27.55194298531043,67.60172172606191
615,0.1,0.4,0.5677861853497578,0.2342299030677652,4,0.04000000000000001,2.369575010506186,0.6060137688584228,72,0.7200000000000002,4.566643165509376,10.908247839451612
616,0.1,0.4,0.3715745564830134,0.5095397299042295,0,0.0,0.6052801117712873,0.0,45,0.45000000000000007,3.154872646297284,2.0509753779256785
617,0.1,0.4,0.9254717740133436,0.2128126465727707,0,0.0,1.5164411815564633,0.0,54,0.5400000000000001,3.99810374076582,14.67707529414599
618,0.1,0.4,1.0685213552494048,1.0330712753804538,9,0.09000000000000002,2.9169164315469627,0.581802317663359,49,0.4900000000000001,3.1630385199076128,3.167590396167177
619,0.1,0.4,0.5191060973344159,0.0835657327214375,240,2.4000000000000004,40.121120453868876,93.17923994004194,281,2.8100000000000005,39.65645017298112,109.09736009646578
620,0.1,0.4,2.025301318211718,0.1914684371142015,0,0.0,0.693753349103169,0.0,40,0.4000000000000001,3.1560259675321047,26.444323523199355
621,0.1,0.4,1.0833586450604586,0.5466470098161079,0,0.0,1.5720550717750674,0.0,64,0.6400000000000001,3.1762280924333273,7.927299523141272
622,0.1,0.4,0.6200406960658195,0.2495654116767622,0,0.0,0.7201663544407816,0.0,56,0.56,3.188859992191534,8.695685919173537
623,0.1,0.4,1.0589068411411648,0.108961876279036,0,0.0,1.1430570122968666,0.0,59,0.5900000000000001,3.8413039185550297,35.8356437136656
624,0.1,0.4,0.3584449342242,0.2951700735869169,48,0.4800000000000001,3.4463164041516583,3.643102397221692,105,1.0500000000000003,5.373167442473357,7.969286493922451
625,0.1,0.4,0.6729146132852841,0.3479550730072398,0,0.0,0.8052537711374633,0.0,54,0.5400000000000001,3.155575598427178,6.526954184658719
626,0.1,0.4,0.8009989177027562,0.0901307969278027,0,0.0,1.9128021331410272,0.0,56,0.56,3.2627956919209877,31.10475339750214
627,0.1,0.4,1.0169470395922071,1.473932830197939,0,0.0,1.808825472852512,0.0,120,1.2000000000000002,4.526727207913808,5.174661043351132
628,0.1,0.4,0.4326246908955024,0.0775749349071699,54,0.5400000000000001,12.803689193767136,18.821908565177143,103,1.0300000000000002,13.115774764637196,35.90104781876381
629,0.1,0.4,1.0776467786088857,0.239243110448533,9,0.09000000000000002,2.547487006236438,2.533725263105963,67,0.6700000000000002,4.060262239088804,18.862176958677722
630,0.1,0.4,1.6479281292863548,0.2433912216714409,0,0.0,0.27162603814123415,0.0,40,0.4000000000000001,3.1692159649009706,16.926741625781897
631,0.1,0.4,0.4076863238615848,0.288244965632172,32,0.32000000000000006,3.7124102688467833,2.8287489633510643,90,0.9000000000000001,5.751943987358072,7.955856459424869
632,0.1,0.4,0.8402993611373283,0.4052485599275933,25,0.25000000000000006,2.8007386573245063,3.2399072608960444,102,1.0200000000000002,4.031360532346986,13.218821624455861
633,0.1,0.4,1.0839624805577526,0.172450039112594,465,4.650000000000001,66.83948654342356,182.67702201355462,525,5.250000000000001,66.0340501240223,206.24825066046486
634,0.1,0.4,0.7513064167220079,0.3614696089765192,0,0.0,0.7032344147713938,0.0,43,0.4300000000000001,3.2377365057033467,5.585908039841761
635,0.1,0.4,0.3801066012285094,0.1879374043545372,40,0.4000000000000001,4.2975296710230495,5.056292579622042,90,0.9000000000000001,5.3774688932437185,11.376658304149593
636,0.1,0.4,0.4512403229319007,0.2082865230480947,69,0.6900000000000002,11.615487160918237,9.342773906665503,128,1.2800000000000002,12.438727018802096,17.33152260946644
637,0.1,0.4,1.1206805148440628,0.3279078205944137,13,0.13000000000000003,2.4754046099604996,2.7768563636579318,67,0.6700000000000002,3.5965316355350994,14.311490489621647
638,0.1,0.4,0.4358609865002536,0.4096776415291546,0,0.0,1.7639222186000858,0.0,75,0.7500000000000001,4.1011795583196315,4.987087815175635
639,0.1,0.4,1.9681888480346104,0.1207666530030539,0,0.0,1.5081842601191557,0.0,50,0.5000000000000001,3.366090183169369,50.92954054090265
640,0.1,0.4,0.7649665666437196,0.3754622989574706,0,0.0,0.7344959029127945,0.0,48,0.4800000000000001,3.1581334778270724,6.112197433146563
641,0.1,0.4,0.6148963859542685,0.2987131204404412,34,0.3400000000000001,4.932235299565334,4.374279972122442,104,1.0400000000000003,5.016849542278216,13.380150502962763
642,0.1,0.4,0.4127031606929167,0.1527194879733238,44,0.44000000000000006,4.834468060707745,7.431492253979825,107,1.0700000000000003,6.119807844761854,18.072037981269123
643,0.1,0.4,0.5661807258356264,0.8228840095947657,0,0.0,1.3613579612077187,0.0,47,0.4700000000000001,3.154871281550761,2.0211303935304126
644,0.1,0.4,0.642623674197446,0.1212693127120644,0,0.0,0.19625324014296625,0.0,43,0.4300000000000001,3.154871289484626,14.241452233725916
645,0.1,0.4,2.256074090499393,0.3622118190537008,13,0.13000000000000003,3.1147979892222537,5.060740986640722,72,0.7200000000000002,4.756055323291969,28.02871931062554
646,0.1,0.4,0.724845574137836,0.2755476801539921,80,0.8000000000000002,7.038793686638212,13.15281576191732,150,1.5000000000000002,8.518031249726052,24.661529553594974
647,0.1,0.4,0.4804438951677124,0.2899961649014859,0,0.0,0.8488875219648245,0.0,49,0.4900000000000001,3.375812001510227,5.073720300580362
648,0.1,0.4,0.7638551350446269,0.3526196509577609,35,0.3500000000000001,4.621359900011093,4.73862730954344,90,0.9000000000000001,5.894886123344485,12.185041653111703
649,0.1,0.4,1.1396844873634693,0.3191428962193495,14,0.14,2.8977420856596416,3.124694104917928,99,0.9900000000000002,4.42487542143496,22.096051170491066
650,0.1,0.4,0.4833785868658213,0.1580086218286401,22,0.22000000000000003,3.087382472931468,4.206387912561572,87,0.8700000000000002,4.495022122734678,16.63435219967531
651,0.1,0.4,0.945593782952942,0.2344537212330244,0,0.0,1.7975022436564179,0.0,52,0.5200000000000001,3.2989500888532453,13.107831167851744
652,0.1,0.4,0.6239766202241621,0.2124300804882658,53,0.5300000000000001,3.367281917667429,9.729895830862379,116,1.1600000000000001,5.575514559829459,21.29562106377426
653,0.1,0.4,0.5183781679606493,0.5327364104041475,0,0.0,1.287938962924504,0.0,44,0.44000000000000006,3.5137713012827656,2.6758823576754107
654,0.1,0.4,0.5239392570999121,0.2523736301422126,9,0.09000000000000002,2.702978747213433,1.1677758565846523,58,0.5800000000000001,3.7218369019751685,7.525666631323315
655,0.1,0.4,1.5846446074417588,0.324991460993339,0,0.0,0.276789439545202,0.0,38,0.38000000000000006,3.209453917206888,11.58039947009966
656,0.1,0.4,0.6453306166110115,0.2180216050396004,0,0.0,1.9994041980778956,0.0,71,0.7100000000000002,3.5378223478296875,13.134728600366111
657,0.1,0.4,0.5343667609078101,0.2099671737430669,69,0.6900000000000002,11.614405945185208,10.975318738322658,123,1.2300000000000002,14.186833079793542,19.564698620488215
658,0.1,0.4,1.1784810069541902,0.2219505208502347,0,0.0,0.7222583631759527,0.0,47,0.4700000000000001,3.228797161065956,15.597115720507096
659,0.1,0.4,0.8597066967426412,0.4395193986682359,7,0.07,2.4041525971668403,0.8557567219207425,67,0.6700000000000002,4.056285834780761,8.19081433838425
660,0.1,0.4,1.5060416398531555,0.4013357405168118,0,0.0,0.6853657668639251,0.0,55,0.5500000000000002,3.1606603753820393,12.89946948240549
661,0.1,0.4,1.330079676771409,0.2841306243523405,1,0.010000000000000002,2.0375576239696462,0.2925766273442122,58,0.5800000000000001,3.446612974937585,16.969444385964305
662,0.1,0.4,0.7592773870583094,0.762285370081931,0,0.0,1.2335764300415877,0.0,52,0.5200000000000001,3.2365090643289056,3.237175478881722
663,0.1,0.4,0.5345261392523749,0.1969333588761425,59,0.5900000000000001,12.080578572166443,10.008792566894655,121,1.2100000000000002,12.979650462991003,20.52650678973311
664,0.1,0.4,0.7957666542494177,0.2717505606898603,0,0.0,1.6648529144395807,0.0,53,0.5300000000000001,3.1838201192337903,9.69998750144088
665,0.1,0.4,1.487307391122743,0.3922131284896081,0,0.0,1.8836041103795826,0.0,52,0.5200000000000001,3.301770813622656,12.324291743530935
666,0.1,0.4,1.478980810333815,1.0927983699748904,0,0.0,1.2508627309782103,0.0,56,0.56,3.3169216923129463,4.7368599536685725
667,0.1,0.4,0.8043804723635555,0.171263154096781,0,0.0,1.5202691395276333,0.0,79,0.7900000000000001,4.183420060915031,23.190210429329614
668,0.1,0.4,0.5719952705398895,0.1515971674183824,0,0.0,0.8837954202005192,0.0,53,0.5300000000000001,3.345389879826625,12.498481112343212
669,0.1,0.4,0.4836846497974704,0.323683404528242,54,0.5400000000000001,4.850003896292854,5.043309821353629,123,1.2300000000000002,6.954621051559312,11.48753903752771
670,0.1,0.4,0.9159603960487064,0.838550051740149,96,0.9600000000000002,6.414231400608685,6.553887111314941,183,1.8300000000000003,7.498827309867178,12.493347305944106
671,0.1,0.4,1.2209089703811355,0.2836507127455627,0,0.0,1.5665133475212885,0.0,78,0.7800000000000001,3.1563489232934336,20.983311386729962
672,0.1,0.4,0.4986434786641455,0.2220027547090504,119,1.1900000000000002,6.028229745579112,16.70547231463426,173,1.7300000000000004,7.844543775701306,24.28610681035065
673,0.1,0.4,1.529160219628276,0.3028083362341616,0,0.0,0.9578254249460312,0.0,60,0.6000000000000001,3.491292621771192,18.937229056903053
674,0.1,0.4,0.472363099899407,0.2052964571601166,62,0.6200000000000001,4.7430723762769915,8.915921090068375,131,1.3100000000000003,7.011522019923003,18.838478432241242
675,0.1,0.4,1.236717189760658,0.1319894911506032,65,0.6500000000000001,5.301621934405466,38.064875768556306,113,1.1300000000000001,6.490930566782331,66.17432248995172
676,0.1,0.4,0.7144255746217161,0.6669874335004876,26,0.26000000000000006,2.767901757487616,1.7405748601100743,86,0.8600000000000002,4.593816517099673,5.757286075748707
677,0.1,0.4,0.5134829792248111,0.3775501081177893,0,0.0,1.8192905903062837,0.0,45,0.45000000000000007,3.765501651831501,3.825110490020637
678,0.1,0.4,1.6851051362853482,0.3217078548602914,0,0.0,0.7611284161522309,0.0,47,0.4700000000000001,3.154994077549732,15.386619453192566
679,0.1,0.4,0.8840057485523679,0.4450830532200237,135,1.3500000000000003,6.607824333050319,16.758217257315792,234,2.3400000000000003,7.973359635450884,29.047576579347368
680,0.1,0.4,0.3614758445849165,0.1287561351811928,171,1.7100000000000004,46.86422746550638,30.00457479998667,216,2.1600000000000006,46.86715718185584,37.900515536825274
681,0.1,0.4,0.6053184213483214,0.3389224563607654,0,0.0,1.819212775205672,0.0,63,0.6300000000000001,3.17195168185289,7.032408857328608
682,0.1,0.4,1.0901725493350838,0.6411826157924322,259,2.5900000000000003,5.3505631539286265,27.52284249090516,393,3.9300000000000006,6.655320489779015,41.762459841412074
683,0.1,0.4,0.6887984115703013,0.5913161575000613,0,0.0,1.1346888258485723,0.0,62,0.6200000000000001,3.1637540671276048,4.513818557096744
684,0.1,0.4,0.8917015861097748,0.6672747049808577,22,0.22000000000000003,2.750932443431244,1.8374586534583435,93,0.9300000000000002,4.843663306796152,7.767438853255725
685,0.1,0.4,0.5895244530405789,0.4579760474034908,0,0.0,1.9228276973861327,0.0,82,0.8200000000000002,4.1236068906516286,6.597097902744898
686,0.1,0.4,0.6973075568195561,0.1372075372898357,125,1.2500000000000002,8.131012491281954,39.704198437328465,189,1.8900000000000003,9.631829487092595,60.032748037240644
687,0.1,0.4,0.5465595156136767,0.8832616796916681,0,0.0,1.0609653566787949,0.0,96,0.9600000000000002,3.767660714505791,3.7127808995708147
688,0.1,0.4,0.5461516247063112,0.6789539170300007,114,1.1400000000000001,3.1830575112913935,5.731361478927179,195,1.9500000000000004,5.220089819903813,9.803644635007018
689,0.1,0.4,0.8634066636196829,0.4717236468023467,0,0.0,0.5585827656081184,0.0,45,0.45000000000000007,3.576939760257382,5.147783576022074
690,0.1,0.4,0.71192188605563,0.8267205440906432,27,0.2700000000000001,2.4783201259226084,1.4531732534121657,91,0.9100000000000001,4.437772561376856,4.8977320763150765
691,0.1,0.4,0.5479371001256803,0.2056040542688143,0,0.0,0.3960457936827866,0.0,64,0.6400000000000001,3.3470886818566328,10.66004465863863
692,0.1,0.4,0.9165194088640464,0.2583365229260003,46,0.4600000000000001,35.741719111797444,10.199848130799992,103,1.0300000000000002,34.656848506948684,22.838790379834766
693,0.1,0.4,1.1886840716569005,0.2478293794002369,67,0.6700000000000002,5.892430475992885,20.084844509191846,134,1.3400000000000003,6.495005218756252,40.16968901838369
694,0.1,0.4,0.4711180363214283,0.4742658776482899,0,0.0,0.89486760210557,0.0,50,0.5000000000000001,3.1548769006579596,3.1042584611078903
695,0.1,0.4,0.951948388253884,0.0817276239418113,0,0.0,1.4490603833169575,0.0,51,0.5100000000000001,3.3190494650079576,37.127415936130134
696,0.1,0.4,0.9943423612000684,0.7251742689644104,630,6.300000000000002,12.06903006696702,53.990098860187466,708,7.080000000000001,13.650449705430884,60.67458729049639
697,0.1,0.4,0.6114890319027697,0.6617396742072417,8,0.08000000000000002,2.326939794922828,0.46203141185038377,77,0.7700000000000001,4.106070089347533,4.447052339059944
698,0.1,0.4,0.5510193019320104,0.2352741649459685,0,0.0,1.4008975185815418,0.0,59,0.5900000000000001,3.1548715399270386,8.636237966633171
699,0.1,0.4,0.5612447296609865,0.8100842147812003,0,0.0,0.9849817823874256,0.0,61,0.6100000000000001,3.1548733023190842,2.6413865284493236
700,0.1,0.4,0.3870406724700012,0.656067358006157,0,0.0,1.7932937096298365,0.0,67,0.6700000000000002,3.365639415025772,2.470375634742248
701,0.1,0.4,0.90162017836431,0.2998058216967899,28,0.28,2.563552804274184,5.262857482912036,112,1.12,4.302985447615139,21.051429931648144
702,0.1,0.4,2.0036586940338155,0.2693561082420038,0,0.0,1.4924682548771442,0.0,44,0.44000000000000006,3.234846541514779,20.456418993262485
703,0.1,0.4,0.5179984640415733,0.2065690679036953,16,0.16000000000000003,2.3944419082940835,2.5076284135777276,97,0.9700000000000002,3.9544750784040557,15.202497257314974
704,0.1,0.4,0.6423724129203335,0.3207900302829088,0,0.0,1.7590366115708709,0.0,90,0.9000000000000001,3.6945513479884378,11.263893767179177
705,0.1,0.4,0.4162887928491789,0.317316452109347,93,0.9300000000000002,5.423031500042797,7.625443283356871,155,1.5500000000000003,5.641229685480548,12.709072138928118
706,0.1,0.4,0.5328136225386925,0.3020102373502293,0,0.0,0.8949076088643022,0.0,50,0.5000000000000001,3.1608362025691696,5.513199105573795
707,0.1,0.4,0.4024203223009337,0.5095103818226923,0,0.0,1.1123490973963195,0.0,58,0.5800000000000001,3.230217966914501,2.863089193830269
708,0.1,0.4,1.1117859509751629,0.2836394053829719,0,0.0,1.4665805862113133,0.0,48,0.4800000000000001,3.1548713764759118,11.759148375106996
709,0.1,0.4,0.5689044174238375,0.7345219460265463,78,0.7800000000000001,9.628188377549277,3.775801458273888,148,1.4800000000000002,11.768127108724906,7.164341228519685
710,0.1,0.4,0.6295664318690096,0.233271585989894,3,0.030000000000000006,2.243778076866606,0.5060355099594226,60,0.6000000000000001,3.4470881426117312,10.120710199188451
711,0.1,0.4,0.6408369288250196,0.1699546194804971,0,0.0,1.1260634547050206,0.0,64,0.6400000000000001,3.5255243349872756,15.082542169995161
712,0.1,0.4,0.7227176184237433,0.6776404175617764,0,0.0,1.8972783409220806,0.0,53,0.5300000000000001,3.8145087862911184,3.5328502388368865
713,0.1,0.4,1.042774937346518,0.4196084557418533,0,0.0,1.876218128865776,0.0,46,0.4600000000000001,3.482477348779539,7.144703362974223
714,0.1,0.4,0.5892086658136093,0.3768587445853386,5,0.05000000000000001,2.1992278604782185,0.48858547323706253,75,0.7500000000000001,3.635533740038251,7.328782098555938
715,0.1,0.4,0.8238896666997813,0.3176138682442165,0,0.0,0.5958502006610549,0.0,43,0.4300000000000001,3.157928333487594,6.971369013248309
716,0.1,0.4,0.4758191603809594,0.5886002563585567,0,0.0,1.3146290960398885,0.0,53,0.5300000000000001,4.002789881381018,2.677795246833509
717,0.1,0.4,0.7730574117971427,0.392798820263285,0,0.0,0.7642150446744871,0.0,42,0.4200000000000001,3.1548713063773035,5.166196030342753
718,0.1,0.4,0.5168647666552828,0.2360330294701142,0,0.0,1.5388481890429486,0.0,49,0.4900000000000001,3.185323853632483,6.706257812456817
719,0.1,0.4,0.6852785498452137,0.1300316372288224,28,0.28,3.52543030202653,9.222659098868169,94,0.9400000000000002,4.8936113341713074,30.961784117628856
720,0.1,0.4,0.4265125489329807,0.3961158995641037,21,0.21000000000000005,3.119921302448098,1.4132169930329814,88,0.8800000000000001,4.795288078258631,5.922052161281066
721,0.1,0.4,0.5971723809875582,0.2214035547712255,77,0.7700000000000001,4.233732526645325,12.980333971928289,152,1.5200000000000002,5.154783186772683,25.62351641211818
722,0.1,0.4,1.3522977956725544,0.183764000841681,0,0.0,0.7264047893306126,0.0,57,0.5700000000000001,3.1612207336021405,26.21602095632413
723,0.1,0.4,0.5523097655380832,0.1604888128759648,56,0.56,6.42740606849464,12.044977744818214,120,1.2000000000000002,7.511402928329159,25.81066659603903
724,0.1,0.4,0.7786707529755139,0.4439986833925963,222,2.2200000000000006,5.238993218765007,24.333533187489213,286,2.8600000000000008,7.112267293239808,31.34860581811673
725,0.1,0.4,0.9215683162383568,0.6222509459691207,0,0.0,0.7295404982982198,0.0,79,0.7900000000000001,3.5012925393673315,7.312553867379244
726,0.1,0.4,0.4132224919282672,0.2214841500409393,118,1.1800000000000002,5.131008567975887,13.759521290384281,154,1.5400000000000003,6.769361466641889,17.95734134507779
727,0.1,0.4,0.7417984999848558,0.3461341459659311,12,0.12000000000000002,2.528449066580816,1.607321558628895,56,0.56,4.290638814367092,7.500833940268175
728,0.1,0.4,0.3545381466055019,0.3220863761467764,8,0.08000000000000002,2.461854678800639,0.5503774342258071,74,0.7400000000000001,4.177618443786214,5.090991266588715
729,0.1,0.4,0.7896798555280746,0.560186407196652,0,0.0,1.3516324493439766,0.0,58,0.5800000000000001,3.366937981484285,5.110065934328117
730,0.1,0.4,0.5717325018410124,0.2417612412332552,31,0.31000000000000005,5.26386983134768,4.581924367472137,81,0.8100000000000002,6.083650291981561,11.972124960169133
731,0.1,0.4,0.6642131749609643,0.5009720548087102,55,0.5500000000000002,4.886638389581295,4.557605093961056,115,1.1500000000000001,6.482694895526811,9.52953792373675
732,0.1,0.4,0.7784247041404303,0.7932927843057085,0,0.0,1.6558998301014598,0.0,88,0.8800000000000001,3.6533714512037494,5.396917704879165
733,0.1,0.4,1.4992542427334807,0.2540499475460055,0,0.0,1.7647367914707095,0.0,44,0.44000000000000006,3.1549144413031276,16.228892024354593
734,0.1,0.4,0.5691384797734184,0.5120902550140437,44,0.44000000000000006,4.057020711384857,3.056357358985435,87,0.8700000000000002,5.749801566110652,6.0432520507212
735,0.1,0.4,0.4613730212694246,0.1791778337976816,0,0.0,1.4460159181118382,0.0,58,0.5800000000000001,3.1548712815586746,9.334174694790313
736,0.1,0.4,0.6508778962414224,0.778206753289315,75,0.7500000000000001,2.799246425972428,3.920539272803505,203,2.0300000000000002,5.2753191025995525,10.611592965054818
737,0.1,0.4,1.7709205086759243,0.2376207190595289,63,0.6300000000000001,2.826469068953495,29.345082072428927,146,1.4600000000000002,5.711983341616695,68.0060632154702
738,0.1,0.4,0.8945553695686477,0.1757838165813939,72,0.7200000000000002,3.434289606226544,22.90028309400696,162,1.6200000000000003,5.553802541512377,51.52563696151566
739,0.1,0.4,0.7163945777688938,0.5209964336638009,0,0.0,1.3661141171936206,0.0,80,0.8000000000000002,3.399902787709982,6.875234948644422
740,0.1,0.4,0.428344963279428,0.1208137069491656,99,0.9900000000000002,6.448613850849885,21.93777947237936,147,1.4700000000000002,7.651230120364605,32.57427861050269
741,0.1,0.4,0.8324068755445748,0.1250453377211622,0,0.0,1.2769203900433657,0.0,76,0.7600000000000001,3.6666349727765635,31.6199926434169
742,0.1,0.4,0.7113674765826613,0.0711420408348469,59,0.5900000000000001,5.84656743530846,36.87225639180257,113,1.1300000000000001,6.991326520231444,70.61974529277441
743,0.1,0.4,0.5655671049039704,0.2971062921486196,0,0.0,1.2498869980960166,0.0,50,0.5000000000000001,3.154886606852682,5.948703374955161
744,0.1,0.4,0.5097794132775043,0.236158570962728,224,2.24,25.966500340446878,30.220845920563477,292,2.9200000000000004,26.64166027843134,39.39503128930597
745,0.1,0.4,0.3244196276894968,0.651876631319978,27,0.2700000000000001,3.6339924383988897,0.8398186028198062,94,0.9400000000000002,6.471536718165682,2.923812913520807
746,0.1,0.4,0.4530915449651226,0.3747583103140871,6,0.06000000000000001,2.2636216613965336,0.4533837534370325,66,0.6600000000000001,3.915983751864658,4.987221287807357
747,0.1,0.4,0.8952056322314106,0.2734689990491507,10,0.10000000000000002,2.6115507819888077,2.045948616077217,91,0.9100000000000001,4.917479861388516,18.618132406302674
748,0.1,0.4,0.4134480406538303,0.2948549561426011,0,0.0,0.13156818266056908,0.0,46,0.4600000000000001,3.154871281554438,4.031348607567198
749,0.1,0.4,1.0104478365695715,0.2293746232176314,0,0.0,1.7456296522831414,0.0,76,0.7600000000000001,4.66268874611102,20.9248397071003
750,0.1,0.4,0.4897886536853665,0.4551788352616741,15,0.15000000000000002,3.101586100302781,1.0087834215008231,69,0.6900000000000002,4.404566148208473,4.640403738903786
751,0.1,0.4,0.5152050453089221,0.3446307783670028,31,0.31000000000000005,4.165380019900399,2.896461482679957,102,1.0200000000000002,5.947965959434715,9.530292620430826
752,0.1,0.4,0.9572388311869378,0.3330810264172119,29,0.29000000000000004,3.2119557257220404,5.208928890933275,113,1.1300000000000001,4.361530333557707,20.296860850877934
753,0.1,0.4,0.3892181659260729,0.2764287312294209,0,0.0,1.047840445780152,0.0,47,0.4700000000000001,3.3046600785872204,4.13606920424975
754,0.1,0.4,0.895546612526991,0.4865343314083263,0,0.0,1.5445375636390737,0.0,50,0.5000000000000001,3.217251943626488,5.75207746603625
755,0.1,0.4,1.0016208996745313,0.0597837172861867,29,0.29000000000000004,2.6433061699601548,30.36676143722419,82,0.8200000000000002,4.042478832725361,85.86463578801325
756,0.1,0.4,0.8390663486545815,0.1494793244981498,32,0.32000000000000006,7.299365559621602,11.22652047661571,77,0.7700000000000001,7.921468877996635,27.01381489685655
757,0.1,0.4,0.6554425202826302,0.2663165115407354,9,0.09000000000000002,2.494559998416774,1.3843918859029727,74,0.7400000000000001,3.473268316721462,11.382777728535553
758,0.1,0.4,0.5939377881103617,0.300467502454632,210,2.1000000000000005,97.45125822422284,25.94434807513182,265,2.6500000000000004,97.46677368760757,32.739296380523484
759,0.1,0.4,0.8154577741292501,0.2654778181611689,0,0.0,1.272215878277512,0.0,52,0.5200000000000001,3.22289466860747,9.982897193735148
760,0.1,0.4,0.5636711153828743,0.3279286951495183,199,1.9900000000000004,10.563136806957013,21.37860943940269,253,2.5300000000000007,10.96568319124962,27.17984014155217
761,0.1,0.4,0.5530836037653133,0.1897501716957015,19,0.19000000000000003,2.7948105138413917,3.4613237690482053,79,0.7900000000000001,3.7017757591411895,14.391819881832012
762,0.1,0.4,1.3473906293685762,0.2088068712819287,90,0.9000000000000001,4.270558255420353,36.29704445868097,174,1.7400000000000004,5.113065524527598,70.17428595344988
763,0.1,0.4,0.3769094504139536,0.3574219960395463,40,0.4000000000000001,5.56973674338836,2.6363056456397493,94,0.9400000000000002,6.176802092497482,6.195318267253411
764,0.1,0.4,0.4741925194651005,0.8023479395274296,157,1.5700000000000003,3.71302197369833,5.799247269198262,204,2.0400000000000005,5.870873316029036,7.535327661888188
765,0.1,0.4,0.5162714084680031,0.171587901300765,11,0.11000000000000001,2.4292309293253336,2.0685409089514266,79,0.7900000000000001,4.247913401913188,14.855884709742064
766,0.1,0.4,0.8213507126605616,0.6241016389576507,40,0.4000000000000001,4.706540586500658,3.2901320129215983,102,1.0200000000000002,5.879968207667877,8.389836632950075
767,0.1,0.4,0.6749977583191944,0.1749097516290339,0,0.0,1.3283577984742743,0.0,66,0.6600000000000001,3.15487128191381,15.918870887039153
768,0.1,0.4,0.635087242661128,0.4763285818002885,0,0.0,0.6448618927791709,0.0,44,0.44000000000000006,3.2619269778497997,3.6665654425296643
769,0.1,0.4,0.7239179641640466,0.317493092521382,25,0.25000000000000006,3.629664759872045,3.5626659151022184,83,0.8300000000000002,5.596441766078753,11.828050838139365
770,0.1,0.4,0.3524535981768131,0.3033482339308243,0,0.0,0.24196552055945136,0.0,44,0.44000000000000006,3.156838215078755,3.1951641268076867
771,0.1,0.4,0.9008078169612532,0.1830149206151924,68,0.6800000000000002,6.907053519517205,20.91869454805272,131,1.3100000000000003,8.062438981237216,40.29924979110156
772,0.1,0.4,1.665322542615908,0.1429446257592353,0,0.0,1.5449493534008534,0.0,47,0.4700000000000001,3.1651391454399,34.222237757813545
773,0.1,0.4,0.3322846776661529,0.280117500178126,16,0.16000000000000003,2.2718059874498535,1.1862331966223243,84,0.8400000000000002,3.9285664646182314,6.227724282267203
774,0.1,0.4,0.7043955759645126,0.2662735204233,0,0.0,0.8365565171027134,0.0,44,0.44000000000000006,3.154874958190379,7.274804610022751
775,0.1,0.4,1.264948765653908,0.6616869684252198,0,0.0,1.0016780638273064,0.0,39,0.39000000000000007,3.1567901655781947,4.659775336998887
776,0.1,0.4,1.537720832010255,0.3205619410685106,0,0.0,0.6045677384295343,0.0,38,0.38000000000000006,3.206855896618941,11.392765354025075
777,0.1,0.4,0.3750001677226985,0.490208594380892,0,0.0,0.41528002087428967,0.0,60,0.6000000000000001,3.3986228846779594,2.8686780384504296
778,0.1,0.4,0.8868828682283798,0.2285059946903464,0,0.0,1.4666022793809246,0.0,45,0.45000000000000007,3.7268202086304933,10.915941484478246
779,0.1,0.4,0.9813379671184383,0.3175759798796341,0,0.0,0.12340651630976336,0.0,43,0.4300000000000001,3.1548712972983624,8.304613553047668
780,0.1,0.4,0.6954846638593949,0.3174655198543769,20,0.20000000000000004,2.91601928215282,2.738425987877429,91,0.9100000000000001,4.518378289564936,12.459838244842302
781,0.1,0.4,0.7688594167700366,0.4339660757702663,0,0.0,0.4464923014452109,0.0,51,0.5100000000000001,3.2219770244780936,5.647306385884108
782,0.1,0.4,0.4503018425253496,0.2391931290052433,33,0.33000000000000007,4.115810344620162,3.8828354061465316,78,0.7800000000000001,5.358049345433046,9.177610959982712
783,0.1,0.4,0.891312845577878,0.4375695898790741,0,0.0,1.3198654427269627,0.0,47,0.4700000000000001,4.364894250842375,5.983577342768693
784,0.1,0.4,0.8651249954229716,0.5877534396373124,0,0.0,1.4658537004105407,0.0,81,0.8100000000000002,3.4223057115730438,7.451585978010424
785,0.1,0.4,0.3913207353780794,0.2539538127410475,53,0.5300000000000001,6.225321587653996,5.104274363707438,107,1.0700000000000003,7.833445772658685,10.304855790881055
786,0.1,0.4,1.553274434421236,0.4207177327823329,18,0.18000000000000005,2.415551964378845,4.15345872675151,120,1.2000000000000002,4.202287031924531,27.68972484501007
787,0.1,0.4,0.958804083722564,0.2456223707416299,0,0.0,1.5952519287050373,0.0,85,0.8500000000000002,3.4037555177285723,20.73771488890206
788,0.1,0.4,1.2778465194455402,0.7474310371557426,0,0.0,0.7427397111754208,0.0,54,0.5400000000000001,3.7110286967314363,5.770073476665182
789,0.1,0.4,0.7416166112097687,0.1956707432043081,0,0.0,0.4575481897109987,0.0,44,0.44000000000000006,3.1669899239554207,10.42284425064708
790,0.1,0.4,1.163070735115446,0.2073299480736055,0,0.0,1.54786228118962,0.0,63,0.6300000000000001,3.9928718801733236,22.088420230980038
791,0.1,0.4,0.5898956962696135,0.2259642030187747,0,0.0,1.0591698880906406,0.0,51,0.5100000000000001,3.429213185300862,8.321196484839525
792,0.1,0.4,0.3801870555861616,0.3207249848263726,0,0.0,1.9726131301142216,0.0,75,0.7500000000000001,3.612089716854561,5.556557509933013
793,0.1,0.4,0.5716333751703069,0.2629320938015345,0,0.0,1.1487464173397985,0.0,42,0.4200000000000001,3.448564452571104,5.706939720164729
794,0.1,0.4,0.9800925913657432,0.3554926386911653,0,0.0,1.3143836916015634,0.0,43,0.4300000000000001,3.3658246596243995,7.409432861938175
795,0.1,0.4,0.5159687451112289,0.2797332461185434,33,0.33000000000000007,3.6628873566710114,3.8042869467897877,94,0.9400000000000002,4.505126830975626,10.836453727219395
796,0.1,0.4,1.4491772305304207,0.5616434907685486,0,0.0,1.4229782183202262,0.0,70,0.7000000000000002,3.464135674554185,11.288567370192037
797,0.1,0.4,0.5022583410689196,0.8545334615970775,7,0.07,2.321342823294597,0.25714384994002887,77,0.7700000000000001,3.8468660793731524,2.828582349340318
798,0.1,0.4,1.0258060695733109,0.1544776883206396,0,0.0,0.790361494477209,0.0,76,0.7600000000000001,3.592627825497494,31.5422821473061
799,0.1,0.4,1.4147580137894449,0.1249423114110575,36,0.3600000000000001,3.0322041211631814,25.47740229131486,113,1.1300000000000001,4.864409421943562,79.97073496996052
800,0.1,0.4,0.9177994729962848,0.4180343418593419,22,0.22000000000000003,2.831079035104671,3.0188291941682497,86,0.8600000000000002,4.798643579431938,11.80087775902134
801,0.1,0.4,0.7421719329694595,0.2980126458158529,15,0.15000000000000002,2.387655764802898,2.3347539003053126,68,0.6800000000000002,3.993042934388135,10.584217681384084
802,0.1,0.4,1.3930988790689096,0.3411065029049702,11,0.11000000000000001,3.096810047102446,2.8077901511795544,77,0.7700000000000001,5.377217412093948,19.654531058256882
803,0.1,0.4,0.4701217422141502,0.5789181578972811,132,1.3200000000000003,5.580531952261704,6.699572850425106,208,2.0800000000000005,6.759072617753765,10.556902673397136
804,0.1,0.4,1.1895771751339674,0.1926886416264803,11,0.11000000000000001,2.2437674420828695,4.244330651777305,92,0.9200000000000002,3.603481033139433,35.49803817850109
805,0.1,0.4,1.1159293240973074,0.0900919168769927,7,0.07,2.53162281224208,5.419121894799547,62,0.6200000000000001,4.4135502765578725,47.99793678251028
806,0.1,0.4,0.805538309529289,0.4420815363687863,0,0.0,1.4280603126596807,0.0,73,0.7300000000000001,3.40223539556892,8.31355357524241
807,0.1,0.4,1.0264643011501786,0.1785521385992278,0,0.0,1.505111224907138,0.0,51,0.5100000000000001,3.3816266515989004,18.32436724412521
808,0.1,0.4,0.3804815710993686,0.2967874491665032,60,0.6000000000000001,5.688804187732283,4.80750077413876,123,1.2300000000000002,7.667652399707162,9.855376586984459
809,0.1,0.4,0.5801976682095152,0.1627191333908707,26,0.26000000000000006,3.5711688691193464,5.7941631767156325,85,0.8500000000000002,4.177905240628893,18.942456539262643
810,0.1,0.4,1.312533921564384,0.1849481771438212,0,0.0,0.7737324435259052,0.0,46,0.4600000000000001,3.3766968417369414,20.40320203622873
811,0.1,0.4,0.8266142092893415,0.1234804387668023,98,0.9800000000000002,4.050999022085213,41.00254325674138,168,1.6800000000000004,5.11282368360495,70.2900741544138
812,0.1,0.4,0.4566138118052137,0.4263375641491748,0,0.0,1.272214648885848,0.0,52,0.5200000000000001,3.1548722089533023,3.4807978774483437
813,0.1,0.4,0.5655549472634376,0.4447082864125217,0,0.0,1.8373971572767482,0.0,60,0.6000000000000001,3.437991022251619,4.769038754251048
814,0.1,0.4,0.6005770018586901,0.3455339494680108,0,0.0,1.4350282901333276,0.0,62,0.6200000000000001,3.718586668569095,6.73518734059409
815,0.1,0.4,1.6453319891654674,0.242934688918649,0,0.0,0.9760307725154561,0.0,67,0.6700000000000002,4.14180820406986,28.360822965622567
816,0.1,0.4,0.9521849866241244,0.3405972877924452,0,0.0,0.16323498162871805,0.0,47,0.4700000000000001,3.15632930847959,8.212171671527935
817,0.1,0.4,0.7575443266924711,0.7132062480385375,0,0.0,0.9524623339331163,0.0,58,0.5800000000000001,3.1549562247513556,3.8503563195254347
818,0.1,0.4,1.6669493483638456,0.2498544581713072,0,0.0,1.3338405486827682,0.0,51,0.5100000000000001,3.7578672743166166,21.26598455276208
819,0.1,0.4,0.4688025759986121,0.2138588419112514,38,0.38000000000000006,5.847732869626341,5.206266470192299,88,0.8800000000000001,7.156134449961223,12.056617088866375
820,0.1,0.4,0.5236288415338981,0.2405884608348965,0,0.0,1.1641334527871023,0.0,45,0.45000000000000007,3.154871281563986,6.121266629760481
821,0.1,0.4,1.508439169215556,0.1025470280896945,23,0.23000000000000004,3.2267433717339173,21.145237908316076,82,0.8200000000000002,5.255879142100413,75.38736993399645
822,0.1,0.4,0.7941512055580585,0.2894328259284764,25,0.25000000000000006,3.837977391169493,4.287216747802834,93,0.9300000000000002,6.068434248260624,15.948446301826543
823,0.1,0.4,0.3981930078226654,0.2819246983204423,5,0.05000000000000001,2.1939054529843647,0.44137784197660757,68,0.6800000000000002,4.519842090903594,6.002738650881863
824,0.1,0.4,0.3401748483009386,0.3455213041942071,0,0.0,0.784955782726841,0.0,51,0.5100000000000001,3.154871281550761,3.138177923610132
825,0.1,0.4,0.4650308935211389,0.2829596298846165,0,0.0,1.0854210293489077,0.0,60,0.6000000000000001,3.5463311890012577,6.162949292149462
826,0.1,0.4,0.4931730607913197,0.4546935601461666,22,0.22000000000000003,2.9506027030749493,1.4913625747637094,85,0.8500000000000002,5.184408031101661,5.762082675223422
827,0.1,0.4,0.5644416700813917,0.2978298589367735,51,0.5100000000000001,7.078740509737233,6.04089136598752,109,1.0900000000000003,7.48750579801418,12.910924684169407
828,0.1,0.4,1.2349045670692889,0.1469996981077128,5,0.05000000000000001,3.0962771658575177,2.62522768534111,56,0.56,3.7926225652736876,29.40255007582043
829,0.1,0.4,0.6459258774884693,0.5691390977601901,18,0.18000000000000005,4.200951517286588,1.2767820995504917,55,0.5500000000000002,4.193456856965373,3.9012786375153916
830,0.1,0.4,0.4213436103985901,0.4035490768702248,0,0.0,1.271891375190059,0.0,58,0.5800000000000001,3.156389509721879,3.7848447072177738
831,0.1,0.4,0.4673495564904614,0.5295328089865736,0,0.0,0.7886711143409897,0.0,65,0.6500000000000001,3.500361660997308,3.5854389775698277
832,0.1,0.4,1.934105135102561,0.1505305904688418,0,0.0,1.9938247828577162,0.0,53,0.5300000000000001,3.419203855186578,42.560938876761774
833,0.1,0.4,0.5600024063548887,0.2828357612603361,38,0.38000000000000006,3.399546901061615,4.702395868069375,108,1.0800000000000003,4.915929580412936,13.36470404609191
834,0.1,0.4,0.7096923648054341,0.5218180007675227,155,1.5500000000000003,4.0914298868518015,13.175369140083797,235,2.3500000000000005,5.442903825616131,19.975559663998016
835,0.1,0.4,0.4563967125933315,0.1645415193327088,44,0.44000000000000006,4.921157066705799,7.627807040567209,89,0.8900000000000001,6.772585835124338,15.4289733320564
836,0.1,0.4,0.3149518555836645,0.2723027797387544,13,0.13000000000000003,2.553399902765537,0.9397567770231166,59,0.5900000000000001,3.6048743303551256,4.26504998802799
837,0.1,0.4,0.968436058654545,0.387822467584868,13,0.13000000000000003,3.1976086197886984,2.028903334448071,66,0.6600000000000001,4.081579904394048,10.300586159505594
838,0.1,0.4,0.5469921482713009,0.4550527860618929,0,0.0,1.3819423671113604,0.0,47,0.4700000000000001,3.1592856311791437,3.53099571030514
839,0.1,0.4,0.4200336074399419,0.146873428919682,111,1.1100000000000003,73.65927089920953,19.840097511498247,156,1.5600000000000003,74.06210552078264,27.88338028642996
840,0.1,0.4,0.4836814870951247,0.4465121079792112,34,0.3400000000000001,3.2308270476886936,2.301893144015243,95,0.9500000000000002,4.281379013107572,6.431760255336708
841,0.1,0.4,0.3958313419040151,0.2390264880623452,95,0.9500000000000002,4.367253199237438,9.832586386585218,126,1.2600000000000002,5.5137186196154815,13.041114575891973
842,0.1,0.4,0.469729608876416,0.4289230818403446,25,0.25000000000000006,3.4192855923233156,1.711151824052674,85,0.8500000000000002,4.55000400325753,5.8179162017790915
843,0.1,0.4,0.8387467432554977,0.1523362929818591,2,0.020000000000000004,2.0301769606510214,0.6882361442221941,60,0.6000000000000001,3.626614669178451,20.647084326665823
844,0.1,0.4,1.289507352529191,0.1787222722768086,0,0.0,0.9280040742553735,0.0,50,0.5000000000000001,3.518851144273596,22.54733237955047
845,0.1,0.4,0.924224426761882,0.3093400627407979,0,0.0,0.6010480691067315,0.0,40,0.4000000000000001,3.1549391806834044,7.46932371588988
846,0.1,0.4,0.5669253861802626,0.5417652491899,8,0.08000000000000002,2.1446943112260084,0.5232205157381213,91,0.9100000000000001,3.868529558914622,5.95163336652113
847,0.1,0.4,0.7316028814421698,0.4030792492668174,0,0.0,0.7331305703836174,0.0,45,0.45000000000000007,3.154871281550761,5.104785492676298
848,0.1,0.4,1.4575335283850084,0.1149534662242644,0,0.0,1.498882715413149,0.0,60,0.6000000000000001,3.16153927434306,47.547506925807426
849,0.1,0.4,0.5667545985114301,0.2031377977218865,0,0.0,1.8527495175322375,0.0,87,0.8700000000000002,3.7239554077068284,15.170628824208567
850,0.1,0.4,0.5224306786254641,0.5749751119105324,19,0.19000000000000003,2.940271491337778,1.078979625407286,99,0.9900000000000002,4.581416242044419,5.622051732385333
851,0.1,0.4,0.960299684993428,0.1687874734678332,117,1.1700000000000002,9.570875740685347,41.60374761372739,174,1.7400000000000004,11.163421501126269,61.87224004092793
852,0.1,0.4,0.942506968892141,0.1854605501946703,0,0.0,1.3804813934789502,0.0,78,0.7800000000000001,3.8075061842196587,24.774656758681548
853,0.1,0.4,0.8935609238581923,0.136856731681038,0,0.0,1.1604215648634595,0.0,47,0.4700000000000001,3.440228742665766,19.179438099917157
854,0.1,0.4,0.6705938418522094,0.3407833409975289,0,0.0,1.9122889090734199,0.0,66,0.6600000000000001,3.852881456626685,8.117179641303013
855,0.1,0.4,0.8673919901543125,0.3098587618598799,0,0.0,1.2725474766941745,0.0,50,0.5000000000000001,3.408237385305001,8.747856452282528
856,0.1,0.4,0.7482880651423067,0.6671319037693436,9,0.09000000000000002,2.9620017838142565,0.6309277584603046,58,0.5800000000000001,4.05255320710399,4.065978887855295
857,0.1,0.4,0.959090754862974,0.2355407108696523,0,0.0,1.784990146491319,0.0,96,0.9600000000000002,4.2710030316819125,24.431209823266585
858,0.1,0.4,0.3138490856416664,0.231143219779782,94,0.9400000000000002,15.882654515306966,7.977146722718068,138,1.3800000000000003,16.802689817444072,11.711130295054184
859,0.1,0.4,1.0703670698161938,0.3192717469198511,0,0.0,1.1100313165450857,0.0,49,0.4900000000000001,3.534103843358981,10.267113150275058
860,0.1,0.4,0.4535669040266373,0.4387344869106478,0,0.0,1.0500767392087698,0.0,54,0.5400000000000001,4.015463773213475,3.4890995505481195
861,0.1,0.4,3.3394078602242594,0.2474146339660832,0,0.0,0.24207709548699954,0.0,38,0.38000000000000006,3.1548712815507685,32.05587939927534
862,0.1,0.4,0.3661390844361952,0.5650007303310105,19,0.19000000000000003,3.1419447573425554,0.7695391163711528,85,0.8500000000000002,4.072871282407914,3.442674994291999
863,0.1,0.4,0.5274772248705984,0.5573816674393092,0,0.0,0.7604194048255235,0.0,51,0.5100000000000001,3.1677871219938716,3.0164853860359617
864,0.1,0.4,0.4541424205658557,0.6275142639785343,13,0.13000000000000003,2.8739023296984723,0.5880196481436157,62,0.6200000000000001,3.9566810307080145,2.804401398838783
865,0.1,0.4,1.098216719247146,0.2465889095631126,0,0.0,1.6377522977918015,0.0,65,0.6500000000000001,3.886933166093295,18.092887591117073
866,0.1,0.4,0.8615050422249907,0.4415707010450305,0,0.0,0.14024519090266446,0.0,38,0.38000000000000006,3.154871281550761,4.6336282512450895
867,0.1,0.4,0.8516795275702115,0.2518785894408404,0,0.0,1.6294457019022395,0.0,96,0.9600000000000002,3.8316101537395943,20.287858435150916
868,0.1,0.4,0.5511327907816498,0.2670569866580853,35,0.3500000000000001,2.7431001800287866,4.514403442207636,93,0.9300000000000002,5.673847855604869,11.995414860723146
869,0.1,0.4,0.5884960384173642,0.2067009973998686,8,0.08000000000000002,2.29729853838598,1.4235442639855842,72,0.7200000000000002,4.106806726694307,12.811898375870257
870,0.1,0.4,0.9906255114129744,0.3568726463566566,0,0.0,1.3003390244146624,0.0,45,0.45000000000000007,3.526187347700988,7.807082664622446
871,0.1,0.4,0.8715009092507812,0.528006664248133,48,0.4800000000000001,5.013415241524584,4.951647213535313,92,0.9200000000000002,7.552985388934188,9.490657159276017
872,0.1,0.4,0.3505899856653673,0.2644511408314229,110,1.1000000000000003,27.712908579462077,9.114372295281097,194,1.9400000000000004,28.527713469958023,16.07443841167757
873,0.1,0.4,0.4605790633651336,0.5028185606642942,0,0.0,0.7481625213717614,0.0,44,0.44000000000000006,3.15823707529805,2.518985024301351
874,0.1,0.4,0.3579750273569668,0.0693468009400119,3,0.030000000000000006,2.1677254452991765,0.9678934964497261,52,0.5200000000000001,3.553070891771612,16.776820605128588
875,0.1,0.4,0.4075504686137799,0.6419761540107589,0,0.0,0.6785801318145385,0.0,53,0.5300000000000001,3.1555360531616174,2.102898867580868
876,0.1,0.4,0.6611188646526973,0.1221571703368549,0,0.0,1.7986320509783016,0.0,80,0.8000000000000002,3.5931124248086683,27.0601743159909
877,0.1,0.4,0.3354602817727732,0.0937958663821669,148,1.4800000000000002,34.69088638587511,33.08256244209198,180,1.8000000000000003,33.70228717762434,40.23554891605781
878,0.1,0.4,0.4166112514139305,0.4649816860627617,2,0.020000000000000004,2.0985247098316133,0.11199668285368171,71,0.7100000000000002,4.0735765996439355,3.9758822413057007
879,0.1,0.4,0.938447882794717,0.2589120006554036,0,0.0,0.7038197720480681,0.0,42,0.4200000000000001,3.2037517098182793,9.514528820990435
880,0.1,0.4,1.7997017049785726,0.1336527013942618,0,0.0,1.9910081261162405,0.0,54,0.5400000000000001,3.963821182809951,45.44609417496938
881,0.1,0.4,0.8631683257617897,0.5621668845490966,42,0.4200000000000001,3.3574189393038925,4.030505740198601,150,1.5000000000000002,5.169781031568966,14.394663357852147
882,0.1,0.4,1.3040695303658183,0.0795049999999999,321,3.2100000000000004,421.9427894155859,329.07232190383326,374,3.7400000000000007,422.052233548944,383.4051351776749
883,0.1,0.4,0.7319497200479663,0.280252416221534,1,0.010000000000000002,2.030434619961894,0.1632344802580967,84,0.8400000000000002,3.68722791116998,13.711696341680122
884,0.1,0.4,0.7664654401808952,0.2041545306240999,0,0.0,1.3219675976428555,0.0,58,0.5800000000000001,3.3356756970877854,13.609481073783027
885,0.1,0.4,0.7508745322729361,0.3616161621877248,5,0.05000000000000001,2.1669796702122213,0.6488877319965589,76,0.7600000000000001,4.252295889306286,9.863093526347695
886,0.1,0.4,0.8299049974601351,0.1008320120793481,76,0.7600000000000001,4.129521597169149,39.09521050550406,142,1.4200000000000004,5.441102676278814,73.04631436554706
887,0.1,0.4,0.7213355211421116,0.3301917776480204,0,0.0,0.17910172534254862,0.0,55,0.5500000000000002,3.3536152110665363,7.509547547150665
888,0.1,0.4,1.079272108310726,0.421338151191135,0,0.0,0.7836030303791014,0.0,45,0.45000000000000007,3.1558849139048597,7.204315099505243
889,0.1,0.4,0.8126570295757773,0.4423925061088992,0,0.0,1.6205360494708219,0.0,56,0.56,3.917278570016099,6.429357559721114
890,0.1,0.4,0.3565176101903728,0.2781230465418799,6,0.06000000000000001,2.1114911366273064,0.48070127766725035,74,0.7400000000000001,3.9110199329493316,5.9286490912294205
891,0.1,0.4,0.5806038189568178,0.0789572337612221,26,0.26000000000000006,6.213902722330968,11.949268747915488,86,0.8600000000000002,7.044210053437472,39.52450432002815
892,0.1,0.4,0.7985117767751754,0.3410537210404699,0,0.0,1.0304206333233916,0.0,53,0.5300000000000001,3.4756950639452233,7.7555824709911345
893,0.1,0.4,0.8383849885426297,0.2730846957038933,0,0.0,0.7701680580339894,0.0,48,0.4800000000000001,3.155204864265522,9.210164484483158
894,0.1,0.4,0.5566603042947375,0.2069640768996632,111,1.1100000000000003,3.2242377529905477,18.659425920165695,156,1.5600000000000003,4.828941353081717,26.224058049962593
895,0.1,0.4,0.8335197419220934,0.4030784314031739,0,0.0,1.2529174370418479,0.0,71,0.7100000000000002,3.6952672740037666,9.176238584395177
896,0.1,0.4,0.6885180972084423,0.212786458715455,37,0.37000000000000005,2.7562061507667246,7.482610074937437,100,1.0000000000000002,4.414349683550603,20.223270472803883
897,0.1,0.4,0.2696809046556318,0.2836107313041885,29,0.29000000000000004,4.016492195105611,1.7234772374112695,78,0.7800000000000001,5.058764918859286,4.6355594661406565
898,0.1,0.4,0.5413105711993046,0.3726807327316647,12,0.12000000000000002,2.3890975869383033,1.0893585118385818,73,0.7300000000000001,4.359511436503855,6.626930947018039
899,0.1,0.4,0.4201552453005312,0.3889208807438834,0,0.0,0.4876456965199162,0.0,59,0.5900000000000001,3.3527487841581256,3.983644344531828
900,0.1,0.4,0.3798726932438934,0.3078961346009521,49,0.4900000000000001,5.424362565969142,3.7784174347209425,114,1.1400000000000001,5.790808341210903,8.79060382771811
901,0.1,0.4,0.3517917299327348,0.5529378490944794,5,0.05000000000000001,2.0641058423221956,0.19881966080639066,67,0.6700000000000002,4.185578358165256,2.664183454805635
902,0.1,0.4,0.8314416978549342,0.1993612849831666,24,0.24000000000000005,2.428773633640862,6.255791072412617,112,1.12,4.519804850975288,29.193691671258875
903,0.1,0.4,1.1240061800017886,0.7175800426890713,0,0.0,0.0967282757105734,0.0,49,0.4900000000000001,3.270853564901143,4.797052205292475
904,0.1,0.4,0.6853145742833836,0.1810035864016984,128,1.2800000000000002,6.319422641495716,30.289546761243763,183,1.8300000000000003,7.526817297734923,43.30458638521569
905,0.1,0.4,0.7836747628752335,0.4712243067098775,0,0.0,1.7652852170880633,0.0,60,0.6000000000000001,3.215443048140286,6.2364787192343805
906,0.1,0.4,0.6801370548957163,0.2225775253462689,8,0.08000000000000002,2.634242474570705,1.5278655242428716,58,0.5800000000000001,4.27328741361766,11.077025050760817
907,0.1,0.4,1.421940691251565,0.1835381508080162,0,0.0,1.0963421441714896,0.0,56,0.56,3.2618878236580024,27.11584701856499
908,0.1,0.4,0.8205046342353407,0.1808559526229432,2,0.020000000000000004,2.0355748950674926,0.5670981673091281,78,0.7800000000000001,3.691486233654315,22.116828525055997
909,0.1,0.4,0.5420305721287844,0.2687502692480848,130,1.3000000000000003,18.84748137063175,16.38695436796388,206,2.0600000000000005,18.666719479540877,25.967019998465844
910,0.1,0.4,0.3470813081451186,0.3698461430547425,0,0.0,1.386047811772766,0.0,57,0.5700000000000001,3.598729833803519,3.343220372813158
911,0.1,0.4,0.7408015205615556,0.1683945551636818,110,1.1000000000000003,14.720107904863848,30.24450789938083,166,1.6600000000000004,13.962435948397106,45.64171192088379
912,0.1,0.4,0.6582987909183811,0.2804146609746678,0,0.0,0.5940020740312675,0.0,44,0.44000000000000006,3.154871281588628,6.45587384316218
913,0.1,0.4,0.5624407483326636,0.576485130869304,0,0.0,1.6278277470012044,0.0,79,0.7900000000000001,3.436837320921122,4.817212181526529
914,0.1,0.4,0.5146430994935078,0.3087280404366248,35,0.3500000000000001,4.292163473864433,3.646516132936578,90,0.9000000000000001,6.028130012261203,9.376755770408343
915,0.1,0.4,0.4854362150491366,0.3471010229455087,0,0.0,0.9925405040122516,0.0,44,0.44000000000000006,3.1692525573805153,3.845997283605525
916,0.1,0.4,0.3527522273695304,0.2967490851878942,43,0.4300000000000001,2.973985513819962,3.19469093040455,92,0.9200000000000002,4.682839827650514,6.835152688307409
917,0.1,0.4,1.269341709435182,0.1502985867365953,0,0.0,0.8070409705323619,0.0,49,0.4900000000000001,3.1673004751283163,25.86424177066953
918,0.1,0.4,0.6574423154281055,0.4467568194167911,0,0.0,0.7850221942563642,0.0,50,0.5000000000000001,3.632603057582058,4.598714885639219
919,0.1,0.4,0.9790854734190488,0.5086954474977214,143,1.4300000000000004,7.3955909029899365,17.20199475290556,237,2.3700000000000006,8.966325507337416,28.50959969537495
920,0.1,0.4,0.7951514272641573,0.2324462482646229,0,0.0,0.48883336564510715,0.0,46,0.4600000000000001,3.1548712815855917,9.834791356933158
921,0.1,0.4,0.4874285541188637,0.1003267623626247,53,0.5300000000000001,7.067657860493238,16.093483408572897,103,1.0300000000000002,7.260775409102996,31.276014926094497
922,0.1,0.4,0.3892445002094933,0.1729091768857352,92,0.9200000000000002,6.7047531040583666,12.944112721580085,129,1.2900000000000003,7.607975429686916,18.149897185693817
923,0.1,0.4,1.46998631842702,0.1454153662347453,0,0.0,0.6022035160318966,0.0,44,0.44000000000000006,3.154883906664408,27.799416804057163
924,0.1,0.4,1.0315360041728563,0.2977189350755228,6,0.06000000000000001,2.239651807755691,1.2992992920208264,68,0.6800000000000002,3.5262748433861857,14.725391976236033
925,0.1,0.4,0.4078781475343909,0.229383049177714,9,0.09000000000000002,2.105201313101123,1.0002110391790258,78,0.7800000000000001,3.79518396284386,8.66849567288489
926,0.1,0.4,0.4434529772217079,0.7279717137366272,60,0.6000000000000001,3.76157795142681,2.2843589018666774,125,1.2500000000000002,5.020011092109691,4.759081045555577
927,0.1,0.4,1.1673301851859756,0.3801157367157139,77,0.7700000000000001,4.883865594384027,14.779121129649537,137,1.3700000000000003,6.076105758525651,26.29531941249333
928,0.1,0.4,1.01729671840978,0.4505729321177577,14,0.14,3.127711917409162,1.9755617019087155,66,0.6600000000000001,4.35564282295896,9.313362308998231
929,0.1,0.4,0.6948750027800256,0.4166508963632319,60,0.6000000000000001,6.3109109662804554,6.2541117351957,118,1.1800000000000002,7.935073457467237,12.29975307921821
930,0.1,0.4,0.4123527794245536,0.5580687971316575,0,0.0,1.3348685620040608,0.0,60,0.6000000000000001,3.15518585204831,2.7708464096000576
931,0.1,0.4,0.7398673299296136,0.1866627959972176,130,1.3000000000000003,23.422503971810112,32.20471451508589,210,2.1000000000000005,22.102566287229052,52.02300037052336
932,0.1,0.4,0.3726341610937701,0.4204496256970084,33,0.33000000000000007,4.346705636425392,1.827943016911501,91,0.9100000000000001,5.610261296680388,5.040691349665048
933,0.1,0.4,0.6464353777043668,0.2835455393733024,0,0.0,1.5700591144374931,0.0,62,0.6200000000000001,3.201284608458722,8.83433784266499
934,0.1,0.4,0.7576588167064756,0.3508683747611148,0,0.0,1.417204877680681,0.0,62,0.6200000000000001,3.8892696825962596,8.367604851068409
935,0.1,0.4,2.34561268718548,0.268858361680345,0,0.0,0.9900357374430735,0.0,53,0.5300000000000001,3.2581605844970802,28.899387684061455
936,0.1,0.4,1.2632848029764872,0.3776448164426982,0,0.0,0.6121864199036787,0.0,51,0.5100000000000001,3.3046903117598614,10.662718337876473
937,0.1,0.4,1.3108779955652416,0.1815810503477276,10,0.10000000000000002,3.197234957196556,4.512027800584474,58,0.5800000000000001,4.399383136085268,26.16976124338995
938,0.1,0.4,0.9377048491245672,0.1959984230392588,20,0.20000000000000004,3.4386323991893506,5.980308633253285,105,1.0500000000000003,4.687507453177022,31.396620324579747
939,0.1,0.4,0.5492450017921936,0.7901828223438397,0,0.0,0.7932008869198707,0.0,46,0.4600000000000001,3.1550334102147994,1.9983721937521908
940,0.1,0.4,0.4685911518225756,0.5568349056713491,61,0.6100000000000001,3.965343954467031,3.2083185664692984,107,1.0700000000000003,6.133911822562565,5.627706337905163
941,0.1,0.4,1.0478673406632766,0.5148953561940011,46,0.4600000000000001,2.6710117099745507,5.8509337250107825,139,1.3900000000000003,4.205503759028028,17.679995386445626
942,0.1,0.4,0.7350333474584742,0.1779384525943605,13,0.13000000000000003,2.4866494118771234,3.3562986870041946,79,0.7900000000000001,3.8787724183638046,20.395968944102414
943,0.1,0.4,1.463996073858541,0.2936206973227285,168,1.6800000000000004,8.284593082543838,52.35311718716762,227,2.2700000000000005,10.728232302342526,70.73903334218481
944,0.1,0.4,0.4854813079623186,0.786653718978644,0,0.0,1.0472515000299483,0.0,39,0.39000000000000007,3.2172343996695836,1.5042968203272133
945,0.1,0.4,0.6853690939206882,0.1660695139625905,0,0.0,1.1414665917630844,0.0,44,0.44000000000000006,3.154871281550761,11.349253474099179
946,0.1,0.4,0.6963941286152142,0.2392825877823863,0,0.0,1.2771740338714663,0.0,45,0.45000000000000007,3.2736496736444494,8.18533644625881
947,0.1,0.4,3.149204628068087,0.3424479217805136,0,0.0,0.29457785386131735,0.0,40,0.4000000000000001,3.16023258862306,22.990390857785073
948,0.1,0.4,1.0647857295999548,0.2455188928539997,0,0.0,0.9482347243316085,0.0,42,0.4200000000000001,3.52446779188177,11.384307365144375
949,0.1,0.4,0.623633309091409,0.6758493794674854,0,0.0,0.844154390819895,0.0,57,0.5700000000000001,3.1660072388800073,3.287261527692249
950,0.1,0.4,0.4711687227213651,0.3711359241506328,0,0.0,1.7136397569299806,0.0,78,0.7800000000000001,3.58972714597638,6.188965750279657
951,0.1,0.4,0.5146924950497984,0.0955984820866755,102,1.0200000000000002,12.634503868387648,34.32235098636355,156,1.5600000000000003,12.457664252200203,52.49300739090896
952,0.1,0.4,0.7649776406568647,0.225964683501856,0,0.0,0.7474763650447697,0.0,48,0.4800000000000001,3.2254055287279018,10.15615753048305
953,0.1,0.4,1.0789064647476982,0.1607398385143967,0,0.0,0.9157573094707496,0.0,52,0.5200000000000001,3.154876189604545,21.814417899368262
954,0.1,0.4,1.3775788405131424,0.3147550353419572,27,0.2700000000000001,6.60803766607815,7.3856301960041995,73,0.7300000000000001,7.714690433079356,19.968555715122463
955,0.1,0.4,2.393633486431094,0.3858392220327554,0,0.0,0.3212569687841204,0.0,39,0.39000000000000007,3.155012785593293,15.12153583670786
956,0.1,0.4,1.8128455410614328,0.3106667497703269,0,0.0,1.477933307143414,0.0,44,0.44000000000000006,3.155436270578857,16.047179949590827
957,0.1,0.4,1.7766429707436264,0.2212363141239061,0,0.0,1.6174976777101486,0.0,48,0.4800000000000001,4.109052990739778,24.091564413090822
958,0.1,0.4,0.4243446121541717,0.2443369503297183,28,0.28,2.553545265542379,3.0392581648731447,93,0.9300000000000002,4.157278988235236,10.094678904757231
959,0.1,0.4,0.7950618510647828,0.1264181589560319,104,1.0400000000000003,11.475766875944952,40.879428039436,165,1.6500000000000004,11.803518081912266,64.85678487025903
960,0.1,0.4,0.479029945252588,0.2309495224839506,7,0.07,2.160917335633859,0.9074519782242516,96,0.9600000000000002,4.023028104290741,12.445055701361166
961,0.1,0.4,0.4919636295059588,0.9085147841884968,0,0.0,0.2003188145983207,0.0,49,0.4900000000000001,3.1585503585831707,1.6583534374817661
962,0.1,0.4,1.108671959133232,0.1620683497270856,0,0.0,1.8394061207326087,0.0,67,0.6700000000000002,4.084735788498237,28.6457154446765
963,0.1,0.4,0.4465179599119132,0.2929017095655266,0,0.0,0.6878024547726783,0.0,50,0.5000000000000001,3.1549188608800014,4.763948379797911
964,0.1,0.4,0.3824726428150355,0.4095504947932331,85,0.8500000000000002,5.315462044029212,4.96125860128847,124,1.2400000000000002,5.9294900736032785,7.23760078305612
965,0.1,0.4,0.395274394837677,0.3248761826865142,0,0.0,1.513334030348519,0.0,62,0.6200000000000001,3.744002073217265,4.714683198164714
966,0.1,0.4,0.449787820077734,0.3386735246775683,30,0.30000000000000004,3.879919826465942,2.490162652804522,88,0.8800000000000001,5.153496955752319,7.304477114893265
967,0.1,0.4,0.9464648988876028,0.1969212581397285,0,0.0,0.6085799355603888,0.0,47,0.4700000000000001,3.1988512826909523,14.118539901413644
968,0.1,0.4,0.6411133548569397,0.1544185707496888,28,0.28,3.1155937816497734,7.265631106107783,103,1.0300000000000002,4.532313280830077,26.727142997467922
969,0.1,0.4,1.2338522163499213,0.3100922480171762,0,0.0,0.25337101764171216,0.0,49,0.4900000000000001,3.170277696796889,12.18563971441921
970,0.1,0.4,0.7992767413502716,0.1657648310320087,3,0.030000000000000006,2.118700155212891,0.9040783142609878,94,0.9400000000000002,3.845908215116495,28.32778718017762
971,0.1,0.4,0.5717059599054551,0.6612364029649007,0,0.0,1.2544649395236183,0.0,70,0.7000000000000002,3.5407659976820485,3.782631390787379
972,0.1,0.4,0.8509006426831345,0.4392675670122368,0,0.0,0.7018195944606803,0.0,41,0.4100000000000001,3.224021706985155,4.963792140872515
973,0.1,0.4,0.6243135501465897,0.25037766263611,0,0.0,0.7148559745178816,0.0,39,0.39000000000000007,3.154953975926361,6.077875567893573
974,0.1,0.4,1.1258159177519584,0.1943134845049844,32,0.32000000000000006,3.2863077012934516,11.587625229612717,93,0.9300000000000002,4.553947925549648,33.67653582356196
975,0.1,0.4,0.6768770423270735,0.4339844181067686,304,3.0400000000000005,7.520684103348048,29.633929854712946,356,3.5600000000000005,9.040923548771351,34.70289154038753
976,0.1,0.4,0.8080770296705648,0.3530140864865679,112,1.12,22.03342768645829,16.023550969287406,197,1.9700000000000004,22.730181601714616,28.1842816156216
977,0.1,0.4,1.2151377356880584,0.1748014770597151,9,0.09000000000000002,2.385653989629699,3.9102357017900524,73,0.7300000000000001,4.202606056051243,31.716356247852648
978,0.1,0.4,0.3371005245392803,0.616220998989583,0,0.0,1.286111293184918,0.0,50,0.5000000000000001,3.2947441369976236,1.709515159192196
979,0.1,0.4,0.8303774297776448,0.8501103979232719,0,0.0,0.9490758089976076,0.0,49,0.4900000000000001,3.154871294691487,2.9914125093710036
980,0.1,0.4,0.8748011303730022,0.0977166894758087,9,0.09000000000000002,2.311944519464155,5.035737891597677,71,0.7100000000000002,4.979448798758828,39.72637670038167
981,0.1,0.4,0.6007740122907448,0.3952841081857881,0,0.0,1.379275921468315,0.0,64,0.6400000000000001,3.8334235016225677,6.079414778884803
982,0.1,0.4,1.3143393069541394,0.2261285475603598,0,0.0,1.7787398869746114,0.0,87,0.8700000000000002,4.04564338921351,31.60467821806303
983,0.1,0.4,0.5147642664565293,0.2401978986323637,0,0.0,0.718013311361298,0.0,38,0.38000000000000006,3.1548712900883014,5.08982443141795
984,0.1,0.4,1.171594908826023,0.2333050835441165,0,0.0,0.6354292258110351,0.0,44,0.44000000000000006,3.157392758820746,13.809754808288714
985,0.1,0.4,0.6761079309875576,0.1817557113797729,0,0.0,0.865744942849648,0.0,54,0.5400000000000001,3.1549070879938204,12.55456706015209
986,0.1,0.4,0.6257336214564766,0.4415606876895033,0,0.0,0.9740284314543467,0.0,40,0.4000000000000001,3.6005737872183112,3.5427385119510464
987,0.1,0.4,0.484927159736277,0.5823955767108774,0,0.0,0.9853973004662462,0.0,45,0.45000000000000007,3.431554126769927,2.3418063105162426
988,0.1,0.4,0.3420024294191455,0.1162193220070159,73,0.7300000000000001,19.74380015592761,13.426219128439367,134,1.3400000000000003,19.927984786822904,24.64538853713528
989,0.1,0.4,0.7644130131273709,0.379204104125858,13,0.13000000000000003,2.4465812642126608,1.637866168663223,64,0.6400000000000001,4.6067861977017595,8.063341138034328
990,0.1,0.4,2.421083444966788,0.4224308086896906,0,0.0,0.4167872491663804,0.0,39,0.39000000000000007,3.156439176994182,13.970076934993614
991,0.1,0.4,0.6360776758894899,0.2691558074964181,0,0.0,1.7364600634365244,0.0,151,1.5100000000000002,4.590918297550944,22.303004055697173
992,0.1,0.4,0.7728448676731534,0.488246165167024,0,0.0,0.961145329467276,0.0,44,0.44000000000000006,3.162995014480751,4.352975072265279
993,0.1,0.4,0.7188211223707527,0.2143903122839937,79,0.7900000000000001,4.988531036311868,16.554755921079796,132,1.3200000000000003,6.693380184671011,27.661111159272572
994,0.1,0.4,0.5660189469682866,0.0721542892767945,101,1.0100000000000002,25.876783203342104,49.518810850326226,160,1.6000000000000003,25.26097216573293,78.44564095101185
995,0.1,0.4,0.9207603943071134,0.2888369540454927,0,0.0,1.2319152856653326,0.0,52,0.5200000000000001,3.1572688567945573,10.360416974300302
996,0.1,0.4,0.7107335384315687,0.097089542928184,91,0.9100000000000001,21.444326741327025,41.6347309701477,127,1.2700000000000002,22.026743008516814,58.1056135517446
997,0.1,0.4,1.500012418440473,0.2251683084325265,15,0.15000000000000002,5.821658440802805,6.245379965224285,71,0.7100000000000002,4.760516975767512,29.561465168728283
998,0.1,0.4,0.68403998803016,0.1308806869849062,0,0.0,1.9154508693584347,0.0,62,0.6200000000000001,3.66773869026601,20.25245293770926
999,0.1,0.4,0.9821624763013694,0.136108,0,0.0,1.2454061235121483,0.0,66,0.6600000000000001,3.657233266248242,29.766216642248427
1000,0.1,0.4,0.7295177350431645,0.6607104794880337,19,0.19000000000000003,5.110949686214641,1.3111678068660746,76,0.7600000000000001,6.1976808518585,5.244671227464298
1001,0.1,0.4,0.5237798600213042,0.3301020445037927,0,0.0,1.7330054610021104,0.0,56,0.56,3.533205455248565,5.553523646999107
1002,0.1,0.4,0.8125337121484619,0.3336510202124522,0,0.0,1.6534783204903867,0.0,60,0.6000000000000001,3.256686235610625,9.132300625415606
1003,0.1,0.4,0.3026211254480511,0.4730182917881845,45,0.45000000000000007,2.669115581248672,1.7993424992194007,99,0.9900000000000002,4.217031772986581,3.9585534982826815
1004,0.1,0.4,0.5236215116652794,0.2597515060888792,0,0.0,0.3748904140134405,0.0,64,0.6400000000000001,3.318879635052045,8.0634221460277
1005,0.1,0.4,0.674441587525419,0.242323223112203,25,0.25000000000000006,2.5160521807912666,4.348798959398617,103,1.0300000000000002,5.009512688811317,17.9170517127223
1006,0.1,0.4,0.658944878312601,0.3577273542221191,0,0.0,1.3899405037144013,0.0,72,0.7200000000000002,3.720665239977919,8.289139528775113
1007,0.1,0.4,0.992832635554022,0.255173369484048,38,0.38000000000000006,4.775683676975376,9.2406880632119,100,1.0000000000000002,6.261857960512952,24.317600166347106
1008,0.1,0.4,0.5985860125484357,0.3770184841845774,13,0.13000000000000003,2.4402915477691174,1.2899928136083123,65,0.6500000000000001,4.523516205027115,6.449964068041561
1009,0.1,0.4,0.584120568609918,0.3741694518278352,6,0.06000000000000001,2.227417978833493,0.5854171476550883,67,0.6700000000000002,4.238540708315699,6.537158148815153
1010,0.1,0.4,1.990217472646589,0.382519073563162,0,0.0,0.8639446651521138,0.0,53,0.5300000000000001,3.3786446287097167,17.234684055704346
1011,0.1,0.4,0.6160514842567281,0.6355384124923911,0,0.0,1.8581982766606189,0.0,77,0.7700000000000001,4.100668396194671,4.664938750686449
1012,0.1,0.4,0.7793960788319031,0.0893957777424735,10,0.10000000000000002,2.643867716654056,5.449055442788535,85,0.8500000000000002,3.6012377459869374,46.31697126370255
1013,0.1,0.4,0.5438132690287841,0.1944500633494532,0,0.0,1.5378520638787534,0.0,47,0.4700000000000001,3.1552930834303403,8.215227345548435
1014,0.1,0.4,0.9929586736075672,0.225673354430575,0,0.0,1.3716378327504073,0.0,80,0.8000000000000002,3.5409664418310594,21.999909473429568
1015,0.1,0.4,0.7508746329464249,0.3339491614217873,0,0.0,0.8330686236914279,0.0,47,0.4700000000000001,3.190980831972977,6.604880290429202
1016,0.1,0.4,0.577334186481556,0.2021919929920947,167,1.6700000000000004,26.3215182411071,29.802988151152167,218,2.1800000000000006,26.860890975142024,38.90449950270163
1017,0.1,0.4,1.0483376947315115,0.3308546610902597,25,0.25000000000000006,2.4728554110574947,4.950897903690468,114,1.1400000000000001,4.862997955869722,22.57609444082853
1018,0.1,0.4,0.981990156406737,0.3616902482160153,21,0.21000000000000005,2.8974501507425225,3.5634416096120027,71,0.7100000000000002,4.461669422547553,12.047826394402486
1019,0.1,0.4,0.7402190053060536,0.3159339568911573,13,0.13000000000000003,2.279060885197756,1.9036508380717272,62,0.6200000000000001,4.559411519838312,9.078950150803623
1020,0.1,0.4,0.5006937028437243,0.4351999614533456,0,0.0,0.9824040626478169,0.0,44,0.44000000000000006,3.181840256908861,3.1638506543568465
1021,0.1,0.4,0.7373948658435618,0.7240126156586553,386,3.8600000000000008,7.641179390133638,24.570913204726644,441,4.410000000000001,8.921166775746197,28.07195006032241
1022,0.1,0.4,0.7810110957996333,0.2860571599689993,64,0.6400000000000001,3.9233104572086686,10.9210494278035,114,1.1400000000000001,5.903255922595543,19.45311929327498
1023,0.1,0.4,0.9087828342676172,0.592164312611118,0,0.0,1.4161181116578028,0.0,75,0.7500000000000001,3.6435945144235853,7.193813346916433
1024,0.1,0.4,0.3885813304962878,0.3648871253475664,0,0.0,1.6096787069396796,0.0,58,0.5800000000000001,3.5454923350098424,3.860391954655294
1025,0.1,0.4,0.5681060776926223,0.442957329265176,15,0.15000000000000002,2.1873905021053046,1.2023719050328507,88,0.8800000000000001,4.268062566188387,7.053915176192724
1026,0.1,0.4,0.633179950379616,0.3074025588777656,10,0.10000000000000002,2.1564899063469842,1.287359059182782,64,0.6400000000000001,4.027588817488016,8.239097978769804
1027,0.1,0.4,0.3826369925822503,0.7296775844847204,0,0.0,0.9427050863243379,0.0,58,0.5800000000000001,3.1548723166006103,1.9009205265503157
1028,0.1,0.4,1.076714838675651,0.3316465601954086,126,1.2600000000000002,5.170821032161598,25.566764056213295,171,1.7100000000000004,6.899156296481782,34.69775121914662
1029,0.1,0.4,1.3257603289719753,0.1144386928089025,97,0.9700000000000002,21.721218407461905,70.23343064407449,145,1.4500000000000002,21.7191156392607,104.98811797310105
1030,0.1,0.4,0.5602509147539537,0.3140512010547521,44,0.44000000000000006,5.053783651872141,4.90585614829337,99,0.9900000000000002,6.69617680294891,11.038176333660083
1031,0.1,0.4,0.9877076489848556,0.6337416939038673,0,0.0,0.9759223657292908,0.0,48,0.4800000000000001,3.154936499193979,4.6756004464557845
1032,0.1,0.4,0.6190635770049303,0.209921431096597,0,0.0,1.3260688905288884,0.0,54,0.5400000000000001,3.3328323530423654,9.952959835864561
1033,0.1,0.4,0.5519344504994068,0.4572885772675044,49,0.4900000000000001,4.5444954814559635,3.696351360348201,110,1.1000000000000003,6.1582154568057526,8.297931625271472
1034,0.1,0.4,1.0211318716863127,0.3903288283916347,0,0.0,1.1741130610934505,0.0,39,0.39000000000000007,3.1570820652742175,6.376697687156356
1035,0.1,0.4,1.0578317525288,0.263213953880853,0,0.0,0.7599710253579,0.0,58,0.5800000000000001,3.437417845046571,14.568528933890397
1036,0.1,0.4,0.917959407100714,0.1049119262161616,343,3.4300000000000006,41.12425283635437,187.57404900921605,403,4.030000000000001,41.965365204717564,220.3858360079128
1037,0.1,0.4,0.7095315224495472,0.8516988551834213,0,0.0,0.7527010812577009,0.0,54,0.5400000000000001,3.1945179154501306,2.811638026390804
1038,0.1,0.4,1.815416177825544,0.1428357931636198,7,0.07,2.6286701027500707,5.560543055821173,50,0.5000000000000001,3.6715162781429647,39.71816468443695
1039,0.1,0.4,0.4048248079849459,0.3070704826102582,67,0.6700000000000002,3.7438602415522273,5.520569313686062,128,1.2800000000000002,5.748437491020244,10.546759285848
1040,0.1,0.4,1.1729435159145267,0.8673635239198102,0,0.0,1.016806545700888,0.0,72,0.7200000000000002,3.813760173461861,6.0853905842867295
1041,0.1,0.4,0.8934080537840858,0.3055933550932274,0,0.0,1.123308071408428,0.0,64,0.6400000000000001,3.7174955359706394,11.694076967236853
1042,0.1,0.4,0.3706170275388233,0.4761970353018138,5,0.05000000000000001,2.13244009406866,0.24321407425914973,87,0.8700000000000002,4.135154341879373,4.231924892109205
1043,0.1,0.4,1.0097276678797793,0.2518130139203882,0,0.0,1.536101050642819,0.0,54,0.5400000000000001,3.302824112857907,13.533180140449995
1044,0.1,0.4,2.206123994962371,0.2800624979028372,0,0.0,0.5114686157761936,0.0,40,0.4000000000000001,3.1556371479456864,19.69314002662137
1045,0.1,0.4,0.3329898591409528,0.267983000886873,30,0.30000000000000004,3.42588773361297,2.3298342947986233,78,0.7800000000000001,4.925694166207546,6.05756916647642
1046,0.1,0.4,1.20589028767644,0.5826544944839968,0,0.0,0.2785546915521191,0.0,42,0.4200000000000001,3.157650686570267,5.432828606177683
1047,0.1,0.4,0.9212788253254378,0.3046337279075683,301,3.0100000000000007,10.665985452458418,56.893102482380165,350,3.500000000000001,11.449390647025053,66.15477032834903
1048,0.1,0.4,0.5565962902045619,0.5175804663036038,0,0.0,1.799396289259433,0.0,56,0.56,3.8141404224564157,3.7638341138114977
1049,0.1,0.4,0.642747394691823,0.1983671055777975,0,0.0,1.4479623415599587,0.0,59,0.5900000000000001,3.2727209075322827,11.948205883341666
1050,0.1,0.4,1.7636604287067938,0.1419864524413329,0,0.0,1.5354814865649569,0.0,46,0.4600000000000001,3.4844253032484014,35.71132066016729
1051,0.1,0.4,0.3925979027284036,0.4198603953707994,4,0.04000000000000001,2.1448344055162645,0.23376693006593363,57,0.5700000000000001,3.7380334181159576,3.331178753439554
1052,0.1,0.4,0.4029895119037351,0.2606518543345781,187,1.8700000000000003,11.07548951088611,18.06985003962077,225,2.2500000000000004,12.569204760131747,21.7417981760143
1053,0.1,0.4,0.308163528732024,0.1629275705549772,138,1.3800000000000003,23.9151345965476,16.31344790976822,179,1.7900000000000003,24.529705409956513,21.160196926438488
1054,0.1,0.4,0.3599491324185639,0.3960318606426088,44,0.44000000000000006,5.635525446866596,2.4994456570864902,102,1.0200000000000002,6.191030891426785,5.794169477791409
1055,0.1,0.4,0.8388961576527804,0.3742464589982516,27,0.2700000000000001,3.878028790892852,3.782633694994241,69,0.6900000000000002,5.403520434544623,9.66673055387417
1056,0.1,0.4,1.3627971644515335,0.1622334754243401,125,1.2500000000000002,77.27658507089471,65.62673221065845,179,1.7900000000000003,77.22254540101862,93.97748052566288
1057,0.1,0.4,0.5605080201994358,0.2238356764993573,48,0.4800000000000001,4.135397893476683,7.512314778842396,93,0.9300000000000002,5.436716469631519,14.555109884007141
1058,0.1,0.4,0.4740661283124695,0.2122965200096161,0,0.0,1.7396177797108667,0.0,60,0.6000000000000001,3.6879907872848148,8.373891296434048
1059,0.1,0.4,0.3957237271018874,0.3667206854253588,20,0.20000000000000004,2.878509973111694,1.348859441358237,77,0.7700000000000001,4.929111937013554,5.193108849229214
1060,0.1,0.4,0.5077470293422653,0.419825614265377,59,0.5900000000000001,6.872679216147612,4.459749731982976,123,1.2300000000000002,8.232373939084416,9.297444356506883
1061,0.1,0.4,0.5529275741647821,0.1973904192226767,0,0.0,1.9468440137038812,0.0,78,0.7800000000000001,3.5792626748767935,13.655789043198123
1062,0.1,0.4,0.7068235850592817,0.2691785204927084,20,0.20000000000000004,3.0967224979060832,3.2823179193751284,86,0.8600000000000002,4.407842146009911,14.113967053313052
1063,0.1,0.4,0.6662761733042063,0.1936507568869736,11,0.11000000000000001,2.8125658977375996,2.3654173962975853,49,0.4900000000000001,4.7139098424400085,10.536859310780153
1064,0.1,0.4,3.0673422519861497,0.0642040172188997,0,0.0,0.015304816890558555,0.0,38,0.38000000000000006,3.1548712815527296,113.46545222598067
1065,0.1,0.4,0.4565236189748242,0.6117694906045561,18,0.18000000000000005,2.9331603538432542,0.8395140314028147,69,0.6900000000000002,4.216208547914635,3.218137120377456
1066,0.1,0.4,0.7524460775501485,0.1435200043157642,79,0.7900000000000001,3.3767662720522007,25.886304321242147,150,1.5000000000000002,4.359449817623494,49.15121073653572
1067,0.1,0.4,0.5263918667455422,0.5000840910517036,60,0.6000000000000001,7.69242021129143,3.9472751395558685,122,1.2200000000000002,9.3628361248019,8.026126117096933
1068,0.1,0.4,0.9413356625509184,0.081052341146468,165,1.6500000000000004,6.152168374147191,119.76858265591713,224,2.24,8.032574864294617,162.59492433288142
1069,0.1,0.4,0.8111848596970205,0.631894062999762,0,0.0,0.5525784708883005,0.0,44,0.44000000000000006,3.1584744581355384,3.530272706752186
1070,0.1,0.4,0.8652307520329963,0.1725323643987704,0,0.0,0.9936284603551304,0.0,68,0.6800000000000002,3.639516221640989,21.31328060653669
1071,0.1,0.4,1.084853012288793,0.4937659844338793,0,0.0,1.0299010952886427,0.0,41,0.4100000000000001,3.1548712815583895,5.630067545412893
1072,0.1,0.4,1.1556177493932107,0.5916022424754479,0,0.0,0.9284873575441851,0.0,61,0.6100000000000001,3.7920154789344993,7.447221043528179
1073,0.1,0.4,1.014688779710618,1.1427189705487757,0,0.0,1.4848343301191402,0.0,83,0.8300000000000002,4.672418208520002,4.606292693487893
1074,0.1,0.4,1.0063221417740358,0.29912510689999,0,0.0,1.1728601216118766,0.0,72,0.7200000000000002,3.416449649301792,15.138982096535315
1075,0.1,0.4,0.9672923532580112,0.3199248983862572,0,0.0,0.8589429880239093,0.0,44,0.44000000000000006,3.1550268598704974,8.314620040131883
1076,0.1,0.4,0.9546628853772112,0.3122111077642593,7,0.07,2.5782115280378126,1.3377647430401338,56,0.56,3.3449858569796738,10.70211794432107
1077,0.1,0.4,0.8345164663243929,0.1774126444274427,0,0.0,1.3492054960279993,0.0,45,0.45000000000000007,3.191548126810953,13.229482989287446
1078,0.1,0.4,0.8524652916739417,0.4053951126186128,67,0.6700000000000002,2.443209595506787,8.805479636462534,206,2.0600000000000005,4.427388000418993,27.07356425539227
1079,0.1,0.4,0.8160050695097657,0.3971317879316115,9,0.09000000000000002,2.748603913517841,1.1557947904142245,56,0.56,3.9879778188032673,7.191612029244062
1080,0.1,0.4,0.5262871927792816,0.5699243297458391,48,0.4800000000000001,3.485270391140999,2.770300364334239,125,1.2500000000000002,5.086831451599243,7.214323865453747
1081,0.1,0.4,1.1284578995704395,0.1593343775860466,0,0.0,0.731947750889715,0.0,51,0.5100000000000001,3.3428910423577185,22.574912014441338
1082,0.1,0.4,0.6531097975984542,0.1386163786549547,1,0.010000000000000002,2.009908042658215,0.29447719487400087,63,0.6300000000000001,3.48250315388464,18.552063277062054
1083,0.1,0.4,0.6005147258061082,0.1834311126346039,70,0.7000000000000002,3.79518582048966,14.322826088043353,128,1.2800000000000002,5.324247550414279,26.19031056099356
1084,0.1,0.4,0.6499464707523028,0.2851077356566541,17,0.17000000000000004,3.6836326666781174,2.422130439862741,82,0.8200000000000002,4.6607684117828585,11.683217415808516
1085,0.1,0.4,1.24647370616215,0.7888362127075851,0,0.0,0.30297987472600185,0.0,40,0.4000000000000001,3.156576483824729,3.950356506465961
1086,0.1,0.4,1.042689952803826,0.3524157378968546,0,0.0,1.7215929507928318,0.0,54,0.5400000000000001,3.6506940652523863,9.985588645144107
1087,0.1,0.4,1.0749855076344526,0.2899167931410875,38,0.38000000000000006,3.2339580200592,8.806287324616507,131,1.3100000000000003,5.343043279846284,30.358516829599015
1088,0.1,0.4,0.8921164704486508,0.1775442000754364,0,0.0,1.5818900091760832,0.0,59,0.5900000000000001,3.154926131678822,18.528791610098526
1089,0.1,0.4,0.6724701767041845,0.3040520746359362,0,0.0,1.817406639751102,0.0,79,0.7900000000000001,3.783103645459117,10.920239572292262
1090,0.1,0.4,0.997797749130808,0.1360495242712117,59,0.5900000000000001,6.181874087775162,27.044410626420817,98,0.9800000000000002,7.824757178517348,44.921224430326106
1091,0.1,0.4,0.396938870580601,0.3767930922658597,0,0.0,1.3475099793589669,0.0,53,0.5300000000000001,3.6849875450661855,3.489607521441754
1092,0.1,0.4,0.53138293420744,0.22183309075325,0,0.0,1.4043923866302257,0.0,52,0.5200000000000001,3.7053987180553785,7.785107849825504
1093,0.1,0.4,1.281059318773634,0.2354704575233202,0,0.0,1.558396024936607,0.0,70,0.7000000000000002,3.8672605639769455,23.801858537093068
1094,0.1,0.4,0.5508880010416052,0.3323463607387287,17,0.17000000000000004,2.9811875852857628,1.7611701834365765,56,0.56,4.938166541169514,5.801501780732251
1095,0.1,0.4,1.0326354897901306,0.3113399359227476,0,0.0,0.16649405194631425,0.0,43,0.4300000000000001,3.280068194938044,8.913754898117487
1096,0.1,0.4,0.6891859234220873,0.3066105791957748,0,0.0,1.2721890603171941,0.0,47,0.4700000000000001,3.4149021672170607,6.602784728963062
1097,0.1,0.4,0.7945514621260537,0.1532072887605036,195,1.9500000000000004,32.98051534501653,63.20584368410077,293,2.9300000000000006,32.51029787175746,94.97083179200783
1098,0.1,0.4,2.0206550971782806,0.1386088980830125,0,0.0,1.0308287836236967,0.0,38,0.38000000000000006,3.154957694097354,34.62299983745831
1099,0.1,0.4,0.4701746405788295,0.1322142048409198,128,1.2800000000000002,6.054406341808736,28.449266318670908,165,1.6500000000000004,6.62726227842012,36.67288236391172
1100,0.1,0.4,0.7933841110740161,0.3710669849820154,0,0.0,1.486013027058205,0.0,71,0.7100000000000002,3.803931560606726,9.487887996992193
1101,0.1,0.4,1.1585925605770566,0.5182940466971337,9,0.09000000000000002,2.2967649478072736,1.2574103821520866,99,0.9900000000000002,4.457543747360029,13.831514203672953
1102,0.1,0.4,0.6074696416224106,0.3391470988524738,0,0.0,1.158857375645846,0.0,65,0.6500000000000001,3.1999145322066074,7.276622525863138
1103,0.1,0.4,1.0701110075788556,0.161139191176338,0,0.0,1.9477424434952726,0.0,67,0.6700000000000002,3.8297032427470565,27.808814302243253
1104,0.1,0.4,0.6208216318837834,0.4233538589709129,4,0.04000000000000001,2.0912352942437553,0.36660917263921633,64,0.6400000000000001,4.020964523707278,5.865746762227461
1105,0.1,0.4,0.8991402211553065,0.4046360609391483,0,0.0,0.9975791902017512,0.0,66,0.6600000000000001,3.227442409537218,9.166146496328746
1106,0.1,0.4,1.4612593259335382,0.6173269538991771,0,0.0,0.13183065748119474,0.0,38,0.38000000000000006,3.1559768491023243,5.621803611800432
1107,0.1,0.4,0.6492793934185617,0.2964633143217463,0,0.0,1.2905577322049189,0.0,49,0.4900000000000001,3.4188776110257146,6.707130515940839
1108,0.1,0.4,0.9838573177007036,0.1716399451579562,208,2.0800000000000005,70.18264902078833,74.51729909572435,259,2.5900000000000003,70.18587654292097,92.78836762400293
1109,0.1,0.4,0.3891350516093471,0.2674192352594594,87,0.8700000000000002,6.939709077673706,7.912377137242519,144,1.4400000000000004,7.811728082403259,13.096348365091066
1110,0.1,0.4,0.5109150826110446,0.1870333092672828,15,0.15000000000000002,2.200704013707524,2.560949660914979,101,1.0100000000000002,4.154740272460247,17.243727716827525
1111,0.1,0.4,0.7813190849706775,0.206706990902701,58,0.5800000000000001,12.050251507589621,13.701915308475892,126,1.2600000000000002,13.357114226841684,29.766229808068317
1112,0.1,0.4,0.7210221705460037,0.526413189352929,18,0.18000000000000005,2.871791243188099,1.5408997309914017,67,0.6700000000000002,4.570119682322406,5.73557122091244
1113,0.1,0.4,0.4960790634994982,0.470301954633844,48,0.4800000000000001,2.9520006411790978,3.1644290988694044,121,1.2100000000000002,5.425517591452511,7.976998353399957
1114,0.1,0.4,0.6439814546940342,0.361585848035078,401,4.010000000000001,36.57770668792267,44.63610867509252,482,4.820000000000001,36.978767698363704,53.6523800034778
1115,0.1,0.4,0.3865338962673222,0.2862165541756867,17,0.17000000000000004,2.9758905374931586,1.4349004583848666,79,0.7900000000000001,5.471996495892602,6.668066836023792
1116,0.1,0.4,0.7380552431848633,0.1058111226038419,39,0.39000000000000007,11.362571144462855,17.00208457289143,82,0.8200000000000002,12.933282236682896,35.74797269172044
1117,0.1,0.4,0.5400761561682401,0.2519041728324065,0,0.0,0.8556868552822918,0.0,51,0.5100000000000001,3.180847548923795,6.833919138495517
1118,0.1,0.4,0.9097938328166708,0.13559280140769,207,2.0700000000000003,9.205930367094275,86.80739382819573,289,2.8900000000000006,10.543094741041804,121.19486384709451
1119,0.1,0.4,0.545211461279056,0.3722085759128323,0,0.0,0.994287327643398,0.0,56,0.56,3.552039549131497,5.126803190379975
1120,0.1,0.4,1.0970184082517858,0.3974393230523007,0,0.0,1.9116034486073423,0.0,81,0.8100000000000002,4.225028026887671,13.973593878741177
1121,0.1,0.4,0.5425618639272464,0.1020292662829051,125,1.2500000000000002,33.898515973957224,41.54459515741723,163,1.6300000000000003,34.17007662128776,54.17415208527207
1122,0.1,0.4,0.8099600562509035,0.181033265982361,0,0.0,0.31281981178089024,0.0,48,0.4800000000000001,3.1849341910762323,13.422285432277768
1123,0.1,0.4,0.5970551609344421,0.2598169164891935,0,0.0,0.1603777125421186,0.0,45,0.45000000000000007,3.155665440554953,6.463080475354506
1124,0.1,0.4,1.569225551399977,0.3058161928192301,0,0.0,0.35751734807822777,0.0,38,0.38000000000000006,3.154871281560961,12.186766993002056
1125,0.1,0.4,0.4705497213349439,0.1479096078503502,106,1.0600000000000003,25.616109445639797,21.07633134284334,191,1.9100000000000004,25.360605528046218,37.97716308002904
1126,0.1,0.4,0.3209995182567558,0.0789580854513111,198,1.9800000000000004,190.44864123343135,50.30984497308872,246,2.4600000000000004,189.17756331355747,62.506171027170836
1127,0.1,0.4,0.8495181058104248,0.0743324010734252,86,0.8600000000000002,12.9630345325809,61.42892941424832,139,1.3900000000000003,12.186123306204601,99.28629289047113
1128,0.1,0.4,0.6508653237733163,0.3117533175532693,0,0.0,0.784428424416904,0.0,39,0.39000000000000007,3.154937123071338,5.08890888202457
1129,0.1,0.4,0.7800033263005935,0.4882638331537484,39,0.39000000000000007,6.419125656417635,3.8939154996946366,94,0.9400000000000002,7.188200212467802,9.38533479413579
1130,0.1,0.4,0.722759336955256,0.5312715275735369,0,0.0,0.4348209953284056,0.0,77,0.7700000000000001,3.3954984318459243,6.547083983558138
1131,0.1,0.4,0.4930688760175513,0.5058898798330588,0,0.0,0.6232301285203211,0.0,43,0.4300000000000001,3.4944861601421007,2.6193894306295538
1132,0.1,0.4,0.777340905809325,0.3339228641254718,0,0.0,0.7026558165144281,0.0,51,0.5100000000000001,3.154877732443506,7.420199104234437
1133,0.1,0.4,1.412741088319711,0.4476205032261261,0,0.0,0.9126666067194951,0.0,58,0.5800000000000001,3.1550181216436295,11.440911236748828
1134,0.1,0.4,0.7977442801899282,0.264817936352997,0,0.0,0.8283805527065717,0.0,42,0.4200000000000001,3.176309195169226,7.907616698240547
1135,0.1,0.4,0.417994880557848,0.2479197837501816,0,0.0,1.4412405591641826,0.0,67,0.6700000000000002,3.6856236396031763,7.060160895024605
1136,0.1,0.4,0.4489780431809995,0.1008981050859301,376,3.7600000000000007,772.0023505867622,104.57068550264367,416,4.160000000000001,773.7138866721998,115.69522651356321
1137,0.1,0.4,3.165116436770316,0.1436663068186919,0,0.0,0.9367711668882072,0.0,39,0.39000000000000007,3.1913024488504034,53.70063089576044
1138,0.1,0.4,0.5873494308362706,0.2718204887942832,7,0.07,2.3343641364413994,0.9453495471614085,60,0.6000000000000001,3.9572442978777955,8.10299611852636
1139,0.1,0.4,1.5299864158495724,0.4280124791797761,0,0.0,1.0762055246069635,0.0,49,0.4900000000000001,3.3924182283923083,10.947305572768713
1140,0.1,0.4,0.563985859471667,0.3118045209309507,0,0.0,1.0334957826997588,0.0,47,0.4700000000000001,3.1548728158914425,5.313291985798054
1141,0.1,0.4,0.6100042252101069,0.3682499532938863,0,0.0,1.3407516839883418,0.0,71,0.7100000000000002,3.154880057078891,7.350696789388538
1142,0.1,0.4,0.7023191486076791,0.2404232396628079,0,0.0,1.1193997153991515,0.0,51,0.5100000000000001,3.1548770066147442,9.311255805914017
1143,0.1,0.4,0.7222191017931865,0.1631793419214215,0,0.0,1.755493862748037,0.0,71,0.7100000000000002,3.3278331697937764,19.640030572929685
1144,0.1,0.4,0.7199847759306091,0.1368496512592024,30,0.30000000000000004,2.7539261892867843,9.864632042890308,87,0.8700000000000002,4.840366346362773,28.607432924381893
1145,0.1,0.4,0.5008298200066246,0.4418983025069107,0,0.0,1.5383933325840136,0.0,54,0.5400000000000001,3.8300800843542286,3.825089693563428
1146,0.1,0.4,3.75413749809348,0.4520842635921379,0,0.0,0.06621065460868543,0.0,38,0.38000000000000006,3.1548828565679914,19.722156412008925
1147,0.1,0.4,1.147828879739164,0.3286837103028394,24,0.24000000000000005,7.417546378723064,5.238298296019547,70,0.7000000000000002,7.880137902082769,15.278370030057014
1148,0.1,0.4,0.5378788074924811,0.522071286487536,28,0.28,2.092776400699699,1.8029873265867002,161,1.6100000000000003,4.368210237847459,10.367177127873527
1149,0.1,0.4,1.201938599102653,0.5317293589486225,0,0.0,1.8331544510353937,0.0,130,1.3000000000000003,4.50569418918788,18.366018263536688
1150,0.1,0.4,0.4536767734823295,0.3582100418619565,0,0.0,0.9694321259070457,0.0,54,0.5400000000000001,3.263968869049312,4.2744728834065615
1151,0.1,0.4,0.5981120994734556,0.2396320213825721,0,0.0,0.5629394909196389,0.0,48,0.4800000000000001,3.1804341487247516,7.487881995351998
1152,0.1,0.4,0.5772892417033415,0.182333016578616,0,0.0,1.5780489752670441,0.0,66,0.6600000000000001,3.5123848001317794,13.060268330500294
1153,0.1,0.4,0.4250663144340373,0.3463760518669899,35,0.3500000000000001,2.8044926393755283,2.6844597304363202,115,1.1500000000000001,4.202686943793127,8.820367685719336
1154,0.1,0.4,1.4409943625538373,0.2996767094279718,5,0.05000000000000001,2.300564071324832,1.5026551084254602,56,0.56,4.550282166977803,16.829737214365153
1155,0.1,0.4,0.6315460462929865,0.8886222737366405,2,0.020000000000000004,2.0480729701477562,0.08883780895415593,55,0.5500000000000002,3.497110344029784,2.4430397462392883
1156,0.1,0.4,0.5279444394147513,0.1526501136579951,0,0.0,1.9898536807627567,0.0,65,0.6500000000000001,3.58373745536832,14.050263270210765
1157,0.1,0.4,0.4024957643711007,0.8259016528680437,37,0.37000000000000005,5.837231683425334,1.1269761379892551,108,1.0800000000000003,5.685197679925106,3.289551970347015
1158,0.1,0.4,0.9815350934647292,0.2252305064895985,50,0.5000000000000001,5.174733871576002,13.618480084619138,119,1.1900000000000002,5.472488687322213,32.411982601393554
1159,0.1,0.4,0.6651048391612924,0.2081254902227155,0,0.0,1.380342208932196,0.0,69,0.6900000000000002,3.7678163019561923,13.781419161169243
1160,0.1,0.4,0.6350088920752571,0.3403204090710927,0,0.0,0.046245387860747035,0.0,43,0.4300000000000001,3.2124464989832004,5.014646056962599
1161,0.1,0.4,1.0163442811225905,0.2937879024523276,0,0.0,0.7971245243070386,0.0,55,0.5500000000000002,3.154943115783412,11.89185612203967
1162,0.1,0.4,0.7545361077885536,0.390820789274838,26,0.26000000000000006,2.817354738136839,3.1372977303266,77,0.7700000000000001,3.685674110274799,9.291227893659546
1163,0.1,0.4,1.179855668000513,0.3022542596412041,205,2.0500000000000003,23.399845808837192,50.01385510398212,269,2.6900000000000004,23.43064042976633,65.62793669742044
1164,0.1,0.4,2.0099997899037554,0.2583402341525961,0,0.0,0.18331099388751668,0.0,40,0.4000000000000001,3.1550175352613703,19.45109127597689
1165,0.1,0.4,0.9843307172479632,0.2509349377651602,41,0.4100000000000001,4.329887411703893,10.051798627214152,78,0.7800000000000001,5.362168903569917,19.122933973724486
1166,0.1,0.4,1.26636203345053,0.1562188635245474,0,0.0,1.104351212902947,0.0,85,0.8500000000000002,4.082612180301347,43.06489082638096
1167,0.1,0.4,0.3502274244169661,0.6002489127703958,0,0.0,0.7956170433886006,0.0,52,0.5200000000000001,3.160707296778418,1.8962785356856335
1168,0.1,0.4,0.5301873156639644,0.1710906483338999,69,0.6900000000000002,7.458402170027831,13.363867757042176,136,1.3600000000000003,8.153014021628193,26.34037702837298
1169,0.1,0.4,0.95427744417537,0.1558333594872826,0,0.0,0.9599539579975176,0.0,48,0.4800000000000001,3.1551932848826065,18.371113489084102
1170,0.1,0.4,0.8349829333158559,0.1389030967070747,16,0.16000000000000003,2.5038922840990647,6.0112621900482655,83,0.8300000000000002,4.298680772941142,31.183422610875375
1171,0.1,0.4,0.5514691561351615,0.2295573968164957,0,0.0,1.1273434832680154,0.0,55,0.5500000000000002,3.2678450088531683,8.257957489080555
1172,0.1,0.4,0.3464536842862872,0.2949503935106793,0,0.0,1.8061186037660961,0.0,64,0.6400000000000001,3.3913719357897723,4.6984671579865935
1173,0.1,0.4,0.3622792233394608,0.332382616210035,70,0.7000000000000002,8.998956267280986,4.768515333872291,127,1.2700000000000002,10.20373381334473,8.651449248596872
1174,0.1,0.4,0.5973064382423343,0.4236179051723719,61,0.6100000000000001,3.772225875262479,5.3756717267941845,142,1.4200000000000004,5.232255176803048,12.513858773848757
1175,0.1,0.4,1.4568248936091888,0.0892425296536275,29,0.29000000000000004,5.838215437131304,29.587856035850553,76,0.7600000000000001,5.909344140920244,77.54058823188421
1176,0.1,0.4,1.0852918370626226,0.8189734918309443,67,0.6700000000000002,5.419324141752223,5.549214489884684,132,1.3200000000000003,6.804063373412508,10.932780786041468
1177,0.1,0.4,0.7655821990083586,0.2112131392404461,0,0.0,1.8201662407222705,0.0,81,0.8100000000000002,3.492020697893031,18.349994211617823
1178,0.1,0.4,0.4107841568803065,1.1469860119445143,0,0.0,1.078409515762006,0.0,47,0.4700000000000001,3.1554820371381145,1.0520428743417611
1179,0.1,0.4,0.434418775107084,0.5328941093236647,0,0.0,0.6617079089949571,0.0,52,0.5200000000000001,3.1548835777918174,2.6494213285448405
1180,0.1,0.4,0.851879689733182,0.1661639354089547,78,0.7800000000000001,7.7526518160751765,24.992869103805894,122,1.2200000000000002,9.191895897254323,39.09141064954255
1181,0.1,0.4,0.4920630689805614,0.4918050954655106,25,0.25000000000000006,3.494546391005393,1.563319600327413,82,0.8200000000000002,3.8217583703728506,5.127688289073914
1182,0.1,0.4,1.216904890355872,0.7054683045610601,0,0.0,0.09320569927740262,0.0,38,0.38000000000000006,3.1592022028076223,4.096780955160609
1183,0.1,0.4,0.8901249329274586,0.9128842105763614,31,0.31000000000000005,3.107423670763275,1.8891958449561657,114,1.1400000000000001,4.427483127195334,6.947365365322672
1184,0.1,0.4,0.4942043473811159,0.2354856977327215,0,0.0,1.8381737836513359,0.0,69,0.6900000000000002,3.630429691080103,9.050470022600093
1185,0.1,0.4,0.6736771010016287,0.3156467273617704,33,0.33000000000000007,12.437858003994243,4.401943376474062,77,0.7700000000000001,11.560345950008823,10.27120121177281
1186,0.1,0.4,0.464843925486109,0.978084576385966,136,1.3600000000000003,6.627175688889188,4.039705217754848,203,2.0300000000000002,9.128469872951872,6.029854111795837
1187,0.1,0.4,0.4960873186128389,0.3171633075710151,0,0.0,1.398479804177206,0.0,70,0.7000000000000002,3.794519367395849,6.843105640286611
1188,0.1,0.4,1.212983222590675,0.6631058279872832,0,0.0,0.4236120764310562,0.0,39,0.39000000000000007,3.4260157193333636,4.458785431036012
1189,0.1,0.4,0.4450870906560824,0.3088909190746042,8,0.08000000000000002,2.432441316812116,0.7204599798360918,63,0.6300000000000001,4.179147950884092,5.673622341209223
1190,0.1,0.4,1.0945730753758929,0.0948123605614302,0,0.0,1.5138356738670993,0.0,50,0.5000000000000001,3.7845175407392433,36.07695072978856
1191,0.1,0.4,0.4716418242334402,0.2323306949013953,1,0.010000000000000002,2.035196520681294,0.12687782829169758,81,0.8100000000000002,3.901516837537384,10.277104091627503
1192,0.1,0.4,0.7407523534516176,0.2656109563252962,0,0.0,1.1852407687635444,0.0,83,0.8300000000000002,3.5695923878873606,14.467222612700262
1193,0.1,0.4,1.0497488588536417,0.2392202570259844,0,0.0,1.6019577774742653,0.0,66,0.6600000000000001,3.255805522774237,18.1013685739035
1194,0.1,0.4,1.2377522514949606,0.3443861725711165,0,0.0,1.6883045667479655,0.0,77,0.7700000000000001,4.057251462628187,17.296521128732106
1195,0.1,0.4,0.8004060744621531,0.6905470621180021,0,0.0,1.506835209329081,0.0,44,0.44000000000000006,3.3435496923894905,3.187497023041117
1196,0.1,0.4,0.5381566845584732,0.4218617008463198,22,0.22000000000000003,2.5942337537414955,1.7540474515307163,73,0.7300000000000001,4.6061833472585985,5.820248361897376
1197,0.1,0.4,0.440942397631682,0.3450239788150149,150,1.5000000000000002,7.163834213586674,11.981297624572873,199,1.9900000000000004,8.285123173003347,15.895188181933346
1198,0.1,0.4,0.8433953790817712,0.1268952264366168,45,0.45000000000000007,4.231899818137347,18.692976641263193,94,0.9400000000000002,5.613270210201381,39.04755120619423
1199,0.1,0.4,0.8568677975513846,0.0963971605814201,41,0.4100000000000001,4.646135039683797,22.777888041327163,103,1.0300000000000002,5.630501034483964,57.22249922577312
1200,0.1,0.4,0.6768795780284044,0.3476773436551801,158,1.5800000000000003,9.466533265860873,19.22525570046849,214,2.1400000000000006,11.309699697830347,26.039270379115553
1201,0.1,0.4,0.5003442599773765,0.723189052853821,30,0.30000000000000004,2.677319788585468,1.2972340825065136,82,0.8200000000000002,5.059768423679417,3.5457731588511368
1202,0.1,0.4,0.8022298522911762,0.3670115955403101,0,0.0,1.0600047642787327,0.0,43,0.4300000000000001,3.154871281550761,5.874453979740093
1203,0.1,0.4,0.4698200875840529,0.4413141762981079,0,0.0,1.7711467565367445,0.0,71,0.7100000000000002,4.03770187149081,4.724132490241904
1204,0.1,0.4,1.3394563299039135,0.0817084634031013,32,0.32000000000000006,5.427830610130416,32.78623227304685,104,1.0400000000000003,7.87711145824038,106.55525488740226
1205,0.1,0.4,1.1276454989652491,0.2082989266780743,0,0.0,1.5167188724810483,0.0,66,0.6600000000000001,3.5011080760129993,22.331068898979964
1206,0.1,0.4,0.6047879916021487,0.2182641288723698,0,0.0,0.7809422282485778,0.0,38,0.38000000000000006,3.1549080105043923,6.580886595868546
1207,0.1,0.4,0.4622305498037207,0.5269868519465384,0,0.0,1.8400517306876565,0.0,74,0.7400000000000001,3.62085874702567,4.05667861531218
1208,0.1,0.4,0.8116688556761018,0.1890104699102235,0,0.0,1.902001770362996,0.0,59,0.5900000000000001,3.8409751826405234,15.835254558793803
1209,0.1,0.4,0.5052489054628624,0.8042789217261496,0,0.0,0.605148541179601,0.0,58,0.5800000000000001,3.285235018664299,2.2772289970897632
1210,0.1,0.4,0.6559578681469702,0.2357620148654312,0,0.0,1.0275722614912246,0.0,70,0.7000000000000002,3.5371105484706598,12.172510804087906
1211,0.1,0.4,0.3138946886256177,0.4825809985998241,178,1.7800000000000002,25.357975042628905,7.236253439509687,256,2.5600000000000005,26.01026494676746,10.407195957946517
1212,0.1,0.4,0.7725171917461259,0.3658413397694903,47,0.4700000000000001,3.4874705624805533,6.202878144345492,104,1.0400000000000003,5.441861934188253,13.725517595998536
1213,0.1,0.4,0.6233877826769056,0.1412397723197639,0,0.0,1.5998249291963984,0.0,52,0.5200000000000001,3.7003879141051237,14.344474367411882
1214,0.1,0.4,0.8171536587105047,0.3793462627833904,132,1.3200000000000003,6.639391806588246,17.771409252583364,177,1.7700000000000002,8.55047289597093,23.829844225054966
1215,0.1,0.4,0.4923060272941568,0.2754547950236459,18,0.18000000000000005,2.302189103227304,2.0106539828373022,89,0.8900000000000001,3.8961963133474833,9.941566915139996
1216,0.1,0.4,0.9818079504215916,0.6740600591276904,0,0.0,1.053327979469191,0.0,45,0.45000000000000007,3.1570202762134105,4.096570955612182
1217,0.1,0.4,1.0055034985857558,0.6423885984484946,0,0.0,0.8950835897933835,0.0,55,0.5500000000000002,3.2861959811038353,5.380572265349234
1218,0.1,0.4,0.3688761454977474,0.2738591220334299,37,0.37000000000000005,5.037269078996,3.114835394672054,90,0.9000000000000001,5.45101525446653,7.57662663568878
1219,0.1,0.4,0.9271214854456298,0.1777186457927067,15,0.15000000000000002,2.3891422067830064,4.890743955021446,86,0.8600000000000002,4.309506695503553,28.04026534212296
1220,0.1,0.4,0.5579406167333536,0.1779516902045162,2,0.020000000000000004,2.166550019143342,0.39191859887093794,48,0.4800000000000001,4.105907733541435,9.40604637290251
1221,0.1,0.4,2.096545351005653,0.3516694462717805,0,0.0,1.0822408323050332,0.0,40,0.4000000000000001,3.189820830636478,14.90423303212828
1222,0.1,0.4,0.7846065508034553,0.4417542735308657,57,0.5700000000000001,3.4581130112037264,6.327410971932587,115,1.1500000000000001,4.748808024845675,12.76582915389908
1223,0.1,0.4,0.8709665756911806,0.2881082445085006,0,0.0,1.7952843757096086,0.0,67,0.6700000000000002,3.72484202920766,12.65903564102696
1224,0.1,0.4,1.683110569796277,0.275910134248898,0,0.0,0.639155855841191,0.0,43,0.4300000000000001,3.154871281550761,16.39432226236018
1225,0.1,0.4,0.4764286465745092,0.253793669064983,187,1.8700000000000003,6.147383184007721,21.940105233333625,231,2.3100000000000005,7.81091618422167,27.10248293529448
1226,0.1,0.4,0.73510725950062,0.649348645824095,42,0.4200000000000001,7.031927610276248,2.9716802654453534,98,0.9800000000000002,7.923787174979902,6.933920619372492
1227,0.1,0.4,0.531224359531835,0.4415948084538901,0,0.0,0.8426428775219919,0.0,49,0.4900000000000001,3.160554515994801,3.684089056124213
1228,0.1,0.4,1.0769526874900477,0.1636408088329882,2,0.020000000000000004,2.0707090465907823,0.8226498444752139,75,0.7500000000000001,3.269690182433233,30.849369167820523
1229,0.1,0.4,1.0161175643783495,0.4070951108405629,0,0.0,0.4313092563755286,0.0,41,0.4100000000000001,3.154878701054506,6.396051412514479
1230,0.1,0.4,0.5613858933861179,0.5690736531356483,0,0.0,1.117088637528697,0.0,59,0.5900000000000001,3.1551030841120746,3.637684630899375
1231,0.1,0.4,0.7724859441758909,0.2878296997482269,95,0.9500000000000002,7.459036069087334,15.93523982256319,175,1.7500000000000004,8.865163407264147,29.35438914682693
1232,0.1,0.4,0.7989632683934927,0.483660297386282,0,0.0,1.359329379835097,0.0,45,0.45000000000000007,4.512578747640981,4.645996796718737
1233,0.1,0.4,1.1057697487338092,0.4967470489669868,31,0.31000000000000005,2.962911732524264,4.312917193221492,99,0.9900000000000002,5.081817246457445,13.77350974609444
1234,0.1,0.4,3.034931548052092,0.2870007288085288,0,0.0,0.9869790769938989,0.0,41,0.4100000000000001,3.155947203480459,27.097534296060562
1235,0.1,0.4,0.5319837410389892,0.3481851387662291,0,0.0,0.9251617270784559,0.0,46,0.4600000000000001,3.154871281907737,4.392643697851694
1236,0.1,0.4,0.9715679212732996,0.1745631843310078,0,0.0,1.7596036084895215,0.0,51,0.5100000000000001,3.356869682936806,17.74069807976425
1237,0.1,0.4,0.7909612940731914,0.2631314347818501,1,0.010000000000000002,2.0404564363690114,0.18787219748396372,63,0.6300000000000001,4.20392627739571,11.835948441489714
1238,0.1,0.4,0.7865319901171234,0.3752439760270359,49,0.4900000000000001,7.025250653240628,6.419168257507597,102,1.0200000000000002,8.054284489895844,13.362350250321935
1239,0.1,0.4,1.0015636532161911,0.1121446211282047,0,0.0,0.25714171259531543,0.0,38,0.38000000000000006,3.1548884445252487,21.211125887786345
1240,0.1,0.4,1.0924451056697149,0.4848744250232991,0,0.0,1.1784751329486256,0.0,42,0.4200000000000001,3.156035557580032,5.9142496580330155
1241,0.1,0.4,0.3684070736946229,0.4535078273200422,75,0.7500000000000001,3.8482078520172793,3.807890523408451,125,1.2500000000000002,5.507224718240711,6.346484205680752
1242,0.1,0.4,0.3606614775536927,0.2407451568844324,0,0.0,1.4686484882215927,0.0,53,0.5300000000000001,3.154871281602048,4.962472183688032
1243,0.1,0.4,1.040932538907332,0.0643282389659029,177,1.7700000000000002,13.551279730039413,179.00872768747857,218,2.1800000000000006,15.126818559664322,220.47402619135784
1244,0.1,0.4,0.4017989893096032,0.85894401867324,0,0.0,1.9510342989308678,0.0,75,0.7500000000000001,3.5866916783935436,2.1927305172902796
1245,0.1,0.4,0.41717468539514,0.1250282226025873,58,0.5800000000000001,7.682820121593613,12.095334981800246,107,1.0700000000000003,8.573630348138337,22.31380763883839
1246,0.1,0.4,0.6347967768884294,0.3052519411973248,0,0.0,0.9725575150649861,0.0,63,0.6300000000000001,3.4038370177738164,8.188358439897437
1247,0.1,0.4,0.5004388799708024,0.3843291059027402,0,0.0,1.9210091698992953,0.0,58,0.5800000000000001,4.064999626843982,4.720149767562073
1248,0.1,0.4,0.8385113628631745,0.4067214369084843,0,0.0,1.4095025597608992,0.0,73,0.7300000000000001,3.4380433943278397,9.406212080048414
1249,0.1,0.4,0.373196739869934,0.5263026665268746,19,0.19000000000000003,3.042442472628329,0.8420461395722701,70,0.7000000000000002,4.715761635487581,3.102275251055732
1250,0.1,0.4,0.560974984075275,0.4112848494901405,0,0.0,0.6791076160031825,0.0,43,0.4300000000000001,3.1548780074508476,3.6656353171561284
1251,0.1,0.4,1.4140823428209706,0.5586478945459431,146,1.4600000000000002,5.793016758009705,23.09773562957584,222,2.2200000000000006,7.276499979784784,35.12121445045094
1252,0.1,0.4,1.3225752574239218,0.1226513552611845,10,0.10000000000000002,2.186442238902261,6.739505928244304,94,0.9400000000000002,4.4133535003830975,63.351355725496454
1253,0.1,0.4,0.7758924704915517,0.4757727273492063,0,0.0,0.6302470354707859,0.0,47,0.4700000000000001,3.321296134899375,4.7904892421378
1254,0.1,0.4,0.4494414881198311,0.2709225887881936,74,0.7400000000000001,6.354559246445457,7.672549165619091,135,1.3500000000000003,7.604152674621002,13.997218072413206
1255,0.1,0.4,0.4187783190993799,0.6711996654759904,0,0.0,0.6544033522226083,0.0,50,0.5000000000000001,3.1548712975286533,1.949765940746547
1256,0.1,0.4,0.8876632371396325,0.5561964887745576,0,0.0,0.8212768474104193,0.0,50,0.5000000000000001,3.270031502496933,4.9873519017947485
1257,0.1,0.4,0.5460637967412484,0.2045910905479206,0,0.0,1.1658840535849002,0.0,67,0.6700000000000002,3.1548712816510127,11.176645780273535
1258,0.1,0.4,0.5819404165324299,0.1698986447690136,0,0.0,1.701237638945685,0.0,77,0.7700000000000001,3.3945109663997117,16.483876362697714
1259,0.1,0.4,0.3263189593422608,0.3019910350463921,114,1.1400000000000001,15.800497107133781,7.698978828813367,163,1.6300000000000003,15.794792185861274,11.008189027162972
1260,0.1,0.4,0.3486471259547299,0.1675887030536817,12,0.12000000000000002,2.3807308935008074,1.5602802557776756,70,0.7000000000000002,3.861274261567983,9.101634825369775
1261,0.1,0.4,0.3319693104018799,0.5966624443258508,0,0.0,0.6749080491030996,0.0,50,0.5000000000000001,3.154871287778066,1.738678384857963
1262,0.1,0.4,0.8830095019892458,0.2601457283943407,9,0.09000000000000002,2.223376598755409,1.9092869521041729,83,0.8300000000000002,4.007707164014976,17.60786855829404
1263,0.1,0.4,0.434703118705402,0.204201525686381,21,0.21000000000000005,2.9658088557488482,2.7940429993510683,83,0.8300000000000002,4.026120873965147,11.043122330768506
1264,0.1,0.4,0.6444812203648966,0.3652028172299037,27,0.2700000000000001,2.462071129492475,2.9779673322758557,121,1.2100000000000002,4.601030166136493,13.345705452051055
1265,0.1,0.4,0.4561855734817227,0.154103031404101,0,0.0,1.2446457392445436,0.0,45,0.45000000000000007,3.447045420901489,8.325740991122393
1266,0.1,0.4,0.5859646087944053,0.1591588107024555,248,2.4800000000000004,10.567716237420212,57.065338677936964,296,2.9600000000000004,11.504521991957375,68.11024293818284
1267,0.1,0.4,1.446528869585834,0.2845289972722191,0,0.0,0.5610843390684006,0.0,46,0.4600000000000001,3.1577058254975636,14.616332746150398
1268,0.1,0.4,1.0253780866907385,0.3479614034975295,0,0.0,0.9827275936787262,0.0,70,0.7000000000000002,3.503032384116772,12.892318182938444
1269,0.1,0.4,0.7750026553599079,0.8271017712348544,46,0.4600000000000001,4.653614004385434,2.6939038358401244,122,1.2200000000000002,6.103638949892856,7.144701477662938
1270,0.1,0.4,1.174306705796096,0.097320900732354,153,1.5300000000000002,16.521103217361212,115.38433974277865,199,1.9900000000000004,16.180645967404157,150.07505626675132
1271,0.1,0.4,1.1277778513591212,0.7374954748200194,0,0.0,0.7081636556019613,0.0,59,0.5900000000000001,3.4105182932595537,5.638923856314721
1272,0.1,0.4,0.663258386198264,0.2104802557078005,59,0.5900000000000001,5.004102236859874,11.619927441087091,114,1.1400000000000001,6.184905628108517,22.45206319125302
1273,0.1,0.4,1.0734721773284863,0.1563014905513927,0,0.0,0.0041160449346508785,0.0,38,0.38000000000000006,3.155269002888818,16.3114018437135
1274,0.1,0.4,1.2126935306027165,0.7780249219085807,0,0.0,0.2004056874990191,0.0,39,0.39000000000000007,3.2888433065960325,3.799287654684472
1275,0.1,0.4,0.8558230965178417,0.6058713689079015,24,0.24000000000000005,3.1226916332056733,2.118823748167415,80,0.8000000000000002,4.450804836314682,7.062745827224717
1276,0.1,0.4,0.4681614824917209,0.3573770671689844,0,0.0,1.1458824705719197,0.0,48,0.4800000000000001,3.3335085990554387,3.929979219430601
1277,0.1,0.4,0.6160158729901083,0.3129927068338376,0,0.0,1.9325927649402517,0.0,88,0.8800000000000001,4.252111318762255,10.82481229584775
1278,0.1,0.4,0.8263259040661557,0.3312580711407362,0,0.0,0.6477930470416172,0.0,53,0.5300000000000001,3.229694357926604,8.263057705411287
1279,0.1,0.4,0.3970245699291581,0.1225866484142372,707,7.070000000000001,1136.5259443571372,143.1112067316066,757,7.570000000000001,1136.373128738213,153.232225595228
1280,0.1,0.4,0.3825642754196572,0.5227835629888737,185,1.8500000000000003,6.664835862534337,8.46124428482448,228,2.2800000000000002,7.798637137699328,10.42791187535125
1281,0.1,0.4,1.1698155850127572,0.2383728147033793,0,0.0,0.7994525283284829,0.0,52,0.5200000000000001,3.3141725740177246,15.949388591238392
1282,0.1,0.4,0.770445179833511,0.2734178259481932,0,0.0,0.6943343530235315,0.0,44,0.44000000000000006,3.1548907953416974,7.749034786574626
1283,0.1,0.4,0.7750880456928243,0.5995585944654575,42,0.4200000000000001,6.511106638473453,3.393506720986357,100,1.0000000000000002,7.0302618473206016,8.079777907110374
1284,0.1,0.4,0.6606540254295995,0.3294909000351115,0,0.0,1.1074735150937538,0.0,61,0.6100000000000001,4.079536375102097,7.644349120664467
1285,0.1,0.4,0.8435624380088416,0.582264578592593,0,0.0,1.5831754322202303,0.0,45,0.45000000000000007,3.8763691470346253,4.074641398648268
1286,0.1,0.4,0.4447630115179846,0.4454052063002794,1,0.010000000000000002,2.0297969561603857,0.062409886159107066,67,0.6700000000000002,3.813792278031058,4.181462372660174
1287,0.1,0.4,0.4210948718986328,0.2682258152468268,12,0.12000000000000002,2.598449149449323,1.17744503314623,69,0.6900000000000002,4.081139062508201,6.770308940590823
1288,0.1,0.4,0.9241353048061324,0.4764112854764604,0,0.0,0.07766384587713067,0.0,45,0.45000000000000007,3.1944579729390705,5.455644364444156
1289,0.1,0.4,0.650253520736849,0.3898557804692625,0,0.0,0.9559310586497061,0.0,58,0.5800000000000001,3.242281757555157,6.046258977701433
1290,0.1,0.4,0.4932019142599465,0.8047505902762278,88,0.8800000000000001,4.330611469638754,3.370746863942792,152,1.5200000000000002,6.153113108554737,5.8221991286284585
1291,0.1,0.4,0.7590304289140205,0.3145172345028406,0,0.0,1.1406166907590563,0.0,64,0.6400000000000001,3.1815242503063654,9.653276140670952
1292,0.1,0.4,0.6649130950462085,0.0902145880831383,180,1.8000000000000003,4.727296833683271,82.91643821924139,207,2.0700000000000003,5.644554415702871,95.35390395212758
1293,0.1,0.4,0.6305724187158513,0.1872762385442856,40,0.4000000000000001,3.3203650172100057,8.417677859419664,100,1.0000000000000002,5.13080920829378,21.044194648549162
1294,0.1,0.4,0.5071831292004323,0.3777699957106253,12,0.12000000000000002,2.249831016788678,1.0069284252836845,91,0.9100000000000001,3.9111556901292666,7.635873891734608
1295,0.1,0.4,0.4177542967014916,0.240311291124182,28,0.28,3.5640390762097836,3.04217923264299,96,0.9600000000000002,4.737853017299744,10.430328797633111
1296,0.1,0.4,1.1543179980143523,0.2969457222886764,0,0.0,1.6823851072739855,0.0,74,0.7400000000000001,3.8702500418473997,17.978776389397964
1297,0.1,0.4,0.5743881320014995,0.5740977143618983,13,0.13000000000000003,3.192186761384905,0.8129110177174949,70,0.7000000000000002,4.288519078223002,4.377213172324972
1298,0.1,0.4,0.5655496314687231,0.2000639934864521,0,0.0,1.364753323380272,0.0,63,0.6300000000000001,3.2652170770788844,11.130696909031233
1299,0.1,0.4,0.4004560533765107,1.043675049090245,3,0.030000000000000006,2.1577079858979906,0.07194337938187427,66,0.6600000000000001,4.225765172541163,1.582754346401234
1300,0.1,0.4,0.6123650615855992,0.1953977381739997,92,0.9200000000000002,4.108516266076077,18.020163063411168,153,1.5300000000000002,5.172417526558148,29.968314659803355
1301,0.1,0.4,0.7004012151893984,0.3001858847181448,80,0.8000000000000002,6.065422923324564,11.666125071920522,135,1.3500000000000003,7.494335887650559,19.68658605886588
1302,0.1,0.4,0.8404018974817151,0.5563357499990585,0,0.0,0.6939067840259251,0.0,56,0.56,3.212438556538056,5.287107005420701
1303,0.1,0.4,1.1792277194790994,0.9345927895881404,0,0.0,0.5643754136053815,0.0,54,0.5400000000000001,3.6224274675947217,4.25842527096302
1304,0.1,0.4,0.6036660090179881,0.5912851586312436,131,1.3100000000000003,6.035982298766492,8.358937099446441,226,2.2600000000000002,7.504416548537418,14.420761713548822
1305,0.1,0.4,1.777025713150306,0.1210560669553431,0,0.0,1.7584743950152553,0.0,56,0.56,3.660019157177666,51.37776364666169
1306,0.1,0.4,1.1029013097777474,0.3174705261515087,10,0.10000000000000002,2.4166742260194667,2.1712671313686807,69,0.6900000000000002,4.60752831608525,14.981743206443896
1307,0.1,0.4,2.9609008833166235,0.1254581605637589,0,0.0,0.16828279431823984,0.0,38,0.38000000000000006,3.1553966282855175,56.05167145985045
1308,0.1,0.4,2.090967877281421,0.3217477165697442,0,0.0,0.5008103354134408,0.0,39,0.39000000000000007,3.154871281550761,15.840778157530952
1309,0.1,0.4,0.4582531712694915,0.1086996370444198,126,1.2600000000000002,73.89589479699373,33.199225148033776,191,1.9100000000000004,74.3071611661989,50.32580954979723
1310,0.1,0.4,1.3146805416711524,0.1109276300542011,21,0.21000000000000005,3.2087945383578163,15.555350908518198,78,0.7800000000000001,4.504150647096921,57.77701766021045
1311,0.1,0.4,1.566094752941497,0.7621989366766351,0,0.0,0.30146487211682277,0.0,38,0.38000000000000006,3.160019058505315,4.879926826523576
1312,0.1,0.4,0.8978059276582008,0.0707397669806472,53,0.5300000000000001,7.140171435195228,42.041163864469674,102,1.0200000000000002,7.599825187009741,80.9094097014322
1313,0.1,0.4,0.3424799835751058,0.4456634540687746,0,0.0,0.6282977805366522,0.0,40,0.4000000000000001,3.154871282077264,1.9211805480591102
1314,0.1,0.4,0.7868356352784568,0.1802796140652132,24,0.24000000000000005,3.136497772217861,6.546793762775351,80,0.8000000000000002,4.5591954103397505,21.822645875917836
1315,0.1,0.4,0.852897897837759,0.5387853795353492,64,0.6400000000000001,5.421220925978271,6.332004766523559,127,1.2700000000000002,7.176775778254241,12.565071958570186
1316,0.1,0.4,1.5006039852985338,0.2699637088101559,0,0.0,0.7860268748679071,0.0,43,0.4300000000000001,3.295720628554543,14.93857536727579
1317,0.1,0.4,0.6424017207932607,1.4404260560625088,21,0.21000000000000005,2.036428646044063,0.5853492131668058,296,2.9600000000000004,4.428688439935953,8.250636528446405
1318,0.1,0.4,0.54113732609006,0.1771215693641395,11,0.11000000000000001,2.72599912167926,2.1004325617850967,80,0.8000000000000002,3.9885225398216084,15.275873176618886
1319,0.1,0.4,0.4819043252371411,0.1720686785625579,56,0.56,6.715080273989759,9.802278673958572,122,1.2200000000000002,7.0973386557164195,21.354964253981176
1320,0.1,0.4,1.0228406039758706,0.5986557760487389,0,0.0,1.8440266143563582,0.0,62,0.6200000000000001,3.949645597648129,6.6206783580483055
1321,0.1,0.4,0.95914791534105,0.1687194401469933,74,0.7400000000000001,3.185607159711318,26.29251913465059,151,1.5100000000000002,5.102071990056861,53.65095120719242
1322,0.1,0.4,0.7928468635699429,0.3532874103482813,0,0.0,1.0814634216338945,0.0,48,0.4800000000000001,3.154871281550809,6.732593692950995
1323,0.1,0.4,0.6884027523447207,0.2703568866014446,0,0.0,1.9751843223743442,0.0,87,0.8700000000000002,3.797383853812387,13.84536570504514
1324,0.1,0.4,0.3806201731472318,0.246439832090262,253,2.5300000000000007,31.32518774150619,24.42201180240305,293,2.9300000000000006,31.91771157858532,28.28319943914661
1325,0.1,0.4,0.9207331222952988,0.2885747633644885,44,0.44000000000000006,3.92366342301694,8.774211773723167,116,1.1600000000000001,6.137907420122766,23.132012857997434
1326,0.1,0.4,0.6625649540300221,0.0784483026868441,0,0.0,0.8784479706175387,0.0,73,0.7300000000000001,3.465247463585674,38.53432769386009
1327,0.1,0.4,0.8059072266055948,0.3058066670234526,19,0.19000000000000003,3.14325126768512,3.1294766752771594,76,0.7600000000000001,4.890016220682785,12.517906701108638
1328,0.1,0.4,0.720720822572087,0.2755225891557059,54,0.5400000000000001,2.567775102151101,8.828433209903363,150,1.5000000000000002,4.56497733277599,24.523425583064892
1329,0.1,0.4,1.283057977487444,0.0573279879010217,0,0.0,0.9258391795658896,0.0,59,0.5900000000000001,3.510301102248731,82.52995552806816
1330,0.1,0.4,0.6884296302042106,0.4649932931854326,0,0.0,0.7814617756519745,0.0,60,0.6000000000000001,3.619056563844623,5.551931933427436
1331,0.1,0.4,0.622333999135416,0.1907777780679377,37,0.37000000000000005,3.5148226043126303,7.543579695577312,103,1.0300000000000002,5.458044441416189,20.999694828228733
1332,0.1,0.4,1.2489329585831968,0.2539282571331064,0,0.0,1.4924595314213518,0.0,68,0.6800000000000002,4.093693657221219,20.903404504510142
1333,0.1,0.4,0.6625275254086608,0.0891461232623975,9,0.09000000000000002,2.5040554263018664,4.1804592213778005,71,0.7100000000000002,4.583198853275586,32.979178301980426
1334,0.1,0.4,0.3566209056458495,0.0966869379817802,87,0.8700000000000002,16.638336390575233,20.05572019267709,142,1.4200000000000004,16.58192351708535,32.73462376276031
1335,0.1,0.4,0.3672402881905837,0.3050791148042662,10,0.10000000000000002,2.602284611937342,0.7523464209156843,70,0.7000000000000002,4.058641402216695,5.266424946409789
1336,0.1,0.4,0.434854518553936,0.8402561831380505,71,0.7100000000000002,4.257023605680936,2.2965221378990495,131,1.3100000000000003,5.426922330722396,4.237245071334866
1337,0.1,0.4,0.3982191638046842,0.2651354756389554,0,0.0,1.0453770166716683,0.0,53,0.5300000000000001,3.220071832062784,4.975196083904231
1338,0.1,0.4,0.390451982231087,0.064326012040067,88,0.8800000000000001,41.194422217463234,33.38440910861014,141,1.4100000000000004,42.06598060712665,53.490928230841256
1339,0.1,0.4,0.3482999941915894,0.3202028382649209,17,0.17000000000000004,2.5675899536093674,1.1557322409565467,93,0.9300000000000002,4.200259213305272,6.322535200526992
1340,0.1,0.4,1.273016740928404,0.1903530319894877,0,0.0,1.6043718437534753,0.0,53,0.5300000000000001,4.019242202874069,22.152880415155224
1341,0.1,0.4,0.9465231039022068,0.2609031421788086,57,0.5700000000000001,4.833948198428875,12.92429263017705,109,1.0900000000000003,6.260810861982664,24.714875380514016
1342,0.1,0.4,0.5508618041370658,0.3028899993992491,0,0.0,1.229131102017833,0.0,47,0.4700000000000001,3.3695360902042726,5.342390151084804
1343,0.1,0.4,0.8041711644058329,0.7964377063629474,0,0.0,0.685905606664754,0.0,44,0.44000000000000006,3.15504923887804,2.7767026654414115
1344,0.1,0.4,0.8657611593645754,0.1713932754210283,7,0.07,2.483993246973924,2.209949639456684,56,0.56,4.088563003191645,17.679597115653472
1345,0.1,0.4,1.0697553365205383,0.2328316429567115,0,0.0,0.4644474464544702,0.0,57,0.5700000000000001,3.453308741475794,16.368064658045498
1346,0.1,0.4,0.5920177185781926,0.3685732418347089,39,0.39000000000000007,6.646004526752207,3.915214196915289,95,0.9500000000000002,6.784926036551411,9.537060223255192
1347,0.1,0.4,0.5011607757887122,0.5889978564875191,82,0.8200000000000002,4.484354738447273,4.360710226067819,166,1.6600000000000004,6.829954526312674,8.827779238137293
1348,0.1,0.4,0.3014464723769554,0.2750610288907265,190,1.9000000000000004,25.767833127340786,13.014118626373799,242,2.4200000000000004,24.656491167151128,16.575877408328733
1349,0.1,0.4,0.4425905633942096,0.2791784948785771,56,0.56,3.8866200247759806,5.548661520485194,121,1.2100000000000002,4.925122508558554,11.989072213905509
1350,0.1,0.4,0.8811848084567873,0.5199477000885439,0,0.0,0.4398878204153934,0.0,68,0.6800000000000002,3.1913812566846183,7.202715648715418
1351,0.1,0.4,0.959894539750864,0.3692245607975449,0,0.0,1.009407721451976,0.0,102,1.0200000000000002,4.01468674194974,16.57345783740302
1352,0.1,0.4,0.7285762801947431,0.2194763557460556,0,0.0,1.408459692048921,0.0,48,0.4800000000000001,3.16234873924519,9.958835124423242
1353,0.1,0.4,0.3851788336961849,0.109219281846023,98,0.9800000000000002,6.756644416524261,21.600767891105104,133,1.3300000000000003,7.280684430801632,29.31532785221407
1354,0.1,0.4,0.5695632337378274,0.1850417712167816,98,0.9800000000000002,18.553356695987414,18.85290431292527,169,1.6900000000000004,18.571951701016562,32.511641111065
1355,0.1,0.4,0.6793871583403237,0.2124286501855805,0,0.0,1.8870557489032993,0.0,75,0.7500000000000001,3.4233673057912,14.991515042524323
1356,0.1,0.4,0.540671190676703,0.7400036883686376,0,0.0,1.892347660662632,0.0,65,0.6500000000000001,4.099361064973674,2.9681969788100795
1357,0.1,0.4,0.6760957952935442,0.1373649976832565,0,0.0,1.4863429821807892,0.0,55,0.5500000000000002,3.888444827290124,16.91900655566234
1358,0.1,0.4,1.0365073577474435,0.1791435653053198,0,0.0,1.6616009111997947,0.0,58,0.5800000000000001,3.751858608450377,20.97389970681188
1359,0.1,0.4,0.6023995930859504,0.1952536603287414,34,0.3400000000000001,4.126805994534981,6.556082652444972,98,0.9800000000000002,5.808026180830659,18.896944115870802
1360,0.1,0.4,0.6302196532465231,0.3560946147574438,52,0.5200000000000001,5.190471556411147,5.751881068031187,112,1.12,6.550880256237051,12.388666915759478
1361,0.1,0.4,0.6384961511284952,0.2349396810834449,23,0.23000000000000004,2.5846955234822704,3.906697297853307,96,0.9600000000000002,4.202508723827527,16.306214808431193
1362,0.1,0.4,0.5156975923974774,0.3219855261517508,0,0.0,1.4603094138112465,0.0,53,0.5300000000000001,3.7430196265628215,5.305357340850009
1363,0.1,0.4,0.5220450299619654,0.5221938042165631,0,0.0,1.5349898290113622,0.0,74,0.7400000000000001,3.836595575559645,4.623682326519468
1364,0.1,0.4,1.0071496093483467,0.1041721290120982,1,0.010000000000000002,2.020192497960665,0.604258079211967,49,0.4900000000000001,3.7188154005686536,29.60864588138638
1365,0.1,0.4,0.4701944746767674,0.546931710005608,27,0.2700000000000001,3.736293954161388,1.45073536878838,91,0.9100000000000001,5.801213772281986,4.889515502212688
1366,0.1,0.4,1.7312755126141883,0.1057663999825085,3,0.030000000000000006,2.2281318916643342,3.0691614602448842,72,0.7200000000000002,3.66493661785098,73.65987504587723
1367,0.1,0.4,1.6899820869670306,0.1273789602441488,0,0.0,0.9577437892825631,0.0,53,0.5300000000000001,3.16710623813076,43.94811868732802
1368,0.1,0.4,0.6696643002300713,0.2900487182189392,0,0.0,0.22194521287110297,0.0,40,0.4000000000000001,3.1553262118520653,5.771998445142107
1369,0.1,0.4,0.6742148073198974,0.452826676411463,39,0.39000000000000007,3.829347341329755,3.6292000415385606,153,1.5300000000000002,5.295466183218101,14.237630932189738
1370,0.1,0.4,0.9159342826862752,0.2243715970532744,0,0.0,0.5674050108839761,0.0,40,0.4000000000000001,3.1549200451721804,10.205550688182665
1371,0.1,0.4,0.6626532440801077,0.417995255075374,100,1.0000000000000002,2.8137531357357477,9.908205237291156,146,1.4600000000000002,4.396174002951678,14.465979646445088
1372,0.1,0.4,0.5799846287812034,0.3432321224100727,0,0.0,0.8374366311145892,0.0,41,0.4100000000000001,3.154872351258763,4.330045220756466
1373,0.1,0.4,0.4254787703484272,0.4981584065906694,0,0.0,1.23045983390044,0.0,56,0.56,3.16055718961943,2.9893617703075965
1374,0.1,0.4,1.895444933230497,0.1812338157789375,0,0.0,0.9568577332328194,0.0,63,0.6300000000000001,3.395187309137133,41.18058427737661
1375,0.1,0.4,0.5124870096011226,0.1036225416498114,13,0.13000000000000003,2.3417099379683655,4.018389133014187,76,0.7600000000000001,4.071909584433576,23.492121085313705
1376,0.1,0.4,0.6791959518113381,0.2145474310332867,0,0.0,1.7544843663726224,0.0,49,0.4900000000000001,3.7822058877788707,9.695001205115844
1377,0.1,0.4,0.724396118717784,0.6757868535858758,31,0.31000000000000005,3.12568093554965,2.0768641363298643,119,1.1900000000000002,4.836515582695436,7.972478458814641
1378,0.1,0.4,0.5041784253366848,0.711218463430163,0,0.0,1.7854987187938176,0.0,64,0.6400000000000001,3.370567492304767,2.835575572124847
1379,0.1,0.4,0.7394560121316297,0.3423423996808624,0,0.0,0.6999889584317913,0.0,46,0.4600000000000001,3.3978301520974887,6.209970009149525
1380,0.1,0.4,0.5693139633661786,0.3207148257949025,0,0.0,1.6734455527929164,0.0,57,0.5700000000000001,3.900982135251901,6.323938999281046
1381,0.1,0.4,1.222664481392204,0.2894806495175531,0,0.0,1.4065600577703172,0.0,80,0.8000000000000002,3.416108026451052,21.11824198663866
1382,0.1,0.4,1.018738875862208,0.5384393958160437,0,0.0,1.3101329260591137,0.0,39,0.39000000000000007,3.154871281550762,4.611802236629992
1383,0.1,0.4,1.0955902157847035,0.5414118418813957,79,0.7900000000000001,7.600285789699832,9.991426621994721,145,1.4500000000000002,8.123157805852525,18.33869443277512
1384,0.1,0.4,0.7281944454603608,0.1890727101954317,66,0.6600000000000001,2.9593461679269457,15.887020841977465,118,1.1800000000000002,4.536155923349015,28.40406756595971
1385,0.1,0.4,0.5152313427935191,0.1414568299190423,68,0.6800000000000002,4.790785821798375,15.479869074725277,110,1.1000000000000003,5.736602164009338,25.040964679702657
1386,0.1,0.4,1.3600479597618795,0.0932461096441528,0,0.0,1.0344083325525522,0.0,45,0.45000000000000007,3.243118450306422,41.02192468326908
1387,0.1,0.4,0.6553791780610595,0.485084070816107,72,0.7200000000000002,10.417383486036762,6.079783853370022,137,1.3700000000000003,12.610257927909776,11.568477609884624
1388,0.1,0.4,0.9593040234870396,0.2575940315094412,37,0.37000000000000005,10.123447102880462,8.611964110016546,83,0.8300000000000002,9.159240701857096,19.31873030084793
1389,0.1,0.4,0.9225730488947392,0.20575163659691,18,0.18000000000000005,2.880701459570861,5.044405464632735,76,0.7600000000000001,4.677738598450335,21.29860085067155
1390,0.1,0.4,0.968133655460083,0.5183284389671721,0,0.0,1.9129361450605653,0.0,91,0.9100000000000001,3.979155879551532,10.623110274252108
1391,0.1,0.4,0.7550101658842044,0.301093766766848,0,0.0,0.9009136654622896,0.0,47,0.4700000000000001,3.154871281550761,7.3659524277107895
1392,0.1,0.4,0.5629807006724933,0.5656378407406947,0,0.0,0.9498742401827819,0.0,48,0.4800000000000001,3.2060664772874703,2.985907201338995
1393,0.1,0.4,1.169719069748366,0.219084722457868,0,0.0,1.6642086077894245,0.0,63,0.6300000000000001,3.3040926166040396,21.02277505004906
1394,0.1,0.4,0.3750185971498933,0.4906752319023176,99,0.9900000000000002,5.388599603207795,4.729049723722166,154,1.5400000000000003,6.295140307240472,7.35629957023448
1395,0.1,0.4,1.0554426656460263,0.6923752838000743,0,0.0,1.4177063371455965,0.0,75,0.7500000000000001,3.569144179248819,7.145528748603226
1396,0.1,0.4,0.8557200628920457,0.3462321700207561,0,0.0,0.6292021756442643,0.0,42,0.4200000000000001,3.154871317090173,6.487742502254946
1397,0.1,0.4,0.6588082832619022,0.1002363813953162,37,0.37000000000000005,7.52233573684185,15.199013909278433,93,0.9300000000000002,7.943075284416649,38.202926853051196
1398,0.1,0.4,0.7412481189875905,0.0610288289946442,162,1.6200000000000003,16.490996813733783,122.97691645710574,210,2.1000000000000005,16.764256911224575,159.41452133328522
1399,0.1,0.4,0.6986703415920053,0.5029113856541183,0,0.0,1.3588004967924399,0.0,57,0.5700000000000001,3.196332390920629,4.949208077053477
1400,0.1,0.4,0.6100827716392845,0.3075298607180658,0,0.0,1.5372029796126716,0.0,71,0.7100000000000002,3.187489339970045,8.803185137300353
1401,0.1,0.4,0.4737659641757007,0.0853466762587624,132,1.3200000000000003,12.040203932257976,45.79638453170863,172,1.7200000000000004,13.259822695374854,59.67407681404458
1402,0.1,0.4,0.642105160214194,0.132610451771169,6,0.06000000000000001,2.3612668963042567,1.8157651366411607,74,0.7400000000000001,3.4471470028208975,22.394436685240983
1403,0.1,0.4,0.7428971748699085,0.4126283148290597,0,0.0,1.5512234266261455,0.0,80,0.8000000000000002,3.5999317411235543,9.002014018083925
1404,0.1,0.4,1.6731838149206926,0.2915398052223468,0,0.0,1.5501900036683545,0.0,62,0.6200000000000001,3.202563826922854,22.23911509398481
1405,0.1,0.4,0.6356747994400781,0.4848716351230882,0,0.0,1.205926716674649,0.0,44,0.44000000000000006,3.155137003226741,3.605295859421526
1406,0.1,0.4,0.9297692089753524,0.1744799928708964,685,6.850000000000001,3.684424344485945,228.13930470934213,676,6.760000000000002,6.356189278145282,225.14185399053324
1407,0.1,0.4,0.65171002291512,0.2170614825300791,0,0.0,1.532039842280477,0.0,55,0.5500000000000002,3.3700903611772386,10.320823287753434
1408,0.1,0.4,1.3792115668844014,0.5913869253574605,0,0.0,0.45425432901635354,0.0,43,0.4300000000000001,3.168978765569467,6.267691974693854
1409,0.1,0.4,0.5654598563213777,0.2915823051289038,148,1.4800000000000002,7.308614885729885,17.938343922003163,230,2.3000000000000003,8.797920370962983,27.877156095004914
1410,0.1,0.4,1.2158178250048588,0.4930690095863212,3,0.030000000000000006,2.2010333680072938,0.4623406414847924,68,0.6800000000000002,3.582711654636032,10.479721206988629
1411,0.1,0.4,0.3947653952699664,0.2482720611902641,24,0.24000000000000005,3.422266333508645,2.3850774431326567,92,0.9200000000000002,4.955137131982405,9.14279686534185
1412,0.1,0.4,0.4840168558849579,0.3121086502562982,13,0.13000000000000003,2.614765407700237,1.2600217747364164,69,0.6900000000000002,4.437456150391056,6.687807881293287
1413,0.1,0.4,0.607525857691207,0.4515769772148892,0,0.0,1.8207930776558954,0.0,81,0.8100000000000002,3.7871669429237107,6.810798180036907
1414,0.1,0.4,0.5090131632527933,0.6424016416932956,0,0.0,0.960817990118302,0.0,49,0.4900000000000001,3.224336782572062,2.4266015391130162
1415,0.1,0.4,0.7818610593126522,0.5828871293995181,26,0.26000000000000006,4.392361111694247,2.1797088274910705,79,0.7900000000000001,4.530765312952603,6.6229614373767145
1416,0.1,0.4,1.4746055925953714,0.2347182933916698,0,0.0,0.9993174907074093,0.0,40,0.4000000000000001,3.154872775751629,15.70612127507597
1417,0.1,0.4,0.8911101732859974,0.1543990870576409,0,0.0,0.9993669099759293,0.0,53,0.5300000000000001,3.154872214652048,19.118004550816334
1418,0.1,0.4,1.104774850106008,0.4925694424966725,0,0.0,0.8735920760696173,0.0,43,0.4300000000000001,3.154873943455337,6.027743813360801
1419,0.1,0.4,0.97182980056277,0.1815064597060973,23,0.23000000000000004,2.4885546033688843,7.696725177556051,93,0.9300000000000002,4.532599599078203,31.121540935335332
1420,0.1,0.4,0.7406990737094098,0.3052460316453538,0,0.0,1.184355542356872,0.0,76,0.7600000000000001,3.4683309362614194,11.526179656308889
1421,0.1,0.4,0.9085751335190152,0.2334146665815991,47,0.4700000000000001,6.139688230511416,11.434326273490944,100,1.0000000000000002,6.823910780128961,24.328353773384986
1422,0.1,0.4,1.496558187209028,0.4297039590356065,23,0.23000000000000004,2.559698189095991,5.006475618565839,106,1.0600000000000003,4.617794588012331,23.07332241599908
1423,0.1,0.4,0.4089145621710315,0.169015036873828,44,0.44000000000000006,5.5861639719230105,6.653343198154625,108,1.0800000000000003,6.384929606565597,16.330933304561356
1424,0.1,0.4,1.1910931818096824,0.2149139173220721,15,0.15000000000000002,2.764500992326201,5.195800587791412,82,0.8200000000000002,4.111342444848834,28.40370987992639
1425,0.1,0.4,0.7702809566381419,0.1345292429252926,128,1.2800000000000002,5.789520472653564,45.806008560734874,192,1.9200000000000004,6.589552138248833,68.70901284110231
1426,0.1,0.4,0.9670321819331776,0.2834827603177581,0,0.0,1.8715402309715135,0.0,95,0.9500000000000002,3.7555514898636093,20.25433071765022
1427,0.1,0.4,0.6505633100356777,0.3427613693970917,30,0.30000000000000004,4.042674147566321,3.5587622037527247,84,0.8400000000000002,5.104567742161302,9.964534170507628
1428,0.1,0.4,0.576829500950521,0.3407816344634566,65,0.6500000000000001,2.349082887949554,6.876455802264721,160,1.6000000000000003,4.216675503685708,16.92666043634393
1429,0.1,0.4,1.7236927194119025,0.399794197836698,2,0.020000000000000004,2.049912520912088,0.5389312578630677,66,0.6600000000000001,3.6248634516519553,17.784731509481237
1430,0.1,0.4,0.5087920599671135,0.3306859618914367,241,2.4100000000000006,6.851385238280779,23.175100507503892,281,2.8100000000000005,8.652624942728712,27.02159021829292
1431,0.1,0.4,0.5799601034321217,0.2662237431849845,0,0.0,0.739455064576037,0.0,38,0.38000000000000006,3.1549341480352484,5.173863266937106
1432,0.1,0.4,0.7875637957109513,0.3173763611137735,8,0.08000000000000002,2.395066732774111,1.2407411077295456,64,0.6400000000000001,3.4221187370279176,9.925928861836365
1433,0.1,0.4,1.837046197536898,1.0501451475058747,0,0.0,0.36704193252947254,0.0,39,0.39000000000000007,3.154871308723904,4.263982095361859
1434,0.1,0.4,0.4160423910796928,0.2181137072183611,121,1.2100000000000002,29.06935634323687,14.425139174725446,203,2.0300000000000002,30.146770913801323,24.200853326192274
1435,0.1,0.4,0.6070959057048831,0.3455698774162943,0,0.0,1.822055368064274,0.0,102,1.0200000000000002,4.05836058852112,11.199576849131182
1436,0.1,0.4,1.1068141848603483,0.2578488224010824,12,0.12000000000000002,4.296841455989571,3.2193695162742637,56,0.56,5.1191284829693755,15.023724409279895
1437,0.1,0.4,1.7736223838286442,0.3393162542606437,0,0.0,0.5847244683100478,0.0,38,0.38000000000000006,3.2330126937005077,12.414239249373939
1438,0.1,0.4,0.5258814987283581,0.3362961831151084,0,0.0,0.8940913359175152,0.0,55,0.5500000000000002,3.358163789056015,5.375373681419336
1439,0.1,0.4,0.8415041718928388,0.4379812266683597,3,0.030000000000000006,2.1234000069978487,0.3602483910785979,56,0.56,4.457994462946465,6.72463663346716
1440,0.1,0.4,0.4352102759163976,0.8562043556905787,411,4.110000000000001,47.52083709636601,13.057004310128246,500,5.000000000000001,47.03650284743764,15.884433467309298
1441,0.1,0.4,0.4607425316854965,0.3463273808617613,0,0.0,0.37204139598339925,0.0,76,0.7600000000000001,3.355635323583692,6.319243428170274
1442,0.1,0.4,0.5341094164311344,0.7017281000822033,0,0.0,1.5095071847120618,0.0,69,0.6900000000000002,3.1628453875649902,3.2823922229841496
1443,0.1,0.4,0.5401957796157211,0.3003051179907542,0,0.0,0.8652202370226326,0.0,58,0.5800000000000001,3.1974041994119973,6.5207336931476405
1444,0.1,0.4,0.527696582436493,0.4977684154370307,0,0.0,1.1799030737971925,0.0,63,0.6300000000000001,3.1550579919276114,4.174240929930075
1445,0.1,0.4,0.808789289269149,0.3895451257847461,10,0.10000000000000002,2.212341158591193,1.2976501882160436,81,0.8100000000000002,4.6021362355075714,10.510966524549952
1446,0.1,0.4,0.6806372258413492,0.5000118645331497,0,0.0,1.1375396483889673,0.0,64,0.6400000000000001,3.305671945655237,5.444968602709822
1447,0.1,0.4,0.450350891314908,0.0729291112653114,245,2.4500000000000006,210.03413051801002,94.55754915444307,280,2.8000000000000007,210.27188983271856,108.06577046222063
1448,0.1,0.4,0.3270704949803209,0.5729992102163325,130,1.3000000000000003,6.163867938804457,4.637786098713476,178,1.7800000000000002,7.539634283328122,6.350199427469221
1449,0.1,0.4,0.6845274903428298,0.4499852449837693,0,0.0,0.9095908650242631,0.0,44,0.44000000000000006,3.1548722812603476,4.183360719995788
1450,0.1,0.4,0.3918234596290375,0.2756892259348789,22,0.22000000000000003,3.2170678073701002,1.954219484504583,81,0.8100000000000002,4.043586646547426,7.195080829312329
1451,0.1,0.4,0.3361503680799177,0.27333157449744,76,0.7600000000000001,7.662363309792278,5.841675083880819,135,1.3500000000000003,8.809741164968743,10.376659688472508
1452,0.1,0.4,0.3800549095535502,0.2827957021162419,19,0.19000000000000003,3.1379482200747573,1.5959054600813196,75,0.7500000000000001,4.483221311446032,6.2996268161104725
1453,0.1,0.4,0.9156150945123672,0.340858306297537,1,0.010000000000000002,2.0554966464659197,0.16788777726622311,49,0.4900000000000001,3.800376570621911,8.226501086044932
1454,0.1,0.4,0.5347303690915359,0.4015830613882028,0,0.0,1.7159037175068357,0.0,67,0.6700000000000002,4.146638829427204,5.575891106637663
1455,0.1,0.4,0.928824812220148,0.2798398183042129,15,0.15000000000000002,3.7088157204845635,3.111684629918442,78,0.7800000000000001,4.961483732060406,16.1807600755759
1456,0.1,0.4,0.7060122127227417,0.4792804337545793,0,0.0,0.20750776244622046,0.0,45,0.45000000000000007,3.3897744140523716,4.143001066677154
1457,0.1,0.4,0.6382764419545772,0.5096915732856298,75,0.7500000000000001,4.610497413276573,5.8700613831522315,127,1.2700000000000002,6.319209711716258,9.939970608804446
1458,0.1,0.4,0.3361070436435537,0.5661158964567932,0,0.0,1.3632608368039532,0.0,58,0.5800000000000001,3.222291400796576,2.152188343117603
1459,0.1,0.4,0.6827863843310491,0.4106138973758587,1,0.010000000000000002,2.053035353610532,0.1039276782724878,63,0.6300000000000001,3.36406910353925,6.547443731166732
1460,0.1,0.4,0.5463660103441008,0.3468040608797853,0,0.0,1.5511456014015086,0.0,65,0.6500000000000001,3.644051076954688,6.400190099827886
1461,0.1,0.4,0.7219853547063418,0.4961160647104253,0,0.0,1.3202386091551166,0.0,56,0.56,3.2391621504585335,5.093462843109372
1462,0.1,0.4,0.5767397029525233,0.5150955043315241,0,0.0,0.6988632564224273,0.0,55,0.5500000000000002,3.2331488587723665,3.8488837744219593
1463,0.1,0.4,0.3955546391267319,0.7591683555791273,0,0.0,0.09308610063389335,0.0,45,0.45000000000000007,3.26690679774589,1.4654159573014225
1464,0.1,0.4,0.5759359076985334,0.2691061739672217,0,0.0,1.058197426807034,0.0,42,0.4200000000000001,3.1548724971490296,5.61797500005629
1465,0.1,0.4,0.4368233374526517,0.4676553818834793,0,0.0,1.4506395264012968,0.0,51,0.5100000000000001,3.415200644839149,2.9773513618565612
1466,0.1,0.4,0.8836476190656488,0.6515650616842079,0,0.0,0.9972087539283998,0.0,87,0.8700000000000002,3.415928029398695,7.374296461276817
1467,0.1,0.4,1.1150271941525884,0.3470460467762529,0,0.0,1.6591426045611144,0.0,95,0.9500000000000002,4.025389110261069,19.076644228566412
1468,0.1,0.4,0.6648217878115121,0.4703035817830115,62,0.6200000000000001,5.2934845816678795,5.47770531111585,127,1.2700000000000002,5.768796209188169,11.220460879221177
1469,0.1,0.4,1.4158368680902662,0.6461957106227986,0,0.0,0.24213007145538537,0.0,38,0.38000000000000006,3.154957800759773,5.203706100855299
1470,0.1,0.4,1.0745453395393334,0.3279415343628318,210,2.1000000000000005,3.374139228207578,43.005859592795154,270,2.7000000000000006,5.791360911476009,55.29324804787949
1471,0.1,0.4,0.5477299566352435,0.5747560344390845,0,0.0,0.8698956221167169,0.0,48,0.4800000000000001,3.242754444383985,2.8589345242966453
1472,0.1,0.4,0.6689966245084874,0.1612373009191447,78,0.7800000000000001,3.0020678872212456,20.22707230825169,139,1.3900000000000003,4.502294658969587,36.045680139063904
1473,0.1,0.4,0.7896253019046784,0.0881576734304054,12,0.12000000000000002,2.4531189352599014,6.7177246561075155,78,0.7800000000000001,3.8721392051507926,43.66521026469886
1474,0.1,0.4,0.8227900869914557,0.3715199872771765,0,0.0,1.2236819643064578,0.0,58,0.5800000000000001,3.2393986711974487,8.028138909034832
1475,0.1,0.4,1.0116783598199448,0.5428363001035441,0,0.0,0.20045461139035256,0.0,41,0.4100000000000001,3.3821866155068285,4.7757045660802575
1476,0.1,0.4,1.0479204496465933,0.8799355069037824,44,0.44000000000000006,2.56938443429201,3.274991421437484,188,1.8800000000000003,5.230807133623331,13.993145164323796
1477,0.1,0.4,0.9582201057523764,0.2874547350077014,43,0.4300000000000001,6.322722617672023,8.958685387946444,108,1.0800000000000003,7.846780347073964,22.50088423019107
1478,0.1,0.4,0.8837846141264385,0.2312272602602307,0,0.0,0.9213427706805283,0.0,69,0.6900000000000002,3.6659094123422786,16.483009590352285
1479,0.1,0.4,0.6723358196676815,0.2811018463828256,28,0.28,3.2611174944014856,4.185627734426465,99,0.9900000000000002,5.350855071679452,14.799183775293574
1480,0.1,0.4,0.718777543912562,0.2235796549907158,63,0.6300000000000001,10.808878359442657,12.658515727977292,129,1.2900000000000003,12.347970512660119,25.919817919191598
1481,0.1,0.4,1.0720217555138143,0.2434037402355955,1,0.010000000000000002,2.1007701577250764,0.2752684065362406,62,0.6200000000000001,4.318949349977492,17.066641205246917
1482,0.1,0.4,0.4542310976627354,0.2301682095920864,19,0.19000000000000003,2.4537719201684363,2.3435009962081392,86,0.8600000000000002,3.9879269089501177,10.60742556178421
1483,0.1,0.4,0.8469324425493208,0.3355892045561138,36,0.3600000000000001,8.521240023566913,5.678365006575583,87,0.8700000000000002,9.29046322293128,13.722715432557658
1484,0.1,0.4,0.5227025612040188,0.5626698212660713,36,0.3600000000000001,5.7044999352650265,2.090179210363062,91,0.9100000000000001,7.362799754891114,5.283508559528851
1485,0.1,0.4,1.9625026032267576,0.2991401596145741,0,0.0,0.08450798569879149,0.0,38,0.38000000000000006,3.1548743461587563,15.581136577144719
1486,0.1,0.4,1.0091819667140352,0.1377405720967816,139,1.3900000000000003,49.528915993993046,63.65058749478676,182,1.8200000000000003,49.309893776947284,83.34105700756253
1487,0.1,0.4,0.7919696112113578,0.1924553959275476,11,0.11000000000000001,2.462690811704728,2.8291184307078865,104,1.0400000000000003,4.003759471101223,26.74802879942002
1488,0.1,0.4,0.5786160834961124,0.3561261724887276,0,0.0,1.203311064506727,0.0,63,0.6300000000000001,3.398340983353688,6.397454061981522
1489,0.1,0.4,1.449417159494851,0.2076436164267291,0,0.0,1.0244561379528965,0.0,49,0.4900000000000001,3.639803973770081,21.37720449749202
1490,0.1,0.4,1.0351847469092392,0.3605397512770126,20,0.20000000000000004,5.740011893210626,3.589010446291532,72,0.7200000000000002,6.260766917752158,12.920437606649516
1491,0.1,0.4,0.4988975969985041,0.194264961138774,0,0.0,1.6167195990900245,0.0,76,0.7600000000000001,3.721754405945223,12.198615601348942
1492,0.1,0.4,0.6430585968161854,0.4465385796191663,56,0.56,5.8444024814722635,5.040337367436827,101,1.0100000000000002,6.468365296417145,9.090608466269991
1493,0.1,0.4,0.566303405840901,0.0644512100760004,89,0.8900000000000001,34.24282277335819,48.87515209218696,134,1.3400000000000003,33.96026222221978,73.58730764441631
1494,0.1,0.4,0.664117254231425,0.1589744953856668,44,0.44000000000000006,3.9317065410723404,11.488147483694299,92,0.9200000000000002,5.25430731059247,24.020672011360805
1495,0.1,0.4,0.3815869592800155,0.249645295347808,136,1.3600000000000003,46.993643138236756,12.992390460878802,192,1.9200000000000004,47.43903174262036,18.34219829771125
1496,0.1,0.4,0.5970359945647468,0.4777717341242985,56,0.56,3.8103010061044467,4.373691099174507,106,1.0600000000000003,5.764153690740962,8.278772437723175
1497,0.1,0.4,0.4124790101059312,0.5142337787950015,0,0.0,1.9613456764725974,0.0,83,0.8300000000000002,4.235511823510085,4.16101577367892
1498,0.1,0.4,1.7492843508170952,0.0974189884902176,55,0.5500000000000002,4.031383656877303,61.72477305630804,110,1.1000000000000003,5.107811561860042,123.44954611261608
1499,0.1,0.4,0.8419400320368972,0.3027702593887472,0,0.0,1.409564540582951,0.0,68,0.6800000000000002,3.9065510985905307,11.81835079634576
1500,0.1,0.4,0.6109935231895067,0.1919331466649817,14,0.14,2.899167099339833,2.7854455683154797,64,0.6400000000000001,4.326028907435792,12.73346545515648
1501,0.1,0.4,0.5166696712531686,0.1880632273656555,17,0.17000000000000004,2.80275091223142,2.919026400834511,68,0.6800000000000002,4.388279124770156,11.676105603338044
1502,0.1,0.4,0.9543544481553377,0.1374236552389729,0,0.0,1.3767414032307947,0.0,50,0.5000000000000001,3.4831806110122483,21.701923481072154
1503,0.1,0.4,1.7208666354339757,0.3002443180641705,0,0.0,1.8430392999869474,0.0,52,0.5200000000000001,3.602026084849166,18.62755172594168
1504,0.1,0.4,0.6701740482207975,0.5048127743666738,10,0.10000000000000002,2.0972223489431965,0.8297309446328667,96,0.9600000000000002,4.731298599426023,7.965417068475521
1505,0.1,0.4,0.5598331156621884,0.1388660688692556,105,1.0500000000000003,8.238458753953813,26.456461621248497,163,1.6300000000000003,8.754996784969821,41.07050708822386
1506,0.1,0.4,0.6497754154585704,0.4516464189060565,0,0.0,1.817278215624804,0.0,58,0.5800000000000001,4.242077826077008,5.215220983579311
1507,0.1,0.4,0.9248956560898612,0.4278129949783773,0,0.0,0.7921778398133164,0.0,52,0.5200000000000001,3.3065620355959005,7.026226219341409
1508,0.1,0.4,0.963645798176297,0.663619805206271,0,0.0,1.3833419576607535,0.0,102,1.0200000000000002,3.5157077823679015,9.257170921028205
1509,0.1,0.4,2.2665766737398982,0.311901441891044,16,0.16000000000000003,3.040706584885356,7.266964397463983,78,0.7800000000000001,4.556246979582609,35.42645143763692
1510,0.1,0.4,1.0433599531903646,0.3549754516083292,14,0.14,2.7180242386202136,2.571839700196743,77,0.7700000000000001,3.2882363403905224,14.145118351082088
1511,0.1,0.4,0.319507057054349,0.3469753579942267,0,0.0,1.6204180233979388,0.0,45,0.45000000000000007,3.2276214792964972,2.589848464052334
1512,0.1,0.4,0.4420841582031066,0.2864982710061327,0,0.0,1.6360832791618274,0.0,64,0.6400000000000001,3.5350552027019124,6.172241900805656
1513,0.1,0.4,0.6457624894847649,0.1848438737961998,53,0.5300000000000001,5.501959596529549,11.572405416999333,123,1.2300000000000002,5.44611451559383,26.856714458319207
1514,0.1,0.4,0.6403473941127225,0.3587229178972426,73,0.7300000000000001,8.645504511753659,8.14440572340626,120,1.2000000000000002,11.252314060608844,13.388064202859605
1515,0.1,0.4,0.3497973425228712,0.350449713233523,47,0.4700000000000001,2.849177906648554,2.932031771919977,92,0.9200000000000002,4.564932471653781,5.739296234396551
1516,0.1,0.4,2.0681759122977463,0.165324957160352,0,0.0,0.9004147062375202,0.0,42,0.4200000000000001,3.404746720695436,32.838125973418066
1517,0.1,0.4,0.472776858165127,0.2277308282871995,0,0.0,1.9125416618769626,0.0,69,0.6900000000000002,3.1919969387106475,8.952895030381407
1518,0.1,0.4,0.7049834922638972,0.4220931888071265,0,0.0,1.0120322785162867,0.0,51,0.5100000000000001,3.2296556793213678,5.323788540492157
1519,0.1,0.4,1.1002048119845398,0.1824588704540708,63,0.6300000000000001,9.346858923854027,23.74264641893421,121,1.2100000000000002,8.418172957683973,45.600955820492686
1520,0.1,0.4,1.328207182077651,0.2318916456387902,0,0.0,0.5521992471830995,0.0,42,0.4200000000000001,3.1912522572919793,15.035228385867363
1521,0.1,0.4,1.2707398332632849,0.1155502814238447,0,0.0,1.355839090540338,0.0,45,0.45000000000000007,3.62243271484897,30.929875176534836
1522,0.1,0.4,0.4947103825168756,0.369887734192099,75,0.7500000000000001,3.1056350250518965,6.269347976928369,148,1.4800000000000002,4.536180699611095,12.371513341138648
1523,0.1,0.4,0.6683131385862537,0.675782318532112,83,0.8300000000000002,4.1530270825078865,5.130164420322061,156,1.5600000000000003,5.4301028202894575,9.64223674181014
1524,0.1,0.4,0.7971228278769055,0.3203568600181038,0,0.0,0.4158197781429637,0.0,40,0.4000000000000001,3.154871281550872,6.220584973830894
1525,0.1,0.4,0.7412923860533566,0.6523587900342307,0,0.0,1.008352065309571,0.0,39,0.39000000000000007,3.1548724306537266,2.769795116748936
1526,0.1,0.4,0.4954342762640726,0.1256444902066967,81,0.8100000000000002,8.046377918414523,19.962164830791654,134,1.3400000000000003,8.605436654108384,33.0238282385936
1527,0.1,0.4,0.7573377459056799,0.3036988237577546,97,0.9700000000000002,5.059628312734442,15.118135881275206,176,1.7600000000000002,6.419964690121157,27.430844485612745
1528,0.1,0.4,0.6858974495569992,0.2949123212483997,7,0.07,2.12845120976953,1.0175232181243272,77,0.7700000000000001,4.0055327380799115,11.1927553993676
1529,0.1,0.4,0.8186875593127549,0.244064973929298,17,0.17000000000000004,2.4529455785538734,3.5640326334649988,117,1.1700000000000002,5.144155835230872,24.52893047737675
1530,0.1,0.4,0.5297309888626752,0.1717740147367276,22,0.22000000000000003,4.383971725269614,4.24033932491211,66,0.6600000000000001,5.44080049802534,12.721017974736332
1531,0.1,0.4,0.5685511373222032,0.3019911519091549,0,0.0,1.395793133936072,0.0,73,0.7300000000000001,3.419676550716723,8.589703862624706
1532,0.1,0.4,0.3732100405739422,0.0452745347065687,63,0.6300000000000001,21.808250618164294,32.45786056740395,118,1.1800000000000002,23.95137444718501,60.79408804688358
1533,0.1,0.4,0.5724701489049766,0.3230765947398819,104,1.0400000000000003,6.1572387498153285,11.51756589138955,181,1.8100000000000003,7.848238549966725,20.044994484052964
1534,0.1,0.4,0.5445624404970456,0.4569766832672435,10,0.10000000000000002,2.6759295444154945,0.7447896966585783,71,0.7100000000000002,5.591282650418357,5.2880068462759064
1535,0.1,0.4,1.9807821775307983,0.6133902132485596,29,0.29000000000000004,3.1273814979251973,5.8529914876873885,128,1.2800000000000002,5.3080219155167985,25.833893462896064
1536,0.1,0.4,0.8335835532198481,0.5611150247222972,0,0.0,1.7345121919242232,0.0,41,0.4100000000000001,3.154871532307672,3.8068092298598173
1537,0.1,0.4,0.5043690444247314,0.451411664142059,0,0.0,1.0044027920513028,0.0,57,0.5700000000000001,3.5233051372323203,3.980434852471266
1538,0.1,0.4,0.992167434027369,0.3972730886581371,0,0.0,1.8083113118799512,0.0,56,0.56,4.006881434277227,8.741055254523
1539,0.1,0.4,0.6064066948450929,0.8928778144312681,0,0.0,1.0694406025897103,0.0,59,0.5900000000000001,3.4444480703900346,2.504401667394562
1540,0.1,0.4,0.5698861803800008,0.2399852617681119,0,0.0,0.13132071717419846,0.0,41,0.4100000000000001,3.1550404807565657,6.085095919910338
1541,0.1,0.4,0.6134398124217922,0.2881061443668283,18,0.18000000000000005,2.728091493443206,2.3953664386130833,111,1.1100000000000003,4.288565065746432,14.77142637144735
1542,0.1,0.4,0.6952193956639606,0.2411136895404731,79,0.7900000000000001,4.74205027678641,14.236627429296606,131,1.3100000000000003,5.618799248101073,23.60757206630197
1543,0.1,0.4,0.3394229052082271,0.2991119588858729,118,1.1800000000000002,4.96927949826005,8.368919568561267,163,1.6300000000000003,6.702661731731969,11.560456692165141
1544,0.1,0.4,0.3740664375170778,0.0769569109404316,142,1.4200000000000004,170.4618485469274,43.138940900756566,181,1.8100000000000003,168.85736992024894,54.986959880541825
1545,0.1,0.4,0.9517207498254602,0.2977196807248043,0,0.0,0.6446553698431985,0.0,75,0.7500000000000001,3.550372174292529,14.984535130314493
1546,0.1,0.4,1.0445218624085602,0.4817532054369274,0,0.0,1.4389945914447009,0.0,68,0.6800000000000002,3.5295398346763207,9.214713810176352
1547,0.1,0.4,0.3070112248703063,0.174260685427903,65,0.6500000000000001,8.180399898948245,7.157283342327022,114,1.1400000000000001,8.85171958350654,12.552773861927392
1548,0.1,0.4,0.635983416193437,0.5567442119298227,39,0.39000000000000007,6.957361868113235,2.7844197456459696,90,0.9000000000000001,8.561074540766588,6.425584028413775
1549,0.1,0.4,1.3019679799315458,0.2305298683258263,0,0.0,1.2441089200539341,0.0,65,0.6500000000000001,3.3719583949570233,22.94385953926019
1550,0.1,0.4,0.5538395715947554,0.6843024073703441,49,0.4900000000000001,5.833664576644553,2.4786317711885406,94,0.9400000000000002,7.1288224015844115,4.754926254933119
1551,0.1,0.4,0.6208292363687851,0.344922775284167,86,0.8600000000000002,4.855519118604429,9.674505090981727,166,1.6600000000000004,5.945072213126045,18.67404471049961
1552,0.1,0.4,0.5872715711710329,0.1772422388265215,0,0.0,1.3137754738033653,0.0,49,0.4900000000000001,3.769933422317841,10.147238032078889
1553,0.1,0.4,0.4145684550109925,0.2652394867687036,26,0.26000000000000006,2.56742526583481,2.5398697139703237,86,0.8600000000000002,3.960982734921998,8.401107515440302
1554,0.1,0.4,0.5389429135408048,0.3827646342865837,201,2.0100000000000002,7.54983214267576,17.688338328266685,254,2.5400000000000005,9.490138224981948,22.35242753920268
1555,0.1,0.4,0.8440523779997186,0.2182847873533955,11,0.11000000000000001,2.453521997575318,2.658389606121949,72,0.7200000000000002,3.864421152697067,17.400368330980033
1556,0.1,0.4,0.3989819585917604,0.3930672227505868,23,0.23000000000000004,3.41914225305949,1.4591309890002762,68,0.6800000000000002,4.265546619781929,4.313952489218208
1557,0.1,0.4,0.3920163266934396,0.4101019745961705,34,0.3400000000000001,4.1355513781658635,2.031286718489597,94,0.9400000000000002,5.27887683858384,5.615910339353591
1558,0.1,0.4,0.9694916895158204,0.3952527593815233,123,1.2300000000000002,25.178011981013412,18.856205772769286,194,1.9400000000000004,24.7180987079621,29.74068227574993
1559,0.1,0.4,0.930741183466804,0.4528700726224197,0,0.0,1.417178590021159,0.0,74,0.7400000000000001,3.3763866636085855,9.505326657173464
1560,0.1,0.4,0.661060293256797,0.3147797578611301,0,0.0,1.1441236852588852,0.0,61,0.6100000000000001,3.498691663627015,8.006526166633002
1561,0.1,0.4,1.1628575897034572,0.2788571633499401,0,0.0,0.7593208322385243,0.0,61,0.6100000000000001,3.5368342507987878,15.898442440874033
1562,0.1,0.4,0.4944359030142833,0.2963770285897601,42,0.4200000000000001,3.53552349633515,4.379199871151338,115,1.1500000000000001,4.264166624556116,11.990666313866756
1563,0.1,0.4,0.5139634867491957,0.2893692022581262,44,0.44000000000000006,3.3563984559946745,4.884416093802175,100,1.0000000000000002,5.576929946450435,11.100945667732216
1564,0.1,0.4,0.9852225986694184,0.4574990048460493,0,0.0,1.956080039673424,0.0,80,0.8000000000000002,3.5777074733448377,10.767483516176728
1565,0.1,0.4,0.634178915386726,0.2155654969295065,34,0.3400000000000001,3.969375224842355,6.251604335537474,93,0.9300000000000002,5.751546737471609,17.0999765648525
1566,0.1,0.4,0.3509453002463447,0.5266183465744355,1,0.010000000000000002,2.034022070678664,0.0416508110818282,64,0.6400000000000001,4.026330989598981,2.665651909237005
1567,0.1,0.4,0.6485645626725765,0.6822775163999724,6,0.06000000000000001,2.386257593063852,0.356470358697322,86,0.8600000000000002,3.8378640766580077,5.109408474661616
1568,0.1,0.4,1.198714595462156,0.246284130157392,0,0.0,1.5032939178175075,0.0,54,0.5400000000000001,3.877780809634133,16.426806538851405
1569,0.1,0.4,0.6521352847492714,0.8293665458903311,0,0.0,1.6825136722790655,0.0,71,0.7100000000000002,3.160282244619212,3.4892296300284484
1570,0.1,0.4,0.8334278734482364,0.1868966132826271,0,0.0,1.105404564157274,0.0,49,0.4900000000000001,3.156004291132074,13.656603068432801
1571,0.1,0.4,0.4653382240957175,0.365329876912661,0,0.0,1.2539457804966512,0.0,81,0.8100000000000002,3.479837900743533,6.448349583102294
1572,0.1,0.4,0.688204316497356,0.2753408279601923,0,0.0,1.1676892266428087,0.0,71,0.7100000000000002,3.8075412875893484,11.09136874862067
1573,0.1,0.4,2.0652553147040047,0.2760667140894811,0,0.0,0.10884500988268535,0.0,45,0.45000000000000007,3.284052999279293,21.040314808551326
1574,0.1,0.4,1.2675744090294434,0.154946643172034,0,0.0,1.034209561910682,0.0,61,0.6100000000000001,3.33630795854292,31.18897793132045
1575,0.1,0.4,1.4825439093245925,0.4534164466121408,0,0.0,1.6141205843193578,0.0,107,1.0700000000000003,4.090527759887127,21.866239012033972
1576,0.1,0.4,0.4284938643370282,0.3687655389630468,0,0.0,1.0098073253707442,0.0,69,0.6900000000000002,3.6253955090825145,5.010988269537317
1577,0.1,0.4,1.5951120503917056,0.2164708518682049,230,2.3000000000000003,6.293470074846502,105.92528059316363,283,2.8300000000000005,7.7514656428341615,130.3341495994144
1578,0.1,0.4,0.5472847368062579,0.3352923919420406,241,2.4100000000000006,4.653398631859645,24.585933192212863,280,2.8000000000000007,7.073493202878912,28.56456968389876
1579,0.1,0.4,0.5599186258438456,0.5753219724031438,31,0.31000000000000005,3.5447884229526667,1.8856264658918194,86,0.8600000000000002,5.821043901900371,5.231092776345047
1580,0.1,0.4,2.112830583020949,0.1447819085419612,0,0.0,1.3516852797663312,0.0,51,0.5100000000000001,3.573984914411156,46.515808164163104
1581,0.1,0.4,0.9453527289265772,0.0988202558432458,115,1.1500000000000001,5.490784138194501,68.75840060501301,171,1.7100000000000004,7.091943189128587,102.24075220397587
1582,0.1,0.4,0.553869185376811,0.2504672967747652,26,0.26000000000000006,5.082340891209923,3.593432906519065,68,0.6800000000000002,7.268293892474679,9.398209140126786
1583,0.1,0.4,0.5154502912431554,0.2286546361733808,34,0.3400000000000001,2.159648699857588,4.790333085838476,117,1.1700000000000002,3.9536982719216196,16.484381501267695
1584,0.1,0.4,0.6185795186600858,0.2573301878991422,50,0.5000000000000001,4.037817665360204,7.511986881890478,128,1.2800000000000002,5.350105757459302,19.230686417639625
1585,0.1,0.4,0.9054903992996598,1.0731183457888864,0,0.0,0.8714070453555168,0.0,44,0.44000000000000006,3.154871313252955,2.3204324181444376
1586,0.1,0.4,0.8301565237042633,0.5336133823543902,18,0.18000000000000005,4.38770220379725,1.7501924053078661,66,0.6600000000000001,5.409799609715869,6.417372152795509
1587,0.1,0.4,1.5704186344344482,0.0346065205543818,110,1.1000000000000003,7.994256555602102,311.98248014476536,170,1.7000000000000004,9.430849178870602,482.15474204191
1588,0.1,0.4,1.4106726069656137,0.5028153929568148,0,0.0,0.9392612170409763,0.0,43,0.4300000000000001,3.154871305535171,7.539909645418711
1589,0.1,0.4,0.925017604599243,0.4647738306270016,4,0.04000000000000001,2.114838511506779,0.4975633004935707,56,0.56,3.686681185507273,6.965886206909989
1590,0.1,0.4,0.3717325102054397,0.0904318891646204,55,0.5500000000000002,8.07276488893765,14.130308629349342,104,1.0400000000000003,8.742237275138233,26.719129044587845
1591,0.1,0.4,0.5683869107742022,0.0709607115927568,344,3.440000000000001,64.25135082876677,172.21245823713974,404,4.040000000000001,63.524982072593566,202.2495149064083
1592,0.1,0.4,0.4601213879909508,0.1823086460534985,242,2.4200000000000004,255.66705495457717,38.173373254721625,276,2.7600000000000007,255.7679221790959,43.53657445579822
1593,0.1,0.4,0.4576935515150537,0.2967537022920192,0,0.0,0.8088750364375243,0.0,47,0.4700000000000001,3.154872169465728,4.5306083704810725
1594,0.1,0.4,0.5279857303619367,0.2383091823093331,0,0.0,1.5641081325592228,0.0,80,0.8000000000000002,3.3193623443332534,11.077746254791684
1595,0.1,0.4,0.3306490209964672,0.7089646164507644,16,0.16000000000000003,2.650405061228152,0.46638296654601785,73,0.7300000000000001,4.299336248800851,2.1278722848662066
1596,0.1,0.4,0.5376702974680778,0.1946921343649253,11,0.11000000000000001,3.0041646192172844,1.8986300125327373,65,0.6500000000000001,3.9344876175637045,11.219177346784356
1597,0.1,0.4,1.158150684735253,0.4717251681008011,0,0.0,1.351768975287953,0.0,89,0.8900000000000001,4.101673124424945,13.656708650455624
1598,0.1,0.4,0.3752071852340899,0.2796682874292623,0,0.0,1.7322613560667774,0.0,52,0.5200000000000001,3.2365516877229314,4.360248933548557
1599,0.1,0.4,0.4285246909116639,0.3505705572407056,0,0.0,0.9989872276059825,0.0,89,0.8900000000000001,3.423075942000906,6.799397564808835
1600,0.1,0.4,1.429644166589099,0.1183390929516896,0,0.0,1.2106107479746822,0.0,42,0.4200000000000001,3.1548783845465627,31.71239396628149
1601,0.1,0.4,1.2267105658601285,0.5292915333037632,0,0.0,1.9932943717231637,0.0,59,0.5900000000000001,3.1959893588090016,8.546320745722502
1602,0.1,0.4,0.4717023746203125,0.3059235455521776,4,0.04000000000000001,2.056702442562395,0.3854740681768315,72,0.7200000000000002,3.5232142182923925,6.938533227182967
1603,0.1,0.4,0.6216262542955197,0.4278794879941466,41,0.4100000000000001,5.623004155415598,3.7228175720684704,95,0.9500000000000002,8.069286773448956,8.626040715768408
1604,0.1,0.4,0.698788462286232,0.4589906901211326,0,0.0,0.9190442789580107,0.0,49,0.4900000000000001,3.4148860630328026,4.662490355058849
1605,0.1,0.4,0.3404355949671182,0.6023888573139947,0,0.0,1.6392274937409863,0.0,56,0.56,4.179747376162019,1.9779990415125366
1606,0.1,0.4,0.703155863908829,0.3315763221404432,15,0.15000000000000002,2.2585752474597354,1.9881052367041798,90,0.9000000000000001,4.156643797034606,11.928631420225079
1607,0.1,0.4,0.5053709435190656,0.2971193096488915,0,0.0,1.0848164384103844,0.0,62,0.6200000000000001,3.2294856256832047,6.590996756321675
1608,0.1,0.4,0.6858755337623376,0.1959999533737877,138,1.3800000000000003,9.753839939080914,30.18203003047909,193,1.9300000000000004,10.694302961607862,42.211099970162785
1609,0.1,0.4,0.7840036770410665,0.3618861114506527,8,0.08000000000000002,2.4085106006098256,1.0832187976188392,72,0.7200000000000002,4.699845469962192,9.748969178569553
1610,0.1,0.4,0.725289098929112,0.5372809970771858,42,0.4200000000000001,9.982843689696972,3.543553364154078,115,1.1500000000000001,11.948368257690726,9.702586592326641
1611,0.1,0.4,0.4209840272414425,0.2355488350678421,43,0.4300000000000001,4.35441343421723,4.803227207154371,97,0.9700000000000002,5.238849138483117,10.835186955673814
1612,0.1,0.4,1.416747008855423,0.3282961293322752,0,0.0,1.7212029914765101,0.0,99,0.9900000000000002,3.8208644427375265,26.7018747224417
1613,0.1,0.4,1.0739377255978728,0.3829649205778622,6,0.06000000000000001,2.3975541770705453,1.0516019234647427,67,0.6700000000000002,4.858759938274126,11.742888145356295
1614,0.1,0.4,1.22939391591455,0.3885729750593461,0,0.0,1.0707850303920867,0.0,49,0.4900000000000001,3.3492183255618673,9.689348228381771
1615,0.1,0.4,0.753600038116321,0.1199431540373159,141,1.4100000000000004,24.53817205234382,55.36873187305001,216,2.1600000000000006,24.135284540079105,84.82018499701279
1616,0.1,0.4,0.435913217661602,0.1786000933243254,142,1.4200000000000004,51.69223713959046,21.661409771614018,181,1.8100000000000003,51.012997102834724,27.610670201846037
1617,0.1,0.4,0.4748568759313221,0.1894003522252415,22,0.22000000000000003,3.2703752862725226,3.4473441930513573,78,0.7800000000000001,4.866755558199288,12.222402139000266
1618,0.1,0.4,2.336336599933121,0.0935827442352655,0,0.0,0.21543790454466785,0.0,38,0.38000000000000006,3.1964545574216534,59.29297618043313
1619,0.1,0.4,0.7697315738537763,0.2720327763944645,0,0.0,1.930052609221212,0.0,62,0.6200000000000001,3.7153800040531015,10.96452379090624
1620,0.1,0.4,0.8147565564616999,0.3404921763612127,0,0.0,1.065995315771795,0.0,44,0.44000000000000006,3.154871281562038,6.580417072175968
1621,0.1,0.4,2.343911981273327,0.334611382472159,0,0.0,0.5801872154093863,0.0,47,0.4700000000000001,3.1548907060217593,20.576829736398096
1622,0.1,0.4,0.3534302858740579,0.3869316996540882,0,0.0,1.314364227434038,0.0,49,0.4900000000000001,3.155640151214609,2.7973418860665484
1623,0.1,0.4,0.772014457262985,0.4984111613039645,45,0.45000000000000007,6.54481953756681,4.3564246341745685,101,1.0100000000000002,8.063997953954303,9.77775306781403
1624,0.1,0.4,1.2385043014639572,0.2782675937466364,0,0.0,1.168766323043179,0.0,51,0.5100000000000001,4.088603336610442,14.186820706513124
1625,0.1,0.4,0.8297787953319801,0.231871391945883,0,0.0,1.4748306534954378,0.0,52,0.5200000000000001,3.6212158395634884,11.630503712412885
1626,0.1,0.4,0.3825458541946946,0.3161640125356756,0,0.0,1.6555182307355747,0.0,72,0.7200000000000002,3.8208990300082943,5.4448206488455995
1627,0.1,0.4,0.5314414834882738,0.2708211092455891,0,0.0,1.8843543532682139,0.0,71,0.7100000000000002,3.3788381659514446,8.707857336337323
1628,0.1,0.4,0.5156271333919193,0.2614577620399503,60,0.6000000000000001,4.480585416875756,7.3954650844301435,122,1.2200000000000002,5.812972498876454,15.037445671674625
1629,0.1,0.4,0.903668555049784,0.3266509489272153,16,0.16000000000000003,3.275197399567637,2.766465421323911,75,0.7500000000000001,4.858037919573954,12.967806662455834
1630,0.1,0.4,0.8659115783078559,0.2783232498885351,139,1.3900000000000003,22.945679912419966,27.028309131781867,200,2.0000000000000004,23.806565607555758,38.88965342702427
1631,0.1,0.4,0.5177159165114597,0.3980984660253165,55,0.5500000000000002,5.9346820701260175,4.470372570827662,110,1.1000000000000003,6.848854299189697,8.940745141655324
1632,0.1,0.4,1.3685096308523386,0.1245321544457418,104,1.0400000000000003,5.23596701179125,71.42984589105343,174,1.7400000000000004,6.5950237436359105,119.50762677926247
1633,0.1,0.4,0.5182968305976945,0.2934848612425593,0,0.0,0.3544856640569139,0.0,48,0.4800000000000001,3.154874404014939,5.298026225986485
1634,0.1,0.4,1.2227714613822778,0.3600334378085141,5,0.05000000000000001,2.6991783835158354,1.0613349804614327,48,0.4800000000000001,3.169855382982385,10.188815812429755
1635,0.1,0.4,0.6210170145533629,0.1824205164529894,0,0.0,0.40570182984630676,0.0,41,0.4100000000000001,3.1549751704478473,8.723558790072234
1636,0.1,0.4,0.4793471429845798,0.4889214405688207,0,0.0,1.4354098777188,0.0,63,0.6300000000000001,3.3891667143136326,3.8603939588043246
1637,0.1,0.4,0.4974418504093969,0.255609665936848,0,0.0,1.5685626108597892,0.0,113,1.1300000000000001,4.170752601709296,13.744327921403205
1638,0.1,0.4,0.808753445621715,0.2336146614450637,0,0.0,1.380659464441491,0.0,55,0.5500000000000002,3.7086392668311623,11.90032317375939
1639,0.1,0.4,0.7215239173111772,0.0694663614897358,65,0.6500000000000001,3.6059685488431943,42.195831928087436,136,1.3600000000000003,4.95453030048296,88.28666372645986
1640,0.1,0.4,0.7687437093165013,0.3979819385400041,42,0.4200000000000001,4.505615480833679,5.070461851506803,94,0.9400000000000002,5.309820166047634,11.348176524800941
1641,0.1,0.4,1.5637606292454105,0.2129519603409041,0,0.0,1.6019091009317905,0.0,41,0.4100000000000001,3.1659093534645706,18.817091920762508
1642,0.1,0.4,0.5789524548458906,0.223249598387168,55,0.5500000000000002,3.8824162502345336,8.914457530541025,106,1.0600000000000003,5.087637747500357,17.1805908770427
1643,0.1,0.4,0.9193840173854604,0.5424180441301468,0,0.0,0.8166927994485819,0.0,41,0.4100000000000001,3.1548712816751467,4.3433686803843985
1644,0.1,0.4,1.034790444912794,0.345716038558728,0,0.0,1.6358362509538527,0.0,48,0.4800000000000001,3.154883020934278,8.979540977272396
1645,0.1,0.4,1.4148697567839743,0.4717218687797823,0,0.0,1.2451887398183232,0.0,89,0.8900000000000001,3.9109469535297516,16.684011369812012
1646,0.1,0.4,0.4021327302711568,0.4662638172667552,0,0.0,1.1106949249771698,0.0,72,0.7200000000000002,3.454405966476889,3.88105878948122
1647,0.1,0.4,0.7030554075358039,0.2617545182462901,11,0.11000000000000001,2.4468500078828113,1.846579749298046,74,0.7400000000000001,3.7742930454753703,12.422445586186855
1648,0.1,0.4,0.6724089862161767,0.3256680425547231,87,0.8700000000000002,4.570782121287067,11.226842627446608,145,1.4500000000000002,5.658709342748191,18.71140437907768
1649,0.1,0.4,0.6841538223553475,0.7680573800498621,30,0.30000000000000004,3.9413540476932796,1.6701726332386757,99,0.9900000000000002,5.086528355282444,5.51156968968763
1650,0.1,0.4,0.7308905022588609,0.3969666019454556,146,1.4600000000000002,5.77258530142173,16.800848737467586,218,2.1800000000000006,7.476382643935271,25.086198799780373
1651,0.1,0.4,0.770114537045392,0.2756120343626883,2,0.020000000000000004,2.0829716746597478,0.3492747236283455,76,0.7600000000000001,3.92375739445904,13.272439497877128
1652,0.1,0.4,0.9275039844811293,0.1625360378081454,93,0.9300000000000002,5.140891340844829,33.168748189617745,141,1.4100000000000004,5.687216688133257,50.28810209393657
1653,0.1,0.4,1.3510550170946714,0.3161017888147219,0,0.0,0.7492253492062909,0.0,42,0.4200000000000001,3.157676822636877,11.21954871932803
1654,0.1,0.4,1.0870687128866847,0.3614271362595083,0,0.0,1.7339855802907156,0.0,55,0.5500000000000002,3.8896508343470555,10.339009791077006
1655,0.1,0.4,1.8253423599669567,0.3216131958042252,0,0.0,1.313244018421124,0.0,50,0.5000000000000001,3.2725420925048585,17.73619661541823
1656,0.1,0.4,0.5341064470831168,0.2533469539991074,0,0.0,1.7194797046226071,0.0,73,0.7300000000000001,3.7420460569933103,9.618669679467732
1657,0.1,0.4,0.6402122477991358,0.6148911697244659,18,0.18000000000000005,2.27095196555989,1.1713272433181443,85,0.8500000000000002,4.978633707991966,5.531267537891237
1658,0.1,0.4,0.5531784320789955,0.2520471903586166,48,0.4800000000000001,3.456925391785551,6.584224540951137,100,1.0000000000000002,4.9210282002091335,13.71713446031487
1659,0.1,0.4,0.6948193663751292,0.1711978381639417,5,0.05000000000000001,2.3341129712439987,1.2683048706742417,59,0.5900000000000001,4.09441654923284,14.965997473956051
1660,0.1,0.4,0.538699170554793,0.6120671180115159,0,0.0,1.0251730697605135,0.0,69,0.6900000000000002,3.4871870104067133,3.795564415492478
1661,0.1,0.4,0.8817260058453132,0.4336050991327823,4,0.04000000000000001,2.2651380807391743,0.5083692555788554,52,0.5200000000000001,3.6814054132117304,6.60880032252512
1662,0.1,0.4,0.6525637991299854,0.2859628177390524,6,0.06000000000000001,2.3159214636218626,0.8557456056998616,54,0.5400000000000001,4.239218694216536,7.701710451298755
1663,0.1,0.4,0.6521837875631945,0.1309352218371559,96,0.9600000000000002,5.491944343959676,29.885791389622362,145,1.4500000000000002,7.40857158976391,45.13999741140877
1664,0.1,0.4,0.5596636463503089,0.2808288425046318,56,0.56,5.959692848056944,6.975148082212294,137,1.3700000000000003,6.525916175389318,17.064201558269364
1665,0.1,0.4,1.1058221074461436,0.1677413398458268,0,0.0,1.3667528625272092,0.0,63,0.6300000000000001,3.564472438913101,25.957671210157066
1666,0.1,0.4,0.438848409221493,0.1040305723902979,41,0.4100000000000001,4.990325256537562,10.809793917224985,91,0.9100000000000001,5.514627047676769,23.992469426035942
1667,0.1,0.4,0.7545099386714369,0.2792612565645109,0,0.0,0.9503108829041389,0.0,65,0.6500000000000001,3.291526336985261,10.976089786177106
1668,0.1,0.4,1.838273802524643,0.1862281612263215,0,0.0,1.4038422350613096,0.0,49,0.4900000000000001,3.2382109980865494,30.23019441936054
1669,0.1,0.4,0.3537138893620669,0.0742479469748238,150,1.5000000000000002,31.01728435068609,44.662079530546464,191,1.9100000000000004,31.3125799566513,56.869714602229166
1670,0.1,0.4,1.5463638414781609,0.3287398160032815,0,0.0,0.5634295650602901,0.0,42,0.4200000000000001,3.315368667395547,12.347774398704576
1671,0.1,0.4,0.7394293827404084,0.7867226153545573,0,0.0,1.2728666590783588,0.0,70,0.7000000000000002,3.37568145232588,4.112000197212263
1672,0.1,0.4,0.806185881978972,0.1250536623270646,88,0.8800000000000001,105.23408079471346,35.4569571844096,127,1.2700000000000002,106.37679796961797,51.17083593659113
1673,0.1,0.4,0.9939076349104136,0.3389577496809107,11,0.11000000000000001,3.4111063569374007,2.0159193871335517,53,0.5300000000000001,3.9464845628573486,9.713066138007113
1674,0.1,0.4,0.6916477169107551,0.8041331917676853,32,0.32000000000000006,3.6562097556345656,1.7202317327315912,78,0.7800000000000001,5.296787990463067,4.193064848533254
1675,0.1,0.4,0.5417296411208632,0.2059538509058416,141,1.4100000000000004,8.453169635167626,23.17991356500632,190,1.9000000000000004,10.09342839235027,31.235344520221286
1676,0.1,0.4,0.5735164228703709,0.6436309724055892,0,0.0,1.3236334790616162,0.0,80,0.8000000000000002,3.6398182104095476,4.45532026470725
1677,0.1,0.4,1.0372992059359851,0.7911852499785673,0,0.0,0.9445918264934506,0.0,57,0.5700000000000001,4.142965217065424,4.670686696000781
1678,0.1,0.4,0.5320240559843618,0.3201952085492128,286,2.8600000000000008,11.288535679348984,29.70041320671051,320,3.2000000000000006,12.27459333078466,33.231231559955816
1679,0.1,0.4,0.6341046103540505,0.4838026776721367,0,0.0,0.8042640273952422,0.0,43,0.4300000000000001,3.154871281550761,3.522419819018412
1680,0.1,0.4,0.3895726821016104,0.3299197167059418,0,0.0,1.6805682258608274,0.0,59,0.5900000000000001,3.885848003094725,4.354238902702769
1681,0.1,0.4,0.6049605808673271,0.3621453829749377,0,0.0,1.6433403275056557,0.0,94,0.9400000000000002,4.5944784467360735,9.814134266738701
1682,0.1,0.4,0.4439654742557728,0.4229372951205671,0,0.0,0.5260439348346998,0.0,42,0.4200000000000001,3.154871281550761,2.7555133665598808
1683,0.1,0.4,0.6848669628035886,0.5158750721993473,346,3.460000000000001,10.147592456975705,28.708981822840524,391,3.9100000000000006,11.430056174486278,32.442808938527875
1684,0.1,0.4,1.2198338848246375,0.2383689932660732,116,1.1600000000000001,7.032991481999377,37.101283786129706,194,1.9400000000000004,7.08910867889755,62.04869874576865
1685,0.1,0.4,1.0885332133491117,0.3014737160350033,0,0.0,0.6267847809675658,0.0,52,0.5200000000000001,3.331524452155529,11.734797281544294
1686,0.1,0.4,0.396637354525528,0.3501621290766135,204,2.0400000000000005,54.22835641422527,14.442242179461992,271,2.7100000000000004,54.026029245913485,19.18552760114804
1687,0.1,0.4,0.2998264619851187,0.0816089704442929,100,1.0000000000000002,53.56188452827639,22.962125085086637,147,1.4700000000000002,53.619215456457574,33.754323875077354
1688,0.1,0.4,0.7925012557049359,0.3511581991327441,0,0.0,0.5622067470296188,0.0,59,0.5900000000000001,3.4225063211699545,8.322028042145332
1689,0.1,0.4,0.3203627943409383,0.5264150558114326,15,0.15000000000000002,2.276931886895991,0.5705386203889553,94,0.9400000000000002,4.282953553496366,3.5753753544374534
1690,0.1,0.4,0.948577753867699,0.2914668992426245,0,0.0,0.7471212120520848,0.0,43,0.4300000000000001,3.418169045802762,8.74645704244219
1691,0.1,0.4,0.364332442848306,0.317068400234806,15,0.15000000000000002,2.6662376283062326,1.0772491516573153,80,0.8000000000000002,4.303576351860798,5.745328808839015
1692,0.1,0.4,0.342070346265974,0.1500097259825365,138,1.3800000000000003,25.88712914751432,19.6677696543989,183,1.8300000000000003,25.96094547006253,26.081172802572457
1693,0.1,0.4,0.5284504138186675,0.2690452253736428,0,0.0,1.6165611977537129,0.0,62,0.6200000000000001,3.266416843374588,7.611156639942162
1694,0.1,0.4,1.2161470004353852,0.7945887622397869,11,0.11000000000000001,2.4783316988917816,1.0522437549236483,81,0.8100000000000002,4.253943853264118,7.748340377165046
1695,0.1,0.4,0.3868034059197027,0.1762499805373365,134,1.3400000000000003,10.128243760518549,18.380022027243655,174,1.7400000000000004,10.04428464871582,23.86659576671937
1696,0.1,0.4,0.8429740986617191,1.4337083747886274,0,0.0,0.8173224640738561,0.0,76,0.7600000000000001,3.371222951749726,2.792846187589228
1697,0.1,0.4,1.1373869004888697,0.2649049330051951,0,0.0,1.2587341338219906,0.0,75,0.7500000000000001,3.905283946569301,20.126092162794947
1698,0.1,0.4,0.6441898320506965,0.2931398893501947,17,0.17000000000000004,2.239919780338084,2.3348978471373996,112,1.12,4.051658966050352,15.382856404669923
1699,0.1,0.4,0.4580498846603674,0.2749036090434298,0,0.0,1.514248435519705,0.0,52,0.5200000000000001,3.154899191708996,5.4152149196084665
1700,0.1,0.4,1.0096429723021425,0.4548742316358116,0,0.0,1.101248789710668,0.0,49,0.4900000000000001,3.621223833943534,6.797552790703918
1701,0.1,0.4,0.7876276411947333,0.1532755010178208,43,0.4300000000000001,3.994512844411702,13.810095361976591,94,0.9400000000000002,5.168477919112522,30.189510791297668
1702,0.1,0.4,0.627255818791932,0.2949447416349241,64,0.6400000000000001,6.708166878188568,8.506757100532885,113,1.1300000000000001,7.778195489983056,15.019743005628374
1703,0.1,0.4,0.8746149852160834,0.6526052545637184,21,0.21000000000000005,3.178652293617097,1.7589992726361487,67,0.6700000000000002,4.52411969501661,5.61204529841057
1704,0.1,0.4,0.6053652054740944,0.217367796827857,44,0.44000000000000006,6.715593037492404,7.658698019431788,109,1.0900000000000003,7.409105892200714,18.972683729956024
1705,0.1,0.4,0.6333847720801208,0.8367483887358756,0,0.0,1.0885237513602644,0.0,46,0.4600000000000001,3.1548717270126985,2.176259009570857
1706,0.1,0.4,0.8333845493620125,0.8336274740073383,0,0.0,1.2840603483999316,0.0,48,0.4800000000000001,3.97467592176422,2.9991257798492725
1707,0.1,0.4,0.9627020591448306,0.6356348702050977,0,0.0,1.5631156012682708,0.0,66,0.6600000000000001,3.7078094632231107,6.247526968888716
1708,0.1,0.4,0.6586766284689853,0.3055115476219202,0,0.0,0.9781390747633781,0.0,52,0.5200000000000001,3.1859962627650105,7.0069333195005195
1709,0.1,0.4,0.5179545265449198,0.29600576811337,158,1.5800000000000003,25.157565759892275,17.279396216603853,206,2.0600000000000005,25.28853081860345,22.52883304190123
1710,0.1,0.4,0.9510293841793972,0.5516602659442253,0,0.0,1.6645078770829138,0.0,55,0.5500000000000002,3.168503700732077,5.926044904686322
1711,0.1,0.4,1.0261612575134471,0.1808605239477772,0,0.0,1.0143526694413207,0.0,75,0.7500000000000001,3.6995869690224037,26.59580316146375
1712,0.1,0.4,0.4208786135920162,0.4143488567966733,0,0.0,1.6934444722833568,0.0,67,0.6700000000000002,3.375292280912467,4.253491147633156
1713,0.1,0.4,0.4008960829675712,0.3435832486730424,0,0.0,1.85744683007808,0.0,62,0.6200000000000001,3.613727356451556,4.521385508458358
1714,0.1,0.4,0.5574393507522922,0.4663714875965353,53,0.5300000000000001,2.748300226748544,3.959328343340786,128,1.2800000000000002,4.696371130979741,9.562151470709823
1715,0.1,0.4,0.796346646931394,0.4266335297183188,0,0.0,1.626703432000177,0.0,75,0.7500000000000001,3.378907301179685,8.749605100085567
1716,0.1,0.4,0.4977176731025004,0.3945461512534973,0,0.0,1.1901169307809274,0.0,50,0.5000000000000001,3.610655428473192,3.9421693089739063
1717,0.1,0.4,0.4882970097166338,0.1810619318500057,58,0.5800000000000001,9.843744829357178,9.77608402902248,126,1.2600000000000002,9.789493852874488,21.23769978718677
1718,0.1,0.4,1.860525522683022,0.6048212765889012,0,0.0,0.6712404792244592,0.0,43,0.4300000000000001,3.1548728642291173,8.267173354764843
1719,0.1,0.4,0.5798186682598739,0.3013723153045777,0,0.0,1.6820202657696073,0.0,53,0.5300000000000001,4.250690714515252,6.373011856347041
1720,0.1,0.4,0.6931484785050123,0.6054166815781972,0,0.0,1.0870908905484304,0.0,46,0.4600000000000001,3.154895087704544,3.29162036055413
1721,0.1,0.4,0.7834281661983258,0.502819843389708,0,0.0,1.4089922837151896,0.0,108,1.0800000000000003,3.66419066418155,10.516967839195148
1722,0.1,0.4,0.5788698255364011,0.63850228033112,13,0.13000000000000003,2.4592800358977556,0.736617155078001,75,0.7500000000000001,5.056035790356946,4.249714356219236
1723,0.1,0.4,0.4653130559625423,0.3019511483965617,107,1.0700000000000003,6.2220466136786134,10.30557783361269,169,1.6900000000000004,7.545080839042562,16.277034148416302
1724,0.1,0.4,0.5090317759700781,0.2378965933973286,46,0.4600000000000001,5.54628792983177,6.1516910982820665,105,1.0500000000000003,6.337081562225327,14.041903593904717
1725,0.1,0.4,1.4546326361754254,0.4920961603525927,0,0.0,0.17573532853326054,0.0,40,0.4000000000000001,3.1579743049370137,7.3899816406470435
1726,0.1,0.4,1.7369111513304911,0.2362974970591175,0,0.0,1.3883770907306359,0.0,58,0.5800000000000001,3.8968371745078776,26.645660669007444
1727,0.1,0.4,0.7325047853529589,0.1016083469747725,0,0.0,1.7605582373640087,0.0,67,0.6700000000000002,3.956832816407031,30.1881083591202
1728,0.1,0.4,0.5382734859652342,0.1832263929908908,1,0.010000000000000002,2.0431823711956927,0.18360942615128417,54,0.5400000000000001,3.16263984698315,9.914909012169346
1729,0.1,0.4,0.4694280584767187,0.3422908963163347,25,0.25000000000000006,2.5294117315262685,2.1428596239732074,85,0.8500000000000002,4.041642202594742,7.285722721508905
1730,0.1,0.4,1.938017743167738,0.2359723804796575,0,0.0,0.6612035274770981,0.0,41,0.4100000000000001,3.1549510503777625,21.045558199534494
1731,0.1,0.4,0.4645096675761961,0.3378371993815366,10,0.10000000000000002,2.8829522177927376,0.8593445090315563,59,0.5900000000000001,4.238460545490729,5.070132603286182
1732,0.1,0.4,0.6878190155577603,0.4183038732661249,0,0.0,1.5096267402006327,0.0,65,0.6500000000000001,3.1557021652606885,6.679987753605356
1733,0.1,0.4,0.5400803702532097,0.3392279530082873,0,0.0,1.6077131468457324,0.0,55,0.5500000000000002,3.3428741957528607,5.472798618986607
1734,0.1,0.4,0.8888206989775526,0.6614096039283102,31,0.31000000000000005,3.11011649836487,2.603666614516932,111,1.1100000000000003,4.949802254570357,9.322806264883209
1735,0.1,0.4,0.7581868875174738,0.2347705565867004,0,0.0,0.47201800556329676,0.0,57,0.5700000000000001,3.2071587399328947,11.505023568760462
1736,0.1,0.4,0.401563418101631,0.4342539138083549,17,0.17000000000000004,3.0429437074587953,0.9825153399107353,87,0.8700000000000002,4.496204522148167,5.028166739543175
1737,0.1,0.4,0.7415711497306052,0.4165119580493113,17,0.17000000000000004,3.1344712035557376,1.891708824589102,64,0.6400000000000001,5.080521152588456,7.121727339629561
1738,0.1,0.4,0.3774033572585049,0.4768485089014199,0,0.0,0.2945729339344277,0.0,58,0.5800000000000001,3.240336122922131,2.8690184503542366
1739,0.1,0.4,0.5345208792855604,0.2535639648556548,100,1.0000000000000002,9.808645506326389,13.175198208611894,143,1.4300000000000004,10.796615709673958,18.840533438315006
1740,0.1,0.4,0.5767129692616605,0.1962927196151511,156,1.5600000000000003,45.339003528510915,28.645746318689117,189,1.8900000000000003,45.39548683090738,34.70542342456566
1741,0.1,0.4,0.4896948167324651,0.3348819817229662,0,0.0,1.382690531242149,0.0,59,0.5900000000000001,3.49221899012029,5.392197058230461
1742,0.1,0.4,0.414301410800764,0.4520429646292332,0,0.0,1.299613869101597,0.0,61,0.6100000000000001,3.1698450713899797,3.4941902701072727
1743,0.1,0.4,1.0570597261438983,0.2123055969917044,0,0.0,1.6224976631610288,0.0,89,0.8900000000000001,4.080127451492813,27.69542965419411
1744,0.1,0.4,0.7296371729219272,0.4567230155345981,0,0.0,1.7261060600254396,0.0,53,0.5300000000000001,3.3683751891469274,5.291879439171366
1745,0.1,0.4,0.9097440034994893,0.407879499469534,0,0.0,0.9040617255377409,0.0,50,0.5000000000000001,3.3838574654895064,6.9700733050650765
1746,0.1,0.4,0.8020570657394201,0.4296257781418997,93,0.9300000000000002,6.323999491684663,10.851203376978459,153,1.5300000000000002,8.829561176386052,17.851979749222625
1747,0.1,0.4,0.5912167645148902,0.3969860669985572,0,0.0,0.9064353361454172,0.0,77,0.7700000000000001,3.3575158637765234,7.167079441199254
1748,0.1,0.4,0.6839581166242024,0.2237886127962264,0,0.0,1.9506687200292463,0.0,71,0.7100000000000002,3.533169257944197,13.562192037373746
1749,0.1,0.4,1.075712605527799,0.2968096972723705,0,0.0,1.1703415435750673,0.0,72,0.7200000000000002,3.6580823438621275,16.309125912530313
1750,0.1,0.4,0.476006020128026,0.2799317250793364,0,0.0,1.8254817005689894,0.0,77,0.7700000000000001,3.6275503874935597,8.183348890579971
1751,0.1,0.4,0.9149876529934488,0.1962747122491586,0,0.0,1.6485249414743,0.0,67,0.6700000000000002,3.8829078646582387,19.521163745466104
1752,0.1,0.4,1.2486084140846985,0.1088241406641679,223,2.2300000000000004,16.738276218175354,159.91378075761392,294,2.9400000000000004,15.651560693779922,210.82803382393945
1753,0.1,0.4,2.09622549381829,0.2958250591161052,0,0.0,0.13547019170619198,0.0,41,0.4100000000000001,3.154871281550761,18.157954042024326
1754,0.1,0.4,0.3686466195017032,0.1518576129181341,112,1.12,8.17209120202656,16.993065325628912,150,1.5000000000000002,8.325667176452193,22.758569632538723
1755,0.1,0.4,0.6202937173908724,0.1894561211937246,18,0.18000000000000005,2.580552467480512,3.6833353689912123,98,0.9800000000000002,4.202111273154741,20.053714786729934
1756,0.1,0.4,0.3615094726477162,0.2820252267572974,0,0.0,1.432199630077068,0.0,67,0.6700000000000002,3.1970490806680973,5.367679104873343
1757,0.1,0.4,1.4572823127512111,0.2497494892922552,0,0.0,0.23495552161523733,0.0,38,0.38000000000000006,3.155034860927287,13.858068349177017
1758,0.1,0.4,1.6504899044428276,0.2536538155680133,0,0.0,1.4635322179416095,0.0,88,0.8800000000000001,3.740524400945777,35.787730825604356
1759,0.1,0.4,0.9728822507494476,0.1297270925660636,14,0.14,2.3000644134743142,6.562021491171983,110,1.1000000000000003,4.237964751767961,51.55874028777988
1760,0.1,0.4,0.6829017869611752,0.1927886168148105,57,0.5700000000000001,6.919480513285946,12.619197420696937,105,1.0500000000000003,8.359427613063893,23.245889985494358
1761,0.1,0.4,0.7147698151798837,0.1584739479231428,0,0.0,1.661149049770379,0.0,78,0.7800000000000001,3.951627619495171,21.98785916970945
1762,0.1,0.4,0.6603419496236917,0.3404914619652771,29,0.29000000000000004,3.901453331207299,3.515124217167585,81,0.8100000000000002,5.350893768092403,9.818105572088774
1763,0.1,0.4,0.7829158029811305,0.2309015557810208,64,0.6400000000000001,2.3891363001183845,13.562763582652016,160,1.6000000000000003,4.5984265184824205,33.90690895663004
1764,0.1,0.4,0.4999580752431344,0.2222019534981926,45,0.45000000000000007,3.5983375946617655,6.328171577630856,100,1.0000000000000002,4.631901869810876,14.062603505846347
1765,0.1,0.4,1.1213136949458855,0.2164788878457044,0,0.0,1.6484141429840748,0.0,57,0.5700000000000001,3.496693227807696,18.45297746121058
1766,0.1,0.4,0.612072792257411,0.5595683442485027,0,0.0,0.6949012808233423,0.0,47,0.4700000000000001,3.304087785986446,3.213126413844587
1767,0.1,0.4,0.9555420270330818,0.7737077810606364,0,0.0,0.4601850822607682,0.0,45,0.45000000000000007,3.1792442857427194,3.473484456038995
1768,0.1,0.4,0.6866149240665084,0.4826838966697478,0,0.0,1.4861749845558339,0.0,76,0.7600000000000001,4.018382950428498,6.756846275208096
1769,0.1,0.4,0.7260808455708387,0.4546323941992441,0,0.0,1.378200758386704,0.0,70,0.7000000000000002,3.2455078714497585,6.987191717755737
1770,0.1,0.4,1.5637579888204554,0.1749323027132832,161,1.6100000000000003,5.443725939628071,89.9508811033961,209,2.0900000000000003,7.259618643552892,116.76853509695518
1771,0.1,0.4,1.0538486644183445,0.3289512435747125,0,0.0,0.9638999968864048,0.0,70,0.7000000000000002,3.155292747229956,14.01602212147614
1772,0.1,0.4,0.7381319812861772,0.3879816277510938,6,0.06000000000000001,2.246497864103025,0.7134345370598185,55,0.5500000000000002,3.6463177096494688,6.539816589715004
1773,0.1,0.4,0.5372689139089458,0.2825040973374425,0,0.0,1.73783136618416,0.0,71,0.7100000000000002,4.443460833405677,8.439278679286467
1774,0.1,0.4,0.8093672178514133,0.081312240479759,37,0.37000000000000005,4.098920538275474,23.018203412403878,100,1.0000000000000002,5.098369061185699,62.211360574064535
1775,0.1,0.4,0.7334666122261367,0.4189519531780063,0,0.0,1.5116818380801513,0.0,87,0.8700000000000002,3.5609400123169386,9.519527654010203
1776,0.1,0.4,0.5808097713308227,0.24276904844362,0,0.0,0.8556528006040314,0.0,42,0.4200000000000001,3.5758555231302567,6.280148394194841
1777,0.1,0.4,0.7406788537187672,0.2692949394468746,0,0.0,1.8976184539482728,0.0,97,0.9700000000000002,4.441506074387102,16.674526301508415
1778,0.1,0.4,0.9801860020373304,0.1554093036506348,68,0.6800000000000002,17.002364705111223,26.805283923178035,128,1.2800000000000002,17.452252775868615,50.45700503186453
1779,0.1,0.4,1.4003851093793376,0.4769157762372332,0,0.0,1.254952731573774,0.0,90,0.9000000000000001,3.7661636608401237,16.5168917296215
1780,0.1,0.4,0.3670183785998891,0.1472125720208874,108,1.0800000000000003,3.5255367832159488,16.828549501857406,146,1.4600000000000002,5.359958459451041,22.74970580806649
1781,0.1,0.4,0.5122155310703921,0.329623453553296,95,0.9500000000000002,15.92010973079786,9.226527065795445,152,1.5200000000000002,17.210181848029357,14.762443305272711
1782,0.1,0.4,0.4780971977364078,0.2654767606782687,0,0.0,0.5121206629986306,0.0,56,0.56,3.1549537558299328,6.303151310880081
1783,0.1,0.4,0.6514414999767819,0.2260337074393549,0,0.0,1.5851222967357257,0.0,80,0.8000000000000002,3.625027756537961,14.410273302966647
1784,0.1,0.4,0.5371373724177886,0.2534001513336851,0,0.0,1.6441599836724077,0.0,59,0.5900000000000001,4.258716494117384,7.816467552864074
1785,0.1,0.4,0.4087987583918714,0.5511369141539704,24,0.24000000000000005,2.8689830346696548,1.1126058186995234,107,1.0700000000000003,3.908555000040461,4.960367608368709
1786,0.1,0.4,0.7579771674082608,0.2615270625685573,85,0.8500000000000002,9.750651881051809,15.397082283982764,133,1.3300000000000003,11.229550382225224,24.09190522082009
1787,0.1,0.4,0.6426001305081175,0.2973531716213554,9,0.09000000000000002,2.72913738215696,1.2156001950135464,62,0.6200000000000001,4.21150891328775,8.374134676759986
1788,0.1,0.4,1.3262265770890624,0.1794360743241753,0,0.0,1.770836989045347,0.0,45,0.45000000000000007,3.3899639743570322,20.78741558581036
1789,0.1,0.4,0.6354222549042897,0.2423591729300959,0,0.0,1.6057013467404786,0.0,46,0.4600000000000001,3.3678038358925124,7.537734019981787
1790,0.1,0.4,0.3640017137298015,0.3980507211236193,174,1.7400000000000004,15.30030303229617,9.944759365433299,217,2.1700000000000004,16.33741438714248,12.402372312063367
1791,0.1,0.4,0.370601744161354,0.609581910832771,101,1.0100000000000002,5.796431422642531,3.8377508722701097,137,1.3700000000000003,7.451999371038084,5.2056620742673765
1792,0.1,0.4,0.6785133433613459,0.4707101936607236,0,0.0,1.3663920347073404,0.0,57,0.5700000000000001,3.1832398489955738,5.135227191334327
1793,0.1,0.4,0.8618660395436125,0.4715498201115653,0,0.0,1.836535105591814,0.0,68,0.6800000000000002,4.004036830952985,7.7678550851609485
1794,0.1,0.4,0.4909108988698575,0.2476624591496827,3,0.030000000000000006,2.0370840626058633,0.3716582394204019,90,0.9000000000000001,3.884017826444209,11.149747182612057
1795,0.1,0.4,0.6606535420367381,0.3565859494528483,0,0.0,1.8996868008505736,0.0,69,0.6900000000000002,3.4026105754808404,7.9898504256970675
1796,0.1,0.4,0.6202293778909441,0.1823346721403044,2,0.020000000000000004,2.0223084773598683,0.4251998335056681,86,0.8600000000000002,3.6321568328123788,18.28359284074373
1797,0.1,0.4,0.6959178440064597,0.6026846409953138,0,0.0,1.0418420661856373,0.0,54,0.5400000000000001,3.6010922964421903,3.8971006787944087
1798,0.1,0.4,0.7781122155920996,0.3674800733359971,1,0.010000000000000002,2.1257835352418946,0.1323391851781869,73,0.7300000000000001,3.4058903987885953,9.660760518007644
1799,0.1,0.4,1.292147647857962,0.3241697940845877,0,0.0,0.9060576898792168,0.0,60,0.6000000000000001,3.156234199099314,14.947579225111198
1800,0.1,0.4,0.6758952509492848,0.1271371334990972,18,0.18000000000000005,3.8260272992439384,5.980803061942127,67,0.6700000000000002,4.979156824780588,22.261878063895693
1801,0.1,0.4,1.1099379306844208,0.3001762437891166,0,0.0,1.8994617112324064,0.0,76,0.7600000000000001,3.6234016225805807,17.563698926337725
1802,0.1,0.4,1.5022748250788136,0.4831281663626539,0,0.0,1.7079570347431894,0.0,58,0.5800000000000001,3.363934098836597,11.271845899423136
1803,0.1,0.4,0.7638977626331717,0.1993583726131015,0,0.0,1.7286004230282492,0.0,76,0.7600000000000001,4.0338235967005724,18.200963044323654
1804,0.1,0.4,0.8807918517568892,0.2152191587336391,0,0.0,1.7418245126730547,0.0,53,0.5300000000000001,4.029638288075237,13.55652083258825
1805,0.1,0.4,0.4306493203102444,0.4050507357450216,0,0.0,1.1008476640087714,0.0,61,0.6100000000000001,3.154884336020688,4.053444146109014
1806,0.1,0.4,1.5763547300210772,0.3301066048847566,0,0.0,1.9297846030151882,0.0,93,0.9300000000000002,3.963824442686762,27.756372434432958
1807,0.1,0.4,0.585521876634762,0.3174232150319746,80,0.8000000000000002,3.3901745083313135,9.223047478990804,137,1.3700000000000003,4.38384071716918,15.794468807771754
1808,0.1,0.4,0.5266106869399214,0.7903197872885772,0,0.0,1.253809932597178,0.0,56,0.56,3.1548712815532447,2.332141285002044
1809,0.1,0.4,0.8850202795892439,0.2956587606023514,0,0.0,1.248901475350851,0.0,50,0.5000000000000001,3.4717030208629636,9.354325804795351
1810,0.1,0.4,0.7394121947900607,0.439353384695106,32,0.32000000000000006,6.2554958927598,3.36591099805995,90,0.9000000000000001,6.920110517085229,9.46662468204361
1811,0.1,0.4,0.6947142298656341,0.0859429660769852,103,1.0300000000000002,12.649318353540407,52.037101567496904,148,1.4800000000000002,12.394646187853933,74.77175759213148
1812,0.1,0.4,0.8021150887894783,0.2661197778952138,0,0.0,0.5127830128439743,0.0,47,0.4700000000000001,3.1548712815566997,8.853957011217952
1813,0.1,0.4,0.9300509549138948,0.5601691039212034,0,0.0,1.3181879056033479,0.0,56,0.56,3.6399684320417225,5.811063693824361
1814,0.1,0.4,0.5623586991604103,0.6928424504968399,43,0.4300000000000001,4.688516278513874,2.181360283149244,111,1.1100000000000003,6.142146021038228,5.6309532890596765
1815,0.1,0.4,1.6914771043318786,0.1297410591825359,0,0.0,1.651251988353637,0.0,51,0.5100000000000001,3.3111634540445105,41.556491861780714
1816,0.1,0.4,0.6582314876564027,0.1595650484329386,0,0.0,1.2462952979901327,0.0,59,0.5900000000000001,3.1871708557798124,15.211530561174815
1817,0.1,0.4,0.9937927843746636,0.2487113154702824,0,0.0,0.8322096884308251,0.0,46,0.4600000000000001,3.1550944084297496,11.487833795075353
1818,0.1,0.4,0.920035633806722,0.2521485588265673,21,0.21000000000000005,2.845148279682895,4.789029035069349,97,0.9700000000000002,4.056026745224133,22.120753161986997
1819,0.1,0.4,0.3215469283375345,0.0676967798508178,186,1.8600000000000003,232.23153951309922,55.21655609264083,221,2.2100000000000004,231.5927495292407,65.60676826061088
1820,0.1,0.4,1.2942633361140423,0.3073587697141546,0,0.0,0.9511932059367268,0.0,55,0.5500000000000002,3.233759289970204,14.475039127823306
1821,0.1,0.4,1.057698608214867,0.3158479674471746,0,0.0,1.3068635400602047,0.0,59,0.5900000000000001,3.4034527535626555,12.348547465149158
1822,0.1,0.4,0.3825085695413446,0.2053363303289935,221,2.2100000000000004,18.58109760806493,25.730466733892953,259,2.5900000000000003,17.14943452516359,30.154709882707127
1823,0.1,0.4,0.9123680934427232,0.2699511904423491,0,0.0,1.1021003964735145,0.0,66,0.6600000000000001,3.5198678292245114,13.94147726959171
1824,0.1,0.4,0.995345601633585,0.338840002556029,13,0.13000000000000003,2.3345699362038514,2.3867261693623734,126,1.2600000000000002,3.8058530217339546,23.132884410743003
1825,0.1,0.4,0.6854930664224531,0.1788575759424416,0,0.0,1.4319401617051966,0.0,59,0.5900000000000001,3.7456215651994,14.13278508955224
1826,0.1,0.4,0.4739981859425841,0.1512621217734766,174,1.7400000000000004,41.32885522613811,34.078130147117044,225,2.2500000000000004,41.402312269156205,44.06654760403066
1827,0.1,0.4,0.8693885284903212,0.3550259900205789,0,0.0,0.9100416210145182,0.0,51,0.5100000000000001,3.1556731057423537,7.805557937891447
1828,0.1,0.4,0.6730095025594415,0.3080290891355562,2,0.020000000000000004,2.0673938975143553,0.2731111793889968,63,0.6300000000000001,4.199124695431917,8.6030021507534
1829,0.1,0.4,1.59010670959865,0.2864813603000085,0,0.0,1.6979899315868352,0.0,52,0.5200000000000001,3.694766721464559,18.03903332762645
1830,0.1,0.4,0.552172420186583,0.2205565764651097,41,0.4100000000000001,3.8774409529253107,6.4153236752473415,101,1.0100000000000002,5.552910356863087,15.803602224389792
1831,0.1,0.4,2.1476716774995324,0.266869655179673,0,0.0,1.8912534913703187,0.0,48,0.4800000000000001,3.156178483195844,24.14292860745357
1832,0.1,0.4,1.3097886395004277,0.1956359827556884,0,0.0,1.3479476825282468,0.0,51,0.5100000000000001,3.4320445182630697,21.340405939644153
1833,0.1,0.4,0.4847466561751981,0.1938162892966767,141,1.4100000000000004,5.891703039096775,22.040613423389797,179,1.7900000000000003,7.300471799272501,27.980636899196973
1834,0.1,0.4,0.6360556709360718,0.2852403287670935,26,0.26000000000000006,3.3550564376198175,3.6235775976652715,109,1.0900000000000003,3.9059619519932056,15.191152236365948
1835,0.1,0.4,0.5814577512686472,0.4892102866135665,23,0.23000000000000004,3.56170253218452,1.708560797514312,81,0.8100000000000002,6.009514563588423,6.017105417333012
1836,0.1,0.4,0.3713474141114499,0.3203682462996642,41,0.4100000000000001,4.119893592640748,2.970262376660479,99,0.9900000000000002,5.5586972216109976,7.172096958277743
1837,0.1,0.4,1.2793756178025322,0.1609312145897273,0,0.0,1.5619666221023862,0.0,70,0.7000000000000002,3.703809594982186,34.78050135988576
1838,0.1,0.4,1.0176636140729374,0.1027995913139315,73,0.7300000000000001,56.92638413085493,45.16642702429246,129,1.2900000000000003,57.65167164177961,79.81464501553052
1839,0.1,0.4,0.4307320107753332,0.3603059590512266,0,0.0,1.5028955873453702,0.0,52,0.5200000000000001,4.043641124861111,3.8852508537634387
1840,0.1,0.4,0.6434153572690356,0.2229090117804596,72,0.7200000000000002,2.9517425493524256,12.989017736807675,143,1.4300000000000004,5.229564632466747,25.79763244949302
1841,0.1,0.4,0.4761843697816417,0.6134746109398735,0,0.0,1.6919700495562224,0.0,64,0.6400000000000001,3.2262954836814592,3.1048350578166786
1842,0.1,0.4,0.55390180945337,0.2041468707131472,48,0.4800000000000001,4.23590040596124,8.139754592148616,92,0.9200000000000002,6.248404352138282,15.601196301618183
1843,0.1,0.4,0.6605319829810771,0.3411504263383197,260,2.6000000000000005,9.610647658202055,31.46308459482305,316,3.1600000000000006,11.140959539211128,38.23974896909263
1844,0.1,0.4,0.4552263657103162,0.4130670981818118,37,0.37000000000000005,3.1727158993010693,2.548522928451093,77,0.7700000000000001,5.681097794767225,5.303682851100923
1845,0.1,0.4,0.594848657457495,0.8147261713830439,24,0.24000000000000005,4.7154091633761634,1.0951814456525417,73,0.7300000000000001,7.9467035403886666,3.331176897193148
1846,0.1,0.4,0.5161864911863228,0.8592532072304279,0,0.0,1.1126169153556311,0.0,61,0.6100000000000001,3.6792987200104617,2.2903155683189707
1847,0.1,0.4,0.8308648119947217,0.2383179168085412,59,0.5900000000000001,4.664733804988183,12.855995198598222,105,1.0500000000000003,6.549534050077404,22.879313489030736
1848,0.1,0.4,0.5895148968300586,0.1706223242396348,0,0.0,1.007049194423582,0.0,59,0.5900000000000001,3.3823429108449776,12.740631636266672
1849,0.1,0.4,1.0356794001128533,0.1023883651556001,0,0.0,1.574572663680331,0.0,62,0.6200000000000001,3.7872106609762244,39.1964230441451
1850,0.1,0.4,1.032264148908728,0.2179942822938887,45,0.45000000000000007,4.288551417431647,13.317977371955998,110,1.1000000000000003,5.47142414844412,32.555055798114665
1851,0.1,0.4,1.5661692119191313,0.2648239578648931,8,0.08000000000000002,3.081227190817887,2.9570006138156004,61,0.6100000000000001,4.254224829085657,22.547129680343954
1852,0.1,0.4,0.7059277169562872,0.6083753111579175,48,0.4800000000000001,3.2066473144693237,3.481047162874009,111,1.1100000000000003,4.871099086472531,8.049921564146148
1853,0.1,0.4,0.950879615080272,0.3580658815676354,0,0.0,1.186333527472814,0.0,50,0.5000000000000001,3.750228886016302,8.298748778064075
1854,0.1,0.4,1.3130215738646147,0.4055326694059906,0,0.0,1.4652655373265535,0.0,45,0.45000000000000007,3.1622672528892535,9.106228560829425
1855,0.1,0.4,0.7019826881367169,0.2496165895601463,0,0.0,1.8171148623752664,0.0,57,0.5700000000000001,3.5568521488226215,10.018618277309935
1856,0.1,0.4,0.8249754294771563,0.2807289739627051,16,0.16000000000000003,2.376545421109442,2.93869000350051,99,0.9900000000000002,4.418649974958042,18.183144396659404
1857,0.1,0.4,0.3380252313716367,0.1732803308694996,59,0.5900000000000001,9.012770681370295,7.193361383997166,122,1.2200000000000002,10.071812191073036,14.87440828555346
1858,0.1,0.4,0.5634139816377781,0.4247477976715951,0,0.0,1.844055401575342,0.0,70,0.7000000000000002,3.4945014882088987,5.803293585458704
1859,0.1,0.4,0.761924873325442,0.3657040297022672,16,0.16000000000000003,2.541868991212562,2.08344675322761,81,0.8100000000000002,3.9636549326181263,10.547449188214776
1860,0.1,0.4,0.8785431895092546,0.0876571483731022,15,0.15000000000000002,2.705072210037932,9.396087546211579,92,0.9200000000000002,4.736523685796956,57.62933695009768
1861,0.1,0.4,0.6576965484154113,0.142868716556524,20,0.20000000000000004,2.773252422441538,5.754378602498354,92,0.9200000000000002,4.4204501641334675,26.47014157149243
1862,0.1,0.4,1.2863750358584845,0.21896197879201,0,0.0,1.540231578325731,0.0,81,0.8100000000000002,3.976257658539867,29.741572737701315
1863,0.1,0.4,1.0996743997764329,0.1830824156839277,21,0.21000000000000005,2.452023475829461,7.88345862880852,111,1.1100000000000003,4.080612588259491,41.66970989513076
1864,0.1,0.4,0.384915445367089,0.2227438743113523,156,1.5600000000000003,23.705114630661516,16.848614149017013,222,2.2200000000000006,24.619252525478675,23.976873981293444
1865,0.1,0.4,0.9257822000181204,0.5264179770726954,24,0.24000000000000005,3.045130300821042,2.637967091757226,98,0.9800000000000002,4.654213659386234,10.771698958008674
1866,0.1,0.4,0.6754586495358119,0.5057150490749788,78,0.7800000000000001,4.523358075241107,6.511297068398837,156,1.5600000000000003,5.687863467013141,13.022594136797673
1867,0.1,0.4,0.5696965301978616,0.3242260021948941,0,0.0,0.5679203692887076,0.0,46,0.4600000000000001,3.466946739362734,5.051653825513705
1868,0.1,0.4,0.7388161130627623,0.2193350072518022,76,0.7600000000000001,5.900766583807568,16.00007486729771,141,1.4100000000000004,7.015023513351483,29.68434942485496
1869,0.1,0.4,0.4994993565824029,0.4279473041706782,34,0.3400000000000001,3.2482885312415237,2.4802963411454826,93,0.9300000000000002,4.740739157073759,6.784339991956761
1870,0.1,0.4,0.4702540370964123,0.2622569491747097,0,0.0,0.1632299576463523,0.0,43,0.4300000000000001,3.154914047394037,4.818967538033426
1871,0.1,0.4,1.3365312573651775,0.2552979130884563,39,0.39000000000000007,4.61884119629056,12.760758207603724,98,0.9800000000000002,6.837232863400169,32.065494983209355
1872,0.1,0.4,0.7158455118032491,0.3959632311631326,0,0.0,0.8831867996203262,0.0,51,0.5100000000000001,3.2679158345806294,5.762549118942807
1873,0.1,0.4,0.812829408662482,0.2581268016518485,17,0.17000000000000004,2.9185921290622834,3.34576355952653,88,0.8800000000000001,4.705629587766964,17.31924666107851
1874,0.1,0.4,0.7235390141371607,0.7905326624354659,13,0.13000000000000003,2.49493938226427,0.7436447308518812,74,0.7400000000000001,3.5749551239217365,4.233054621772246
1875,0.1,0.4,0.3917372141084624,0.3810453438561778,22,0.22000000000000003,2.6525181552624324,1.4135815542268908,86,0.8600000000000002,4.117101092741338,5.525818802886937
1876,0.1,0.4,0.527181222773194,0.2559555276116959,169,1.6900000000000004,12.671632045370743,21.755153004507395,235,2.3500000000000005,13.27876570923982,30.25124826070555
1877,0.1,0.4,0.6047520978834034,0.349603782831428,0,0.0,0.6043596280449152,0.0,49,0.4900000000000001,3.154898482808702,5.297577974609463
1878,0.1,0.4,1.5347107231813033,0.3682634783441891,0,0.0,0.0005157065557959204,0.0,38,0.38000000000000006,3.154871391489748,9.897636290039427
1879,0.1,0.4,0.7560080265176589,0.1983670989332386,0,0.0,0.8083671169641256,0.0,47,0.4700000000000001,3.1548721443812564,11.195271745356498
1880,0.1,0.4,0.5917959722821549,0.7908784067536683,18,0.18000000000000005,2.5292234524484547,0.8418114126420815,70,0.7000000000000002,4.280966295688492,3.27371104916365
1881,0.1,0.4,0.3367451739178722,0.4124402371727558,63,0.6300000000000001,3.9727100038002434,3.2148515173756858,108,1.0800000000000003,5.214919721511368,5.511174029786891
1882,0.1,0.4,1.0177900473893433,0.6019331126659897,0,0.0,1.2510313444325258,0.0,42,0.4200000000000001,3.228392646456586,4.438531156001616
1883,0.1,0.4,0.8902773871441756,0.2934848612425593,0,0.0,0.35010360983666655,0.0,43,0.4300000000000001,3.5284430333850207,8.15244938979159
1884,0.1,0.4,0.7082419428113284,0.3205164459878667,0,0.0,0.6808334106180116,0.0,52,0.5200000000000001,3.330892197275422,7.1814920667875874
1885,0.1,0.4,1.1385084936979863,0.3389939201640381,0,0.0,1.0357853880369956,0.0,55,0.5500000000000002,3.1825077125392833,11.544817515290653
1886,0.1,0.4,0.5243462693387102,1.2692053823100249,73,0.7300000000000001,5.68755492579626,1.8849036469603453,159,1.5900000000000003,7.1201030247941794,4.105475066667053
1887,0.1,0.4,0.8238509207076978,0.4240857351205244,30,0.30000000000000004,3.2905844935458735,3.6424721427801074,91,0.9100000000000001,4.662959750477433,11.048832166432993
1888,0.1,0.4,0.3773399844821355,0.4287370753316836,0,0.0,0.8271138120570971,0.0,58,0.5800000000000001,3.449998310996183,3.1904342368560648
1889,0.1,0.4,0.8298477715570897,0.1993805404314327,13,0.13000000000000003,2.808189678505794,3.3817307994609007,58,0.5800000000000001,4.564211529900939,15.087722028364018
1890,0.1,0.4,0.2837850916315963,0.2869539138090379,34,0.3400000000000001,3.9246783297939407,2.101533698259489,88,0.8800000000000001,5.4709513547261635,5.439263689612796
1891,0.1,0.4,1.0819794966869036,0.652447704669763,32,0.32000000000000006,12.917844915899833,3.316678069193449,95,0.9500000000000002,13.907446367893845,9.846388017918052
1892,0.1,0.4,1.876414768676132,0.0788912321825612,241,2.4100000000000006,10.371252691337373,358.25904439900296,283,2.8300000000000005,11.183556060944994,420.69423055982503
1893,0.1,0.4,0.7689093902570008,0.2352797572118071,0,0.0,1.907284717223528,0.0,58,0.5800000000000001,3.549551580054486,11.846733321695861
1894,0.1,0.4,0.6340567500873288,0.5698316455011465,0,0.0,0.1282890040882733,0.0,46,0.4600000000000001,3.3051790375050527,3.1990381209837575
1895,0.1,0.4,1.5163820966694126,0.2118736041829749,0,0.0,1.9386543233285747,0.0,44,0.44000000000000006,3.1564201785869246,19.68178519415572
1896,0.1,0.4,0.9630924029192388,0.5129731586146028,184,1.8400000000000003,22.525128793114362,21.590920397245046,229,2.2900000000000005,22.41006804170451,26.87130853787563
1897,0.1,0.4,0.6383128803965101,0.0912224598795321,140,1.4000000000000004,54.758724761981746,61.22656318241471,181,1.8100000000000003,55.768063922982606,79.15719954297901
1898,0.1,0.4,1.4069527216581923,0.3563520439988919,0,0.0,0.7702385475264867,0.0,51,0.5100000000000001,3.180380461715131,12.584919536197281
1899,0.1,0.4,0.408763222131937,0.2395819829780257,66,0.6600000000000001,4.939228119777541,7.037876013610308,122,1.2200000000000002,5.716595072997546,13.0094071766736
1900,0.1,0.4,0.3246573901364128,0.3434865950624257,235,2.3500000000000005,20.690666002368882,13.882362474034677,292,2.9200000000000004,21.679016777994583,17.24957379752394
1901,0.1,0.4,0.5256611858156741,0.8185531189896114,172,1.7200000000000004,5.423021840535994,6.903471034957004,248,2.4800000000000004,6.9701929869240615,9.953841957379867
1902,0.1,0.4,0.4507119859039204,0.1987311714045818,86,0.8600000000000002,5.534502460076255,12.190221126919393,127,1.2700000000000002,7.482051220377755,18.00183817579957
1903,0.1,0.4,0.792396070941483,0.1572766645213439,0,0.0,0.9344784974173401,0.0,76,0.7600000000000001,3.665969699534377,23.931594355889022
1904,0.1,0.4,1.33890113255326,0.2842941398573627,0,0.0,1.217803377988618,0.0,47,0.4700000000000001,3.1549028821743,13.83434100628488
1905,0.1,0.4,0.6971135908204633,0.1790612971553681,0,0.0,1.4755093083459132,0.0,60,0.6000000000000001,3.2163209797196157,14.599335574501433
1906,0.1,0.4,1.4154770564082844,0.276202151174659,0,0.0,0.6462538440199875,0.0,51,0.5100000000000001,3.316171729731001,16.33525697795274
1907,0.1,0.4,0.5490712536461319,0.3831617625575358,0,0.0,1.6255976783802764,0.0,51,0.5100000000000001,3.5063439744349965,4.567691226063403
1908,0.1,0.4,0.6288161338648445,0.1787147228789119,149,1.4900000000000002,7.591220102262031,32.766467990351266,210,2.1000000000000005,8.54593725251157,46.18092804009239
1909,0.1,0.4,0.566446275023474,0.1210895507583589,65,0.6500000000000001,7.838488747561273,19.004017917904534,125,1.2500000000000002,8.634348945352594,36.54618830366257
1910,0.1,0.4,0.5670751774764207,0.3309871275766631,0,0.0,1.2515204387501668,0.0,62,0.6200000000000001,3.329579743489816,6.638978164527457
1911,0.1,0.4,0.7012505087522136,0.2003902284872791,0,0.0,1.6890500335547622,0.0,79,0.7900000000000001,3.937036721746599,17.278409297207084
1912,0.1,0.4,0.798797042569374,0.2874878776463639,11,0.11000000000000001,2.9152459210720467,1.9102473859505724,84,0.8400000000000002,4.8968765230981015,14.587343674531644
1913,0.1,0.4,1.259139505823749,0.3677160562839002,16,0.16000000000000003,2.7813950674284658,3.4242168224811294,74,0.7400000000000001,4.1788946570147285,15.837002803975222
1914,0.1,0.4,1.2816284334126902,0.5690327203438413,0,0.0,1.3201211320981,0.0,91,0.9100000000000001,3.705653829454171,12.809916643510581
1915,0.1,0.4,0.7651888071552317,0.1710822420956221,0,0.0,1.3552070872893744,0.0,55,0.5500000000000002,3.5902853564342023,15.374690513618294
1916,0.1,0.4,1.0356055436913012,0.2087923508970796,0,0.0,1.5133374032184177,0.0,90,0.9000000000000001,3.860769725875667,27.899878315633487
1917,0.1,0.4,0.3374617343079234,0.4717224628657128,0,0.0,1.8098473345109438,0.0,67,0.6700000000000002,3.5182729658443144,2.995661906430579
1918,0.1,0.4,1.975366822953997,0.2424224499615655,9,0.09000000000000002,2.143242522625191,4.583502221381674,83,0.8300000000000002,4.1704871959475085,42.27007604163099
1919,0.1,0.4,0.7405394075021826,0.2173940221830443,0,0.0,0.9063312239875911,0.0,47,0.4700000000000001,3.199902561017323,10.006413643269568
1920,0.1,0.4,1.198260691321925,0.2783379976397335,0,0.0,1.6167720157172545,0.0,58,0.5800000000000001,3.172938307205811,15.605828319797842
1921,0.1,0.4,0.450004388452743,0.1263804059000652,92,0.9200000000000002,5.529469567840963,20.474101306885718,145,1.4500000000000002,6.894880668051275,32.26896401628727
1922,0.1,0.4,0.9051285715393138,0.3616530774006976,3,0.030000000000000006,2.2355934101983004,0.46926631561768095,48,0.4800000000000001,5.17044428344493,7.508261049882895
1923,0.1,0.4,0.6698600997610303,0.2661655263564348,93,0.9300000000000002,7.348457086762468,14.62834756687061,136,1.3600000000000003,8.080911022714925,21.391992140800035
1924,0.1,0.4,0.5873624808045896,0.3356707724166929,0,0.0,1.0685681752711118,0.0,55,0.5500000000000002,3.163554441769294,6.014996519444865
1925,0.1,0.4,0.381445079101845,0.7126662418316242,0,0.0,1.9409059825591095,0.0,76,0.7600000000000001,3.3462499049156795,2.542374002558463
1926,0.1,0.4,0.6491317874622567,0.3118776979985892,176,1.7600000000000002,2.5816367125213744,22.89503131486216,204,2.0400000000000005,4.8639655225902585,26.537422660408414
1927,0.1,0.4,0.574268630120926,0.3080397772447401,275,2.7500000000000004,32.53216496447036,32.04210238199669,364,3.6400000000000006,32.35477376279857,42.412091880170166
1928,0.1,0.4,1.220447848609583,0.5393734182402559,16,0.16000000000000003,3.3547946036997245,2.2627141185254938,67,0.6700000000000002,4.4152199112419686,9.475115371325504
1929,0.1,0.4,0.5916524961369887,0.6331314631497714,0,0.0,1.2363329437896593,0.0,81,0.8100000000000002,3.986993770657317,4.730835436281203
1930,0.1,0.4,0.7466249893226468,0.4314813817465276,0,0.0,1.453227231532393,0.0,56,0.56,3.3279640475197376,6.0563156909615445
1931,0.1,0.4,0.389015077152706,0.694262783527491,0,0.0,0.9418851479491097,0.0,47,0.4700000000000001,3.1549169826669097,1.6459643470012166
1932,0.1,0.4,0.4184672956693573,0.1660718681570514,10,0.10000000000000002,2.409102096567291,1.5748727505492521,69,0.6900000000000002,3.879160578780604,10.86662197878984
1933,0.1,0.4,0.6236575516436988,0.4125302612437629,26,0.26000000000000006,2.244589194179214,2.4566525577190803,128,1.2800000000000002,3.8775456920896216,12.094289514924704
1934,0.1,0.4,0.5456401867155223,0.793377213227006,0,0.0,1.8139418120604736,0.0,60,0.6000000000000001,3.694518954055168,2.5790389061725563
1935,0.1,0.4,0.5979724755716308,0.303474698380802,1,0.010000000000000002,2.0149244633212047,0.1231512212472181,100,1.0000000000000002,3.65420519563282,12.31512212472181
1936,0.1,0.4,0.8428772086400945,0.2233821645542138,24,0.24000000000000005,2.9661378600872395,5.6598780636011705,77,0.7700000000000001,3.955370153787683,18.158775454053757
1937,0.1,0.4,1.14543296970854,0.490855563647685,0,0.0,0.7359590483745463,0.0,49,0.4900000000000001,3.1548712815663076,7.1464779652578505
1938,0.1,0.4,0.6828727048740642,0.4160222103796808,0,0.0,0.1901727842573965,0.0,45,0.45000000000000007,3.167793907564259,4.616531123916431
1939,0.1,0.4,1.3873440660227874,0.516823526213601,394,3.940000000000001,10.37607477268472,66.1025396349538,491,4.910000000000001,11.336706652385674,82.37651512883836
1940,0.1,0.4,0.7136611702526581,0.1787753497210238,0,0.0,1.3460872429284274,0.0,44,0.44000000000000006,3.1591940666510565,10.977845778276297
1941,0.1,0.4,1.2097804721158834,0.3451461097770968,28,0.28,5.2380303606166585,6.133969835470772,78,0.7800000000000001,5.8794418087092275,17.08748739881144
1942,0.1,0.4,0.4761594584062729,0.5258541458276377,1,0.010000000000000002,2.0224921025592337,0.056593575208108475,64,0.6400000000000001,3.1551693759638266,3.6219888133189424
1943,0.1,0.4,1.9339216185694343,0.4972238260238535,0,0.0,0.7958732482478162,0.0,44,0.44000000000000006,3.1548832957058246,10.695956574717334
1944,0.1,0.4,1.3903991958068884,0.19921,0,0.0,0.2533434385961455,0.0,41,0.4100000000000001,3.175120865694575,17.885135983410226
1945,0.1,0.4,1.5292213710635134,0.4167536003102191,0,0.0,0.5203013272907362,0.0,45,0.45000000000000007,3.172335012867818,10.320091063195717
1946,0.1,0.4,0.9174258577345094,0.6813806562926541,0,0.0,1.3606274546480885,0.0,63,0.6300000000000001,3.1578609723231805,5.301536346048125
1947,0.1,0.4,1.214374357267436,0.3260311159729344,0,0.0,0.8299731800166359,0.0,50,0.5000000000000001,3.4119183398563604,11.639747498136877
1948,0.1,0.4,1.0305513252028184,0.1372603816602256,13,0.13000000000000003,2.5571585089837447,6.100252247585902,87,0.8700000000000002,3.6535017723598737,40.82476504153642
1949,0.1,0.4,0.5054643047948576,0.6648302158436218,0,0.0,0.5948133929550004,0.0,60,0.6000000000000001,3.4554815999164252,2.8510905458402998
1950,0.1,0.4,0.9990894250668946,0.8885123873161124,0,0.0,0.6699056864767873,0.0,44,0.44000000000000006,3.15610502859867,3.0922426723089274
1951,0.1,0.4,0.6558278890960282,0.1480880764712397,76,0.7600000000000001,18.828304286000666,21.03601145640605,126,1.2600000000000002,19.372057142776065,34.87549267772582
1952,0.1,0.4,0.640447617957346,0.3801871862967078,169,1.6900000000000004,9.885622646692601,17.79315087014821,215,2.1500000000000004,10.57983031966347,22.63625702415305
1953,0.1,0.4,0.4954029038717562,0.2257786521676516,0,0.0,0.88698519995513,0.0,41,0.4100000000000001,3.7111208521388663,5.622630523229151
1954,0.1,0.4,0.4434324906442906,0.2473944761912425,12,0.12000000000000002,2.35580280681023,1.3443079777016895,76,0.7600000000000001,3.8571394197191093,8.513950525444033
1955,0.1,0.4,0.6849786565678581,0.3264313859555812,0,0.0,1.5680880688660197,0.0,57,0.5700000000000001,3.6545702423851147,7.475495828563026
1956,0.1,0.4,0.6878603237816113,0.3538580866994617,13,0.13000000000000003,2.9695045344166244,1.5794086219293666,73,0.7300000000000001,4.381076796065266,8.868986876987982
1957,0.1,0.4,0.4996848609087559,0.4802039911643042,41,0.4100000000000001,2.501343832659419,2.6664552557635393,136,1.3600000000000003,4.152688691696544,8.844827189849788
1958,0.1,0.4,0.4112600538265344,0.2384889520387853,77,0.7700000000000001,3.556501065381182,8.298870837078955,116,1.1600000000000001,4.998712099399034,12.502195027287774
1959,0.1,0.4,1.318829185274471,0.2002967579996101,0,0.0,1.7289931339909126,0.0,56,0.56,3.6503499424968515,23.045316332427273
1960,0.1,0.4,0.9316542013493996,0.6901199884401534,351,3.5100000000000007,6.184682292203317,29.615377592957277,442,4.420000000000001,7.73532707983406,37.293438450390646
1961,0.1,0.4,1.447543420726158,0.0782550057947937,63,0.6300000000000001,3.1872358498284687,72.8349855861674,155,1.5500000000000003,5.449964452435132,179.19718675961823
1962,0.1,0.4,0.4898885743369665,0.3168521455023362,83,0.8300000000000002,4.7927064937636406,8.020450596425823,147,1.4700000000000002,6.6080106017346605,14.204894429814408
1963,0.1,0.4,1.0157894419132842,0.6528462408367232,0,0.0,1.7375001222050723,0.0,44,0.44000000000000006,3.445083642064135,4.278834418470928
1964,0.1,0.4,1.0659712123324347,0.2617716979091894,0,0.0,1.4792002196915364,0.0,49,0.4900000000000001,3.2765237595834007,12.470931211595587
1965,0.1,0.4,0.554625592783528,0.5528994814727518,0,0.0,1.6619767344183514,0.0,57,0.5700000000000001,3.857823705518433,3.573621861659664
1966,0.1,0.4,0.4617306204621383,0.3927719372775383,38,0.38000000000000006,4.440030459869283,2.791977021572949,93,0.9300000000000002,5.562080821711609,6.832996394902217
1967,0.1,0.4,0.4802920269986905,0.0899939362498068,75,0.7500000000000001,8.38872543955157,25.0168952528865,136,1.3600000000000003,9.363027488469283,45.36397005856752
1968,0.1,0.4,0.4766619325472251,0.2825840598746443,257,2.5700000000000003,35.465052584606866,27.094176136248496,313,3.130000000000001,34.553115483315295,32.99796548889408
1969,0.1,0.4,1.2802596353404718,0.2232566387007692,53,0.5300000000000001,3.911105890192829,18.99544876580058,113,1.1300000000000001,5.596167626368702,40.49973038746162
1970,0.1,0.4,0.6060420645925918,0.529683007443745,4,0.04000000000000001,2.0300842553254044,0.2860399786644829,123,1.2300000000000002,4.406077835069462,8.795729343932848
1971,0.1,0.4,0.4027554059901702,0.1377206864094566,256,2.5600000000000005,78.66036222517484,46.790984447200955,304,3.0400000000000005,77.42288443522054,55.56429403105113
1972,0.1,0.4,0.8482072597916491,0.5914308733968493,12,0.12000000000000002,2.4745333957726117,1.0756209617364316,57,0.5700000000000001,4.351146644632846,5.10919956824805
1973,0.1,0.4,1.1670581504219584,0.7990788429938621,0,0.0,1.0089070949702406,0.0,39,0.39000000000000007,3.163060685948229,3.5599794270555782
1974,0.1,0.4,0.9147193998700912,0.2243615505901758,41,0.4100000000000001,3.1554483854498647,10.447282326233596,142,1.4200000000000004,3.831738391835419,36.183270495735876
1975,0.1,0.4,1.0174928621463348,0.4707662255396853,0,0.0,1.6426596228468262,0.0,49,0.4900000000000001,3.3075840033497528,6.619149210950495
1976,0.1,0.4,0.866400799261431,0.0874172386144418,0,0.0,1.8659989920235882,0.0,73,0.7300000000000001,3.7142230587927125,45.21938360538913
1977,0.1,0.4,0.8898064391935707,0.398382227338197,0,0.0,1.2309586385016642,0.0,50,0.5000000000000001,3.154930839459656,6.9798423013468085
1978,0.1,0.4,0.8618024180691087,0.5354076165688442,81,0.8100000000000002,2.9668810240210144,8.148697565108083,170,1.7000000000000004,4.773482751411855,17.102204766276223
1979,0.1,0.4,1.161305728741591,0.1174049865337479,35,0.3500000000000001,5.9719245842249356,21.637550129883184,94,0.9400000000000002,6.983673564772528,58.112277491686264
1980,0.1,0.4,0.6709674233749741,0.2435822491201668,0,0.0,1.1822857937465334,0.0,61,0.6100000000000001,3.851068038538223,10.50184613557417
1981,0.1,0.4,0.4668380641016978,0.5337418277048042,0,0.0,1.44402911928999,0.0,60,0.6000000000000001,3.5104063333998283,3.2799429415331347
1982,0.1,0.4,0.4438095845371701,0.3619392106996107,7,0.07,2.237912090845231,0.5364621668365172,83,0.8300000000000002,3.729381981162233,6.36090854963299
1983,0.1,0.4,0.6818216409296999,0.4848606267996082,0,0.0,1.54277898805726,0.0,74,0.7400000000000001,3.2824238239537467,6.503776374077836
1984,0.1,0.4,1.5961164810664958,0.3890253644810048,16,0.16000000000000003,3.059593158855404,4.102859676504282,66,0.6600000000000001,4.517516286140413,16.924296165580166
1985,0.1,0.4,1.4630435924116263,0.4021873358860214,12,0.12000000000000002,3.976250226233306,2.728287532702636,66,0.6600000000000001,4.658308648123035,15.005581429864499
1986,0.1,0.4,0.8774765385885197,0.6025204544504932,0,0.0,1.8017083110001177,0.0,49,0.4900000000000001,3.1556623160651247,4.460050907115129
1987,0.1,0.4,0.7066520488294312,0.8524695900011294,0,0.0,1.2783545377048524,0.0,54,0.5400000000000001,3.7700538025445876,2.797695885898019
1988,0.1,0.4,0.4949649374350309,0.2819252502369247,48,0.4800000000000001,2.6008718250557816,5.266980559766161,114,1.1400000000000001,4.216383567287223,12.509078829444631
1989,0.1,0.4,0.7137828261636711,1.4077502137286004,0,0.0,0.6861426355100841,0.0,46,0.4600000000000001,3.163001882786183,1.457734195461598
1990,0.1,0.4,0.4315802439086967,0.2668850346822929,0,0.0,1.2787861028200274,0.0,56,0.56,3.154871281550761,5.659855958122997
1991,0.1,0.4,0.8513803947457472,0.4313789110054756,0,0.0,0.8829599424783652,0.0,98,0.9800000000000002,3.809838901869064,12.088455844220698
1992,0.1,0.4,0.517948480173215,0.5524745940640746,0,0.0,0.08334532599317526,0.0,44,0.44000000000000006,3.2550214204132186,2.5781426617259937
1993,0.1,0.4,0.364488498616618,0.2301922539007007,91,0.9100000000000001,3.0860507243645614,9.00563898547285,122,1.2200000000000002,4.836455336388088,12.073494024480084
1994,0.1,0.4,0.6221724742633385,0.3887508993488711,0,0.0,1.354318467572667,0.0,64,0.6400000000000001,3.551790407667231,6.401759844727627
1995,0.1,0.4,0.3233217080716868,0.1818077793843737,75,0.7500000000000001,7.234065381247078,8.336114723572134,116,1.1600000000000001,8.280070388832726,12.893190772458233
1996,0.1,0.4,0.52977452502054,0.7021586432213531,16,0.16000000000000003,2.336640648297091,0.7544940593340106,74,0.7400000000000001,4.791598048240736,3.489535024419799
1997,0.1,0.4,1.203720990473183,0.3636334054777545,0,0.0,0.7737499631703952,0.0,46,0.4600000000000001,3.155472587271339,9.516996501087718
1998,0.1,0.4,0.8994705548663505,0.8262957544020472,0,0.0,0.7017325931091957,0.0,66,0.6600000000000001,3.876917520705622,4.490300257573856
1999,0.1,0.4,1.167923084132383,0.5379865758113996,0,0.0,0.0002592158363679026,0.0,38,0.38000000000000006,3.1548713490388236,5.1559229347514774
2000,0.1,0.4,0.6560606298082262,0.2698524046532022,0,0.0,0.7349618014755978,0.0,50,0.5000000000000001,3.154871281562715,7.597447466830933
2001,0.1,0.4,0.5312826450474176,0.2654508268378985,0,0.0,1.5450372357970892,0.0,91,0.9100000000000001,4.021825604868409,11.383163050203704
2002,0.1,0.4,0.4457026363779816,0.1562212999933502,60,0.6000000000000001,3.757108421333789,10.698828434333706,112,1.12,4.400051482512289,19.971146410756248
2003,0.1,0.4,0.53477553031457,0.6334493118550868,45,0.45000000000000007,5.622913473341568,2.3743907379187568,95,0.9500000000000002,6.2854388374533015,5.012602668939598
2004,0.1,0.4,1.3858470305513806,0.4893919117808379,0,0.0,1.357050650040021,0.0,84,0.8400000000000002,4.1174691717244745,14.866810699668836
2005,0.1,0.4,0.3631884875938612,0.2654976767811255,287,2.8700000000000006,52.47712192263161,24.53766667640393,342,3.420000000000001,54.057094590474314,29.240006980244406
2006,0.1,0.4,0.7470454710775443,0.1884405090881309,0,0.0,0.5211540336524779,0.0,39,0.39000000000000007,3.154871281550761,9.663120443491769
2007,0.1,0.4,0.386663791926488,0.5880220125240462,4,0.04000000000000001,2.0553440266250695,0.16439171650511808,58,0.5800000000000001,3.1555078596748594,2.383679889324212
2008,0.1,0.4,0.6545203635633621,0.2269633685189403,11,0.11000000000000001,3.483061025191991,1.9826228033457298,60,0.6000000000000001,4.666104941632087,10.814306200067618
2009,0.1,0.4,0.9596566063276664,0.1615115374856091,0,0.0,0.12851352460056287,0.0,40,0.4000000000000001,3.154996535665455,14.854304238376363
2010,0.1,0.4,0.7441814061239792,0.3599760635080836,0,0.0,1.3183620739380222,0.0,96,0.9600000000000002,3.638161656709218,12.403848170431496
2011,0.1,0.4,0.7140098220647996,0.1519784143177943,0,0.0,1.289609921208013,0.0,61,0.6100000000000001,3.6226728967958843,17.911507096855697
2012,0.1,0.4,0.8594672543312366,0.136732064812787,81,0.8100000000000002,7.801162001709572,31.82174555038959,126,1.2600000000000002,8.42858448851503,49.500493078383805
2013,0.1,0.4,0.5707169464010459,0.9810028411003354,0,0.0,0.8662861402748424,0.0,53,0.5300000000000001,3.432741723296532,1.9271094901549903
2014,0.1,0.4,0.4179640730590509,0.1152900370585459,68,0.6800000000000002,10.092017794072015,15.407639340066412,118,1.1800000000000002,9.96876518822169,26.736785913644656
2015,0.1,0.4,0.4489145747117064,0.3320790014039783,13,0.13000000000000003,2.559997807082288,1.0983624089785398,70,0.7000000000000002,4.682464820261869,5.91425912526906
2016,0.1,0.4,0.8911822821192128,0.4719953200916135,0,0.0,1.884276965163435,0.0,114,1.1400000000000001,3.800160206456522,13.452832029917012
2017,0.1,0.4,0.4180939037602605,0.3173278790857796,29,0.29000000000000004,3.6494639596564213,2.3880511310530834,97,0.9700000000000002,4.470264404711004,7.9876193004189355
2018,0.1,0.4,0.6058216761716817,0.4443605838431716,0,0.0,1.6852674973646953,0.0,61,0.6100000000000001,4.240262181680035,5.197794818857512
2019,0.1,0.4,0.5333362985880016,0.638520826043781,43,0.4300000000000001,3.712750031352539,2.2447839506443525,126,1.2600000000000002,5.61189191901316,6.577739018167173
2020,0.1,0.4,0.5858055237000332,0.513651364110352,7,0.07,2.243508521588916,0.49895694731125767,73,0.7300000000000001,3.6361480679762157,5.203408164817402
2021,0.1,0.4,1.1741067065828994,0.307392575288775,112,1.12,10.838171402425743,26.736972870471337,180,1.8000000000000003,11.135177395973608,42.970134970400366
2022,0.1,0.4,0.3427815005864039,0.1121889973690931,281,2.8100000000000005,219.14368167317681,53.660343217464145,328,3.2800000000000007,219.64862869562842,62.63556076629267
2023,0.1,0.4,1.0994477713914457,0.2733368565562352,199,1.9900000000000004,39.81733771357976,50.02758072571818,242,2.4200000000000004,40.239716087337044,60.8375604805216
2024,0.1,0.4,0.7560042746333075,1.025569455904705,0,0.0,1.3948951548812245,0.0,56,0.56,3.1796006886890478,2.580044623971759
2025,0.1,0.4,0.4551738609130479,0.6475458827504372,148,1.4800000000000002,15.849325131115549,6.502022984938592,226,2.2600000000000002,15.079680666607603,9.928764828352174
2026,0.1,0.4,0.9892823156531908,0.2149817912923527,0,0.0,1.583332999327647,0.0,64,0.6400000000000001,3.6050260128421394,18.406811287712653
2027,0.1,0.4,0.6110042490881356,0.3478066097964264,73,0.7300000000000001,4.845940104873447,8.015106119162837,121,1.2100000000000002,6.8986735550471066,13.28531288244799
2028,0.1,0.4,0.6846985667467831,0.0901318503369084,49,0.4900000000000001,13.167195616745017,23.264687819277583,94,0.9400000000000002,14.093830350053913,44.630217449226386
2029,0.1,0.4,1.316642413031876,0.2524360995819035,0,0.0,1.8057200511446159,0.0,58,0.5800000000000001,3.458065465457766,18.907076900433545
2030,0.1,0.4,0.3498848960627328,0.2489228353660085,29,0.29000000000000004,3.143409532273177,2.5476424177044437,76,0.7600000000000001,3.9584760281206823,6.6765801291564735
2031,0.1,0.4,1.1799812474982614,0.2216581436126743,33,0.33000000000000007,3.6448968335964422,10.979570988457947,87,0.8700000000000002,5.135323467562119,28.94614169684368
2032,0.1,0.4,0.899136865405787,0.1639080008560862,18,0.18000000000000005,3.700387877145889,6.171321523649407,64,0.6400000000000001,5.3124068060146685,21.942476528531227
2033,0.1,0.4,0.7933658552313927,0.1527108881273439,33,0.33000000000000007,3.53070276699676,10.715130377935076,101,1.0100000000000002,4.249454611437823,32.794792974892204
2034,0.1,0.4,1.00672534976096,0.0980381596384678,21,0.21000000000000005,5.070302502019148,13.477680797292356,64,0.6400000000000001,7.559783375085169,41.07483671555766
2035,0.1,0.4,0.5275520296866157,0.5594744907195591,0,0.0,1.6440019547393925,0.0,72,0.7200000000000002,3.553889140218137,4.243239277159017
2036,0.1,0.4,0.5749541379635961,0.2214275764026887,1,0.010000000000000002,2.0120320372384617,0.1622861714268775,66,0.6600000000000001,3.391778133811676,10.710887314173917
2037,0.1,0.4,0.8673237130207357,0.1211209921905168,35,0.3500000000000001,3.338390170587776,15.664259249532526,86,0.8600000000000002,4.638818244349838,38.48932272742278
2038,0.1,0.4,0.5794828911063823,0.2684933347688539,36,0.3600000000000001,2.321154561859029,4.856122428930439,135,1.3500000000000003,4.119246645498957,18.210459108489147
2039,0.1,0.4,0.3603674059831735,0.3715790891435957,0,0.0,1.5985562158285695,0.0,63,0.6300000000000001,3.513448152187993,3.8186935231718535
2040,0.1,0.4,1.5079640603254398,0.139433246488704,0,0.0,0.10073333717318497,0.0,38,0.38000000000000006,3.155900109274362,25.68551427627458
2041,0.1,0.4,0.6111955410527701,0.2532715171442976,6,0.06000000000000001,2.150450057487936,0.904951059949653,92,0.9200000000000002,4.3099534632430005,13.875916252561346
2042,0.1,0.4,0.4676643703398975,0.544453347879382,0,0.0,1.3840341256455502,0.0,53,0.5300000000000001,3.420960342780029,2.845309396635588
2043,0.1,0.4,0.7269310127654769,0.4002847191997365,0,0.0,0.9470528195507801,0.0,61,0.6100000000000001,3.294379385181443,6.923632987312409
2044,0.1,0.4,0.5837925477426325,0.4269411406503294,95,0.9500000000000002,4.5783317881487,8.118843377197047,173,1.7300000000000004,6.7288821099634495,14.78484109742199
2045,0.1,0.4,1.1758971910968474,0.1953568810241677,36,0.3600000000000001,8.119940309816435,13.543258195448962,84,0.8400000000000002,9.01356922242988,31.60093578938091
2046,0.1,0.4,0.8040831419387866,0.4576853520505933,0,0.0,1.8817324091577199,0.0,78,0.7800000000000001,4.164458159934703,8.56462917021271
2047,0.1,0.4,1.5815564032697724,0.2582051799591628,7,0.07,2.5212582677682622,2.679771670498476,51,0.5100000000000001,4.389979094615789,19.524050742203187
2048,0.1,0.4,0.488144024135874,0.1960327812042911,47,0.4700000000000001,5.447844244984041,7.3147106422205965,106,1.0600000000000003,6.046345668387078,16.497006980327303
2049,0.1,0.4,0.4788797333335801,0.1929897198747599,0,0.0,1.7660026508532294,0.0,52,0.5200000000000001,3.6959448518653315,8.064466513263659
2050,0.1,0.4,0.8661858145948652,0.2254492434327666,0,0.0,0.8108759484192234,0.0,48,0.4800000000000001,3.1549111940620023,11.526130690074979
2051,0.1,0.4,0.4142424208341437,0.6146630880506443,44,0.44000000000000006,4.597514229621684,1.8533188008843557,115,1.1500000000000001,6.3687735974988415,4.8439014114022925
2052,0.1,0.4,0.4132400993879007,0.3119336686162254,0,0.0,0.909271014395918,0.0,47,0.4700000000000001,3.5208184428488614,3.8915093626697304
2053,0.1,0.4,0.5978777417384069,0.186391886713815,1,0.010000000000000002,2.038546037160845,0.20047738942641882,68,0.6800000000000002,3.598587980531995,13.63246248099648
2054,0.1,0.4,1.172889701347717,0.2551833108780683,0,0.0,8.354532968629857e-06,0.0,38,0.38000000000000006,3.154871281550761,10.91612547511718
2055,0.1,0.4,1.1836211121669171,0.4814659079222276,0,0.0,0.9423999268843389,0.0,43,0.4300000000000001,3.17676606456341,6.60686808060026
2056,0.1,0.4,1.4965259179023371,0.558057431809784,0,0.0,1.637622884226442,0.0,45,0.45000000000000007,3.9330419674129105,7.542197100485834
2057,0.1,0.4,0.4439815596288896,0.3356754048959992,191,1.9100000000000004,34.1301112149426,15.789151635080186,260,2.6000000000000005,33.07606027692501,21.493085995397113
2058,0.1,0.4,2.015051266759638,0.2727190869688202,0,0.0,0.20445428394463547,0.0,41,0.4100000000000001,3.154898966283813,18.933654143767065
2059,0.1,0.4,0.5689429074707478,0.2424636991738809,2,0.020000000000000004,2.006796196276601,0.29331344723418523,91,0.9100000000000001,4.130129924698503,13.345761849155428
2060,0.1,0.4,0.8573626837379997,0.2477487284109806,0,0.0,1.4801100987675708,0.0,72,0.7200000000000002,4.353658812727124,15.572762377294206
2061,0.1,0.4,1.86544558821075,0.1388670743288639,0,0.0,0.7369808657623415,0.0,42,0.4200000000000001,3.185590097481839,35.26246010956254
2062,0.1,0.4,0.852872882357009,0.8884534246892334,0,0.0,1.3741613976730396,0.0,44,0.44000000000000006,3.155109144155488,2.639868744163103
2063,0.1,0.4,0.5221066804284613,0.2597797833547569,47,0.4700000000000001,3.7656147364171435,5.903801881550539,100,1.0000000000000002,5.085020929937812,12.5612805990437
2064,0.1,0.4,0.5020817869591607,0.4049243862512113,0,0.0,0.9678613334910947,0.0,44,0.44000000000000006,3.1548712815511886,3.4098339369491644
2065,0.1,0.4,0.5395778515304515,0.1221446966816665,16,0.16000000000000003,3.273946281901884,4.417529914841078,55,0.5500000000000002,4.283230229253766,15.185259082266207
2066,0.1,0.4,0.4101307045213511,0.528633730721221,0,0.0,1.2609209891102011,0.0,50,0.5000000000000001,3.174409634111351,2.424473462714233
2067,0.1,0.4,0.6553272665699768,0.4389144885399425,16,0.16000000000000003,2.837575206794328,1.4930636460644886,86,0.8600000000000002,4.73367934843117,8.025217097596625
2068,0.1,0.4,0.4032824320026767,0.282581929154713,55,0.5500000000000002,5.163935955961454,4.905774987650447,111,1.1100000000000003,6.23104055008191,9.900745884167264
2069,0.1,0.4,0.7430552019172407,0.6836571918992306,0,0.0,0.9979414586444291,0.0,52,0.5200000000000001,3.1549366582549876,3.5323689048340867
2070,0.1,0.4,0.459306473520327,0.2149201424379781,50,0.5000000000000001,3.727940617187045,6.678446763849655,122,1.2200000000000002,5.239860052546552,16.29541010379316
2071,0.1,0.4,0.6087715732637735,0.334715133629173,13,0.13000000000000003,2.4571040366986807,1.477754823672859,92,0.9200000000000002,5.425912325881801,10.457957213684848
2072,0.1,0.4,2.6506764088938666,0.1366803716698795,0,0.0,0.5538084887682982,0.0,38,0.38000000000000006,3.1595728119030224,46.0589651184732
2073,0.1,0.4,0.3484781986852261,0.2458589620947854,0,0.0,1.9158586278078016,0.0,61,0.6100000000000001,3.441079945046876,5.403801924353781
2074,0.1,0.4,0.8208275945778385,0.4329746812827895,0,0.0,1.6064785412825622,0.0,45,0.45000000000000007,3.158550648044636,5.331899784325646
2075,0.1,0.4,1.0642593276967198,0.3625659466258822,0,0.0,1.0868463861008395,0.0,57,0.5700000000000001,3.484448100764069,10.457197897936586
2076,0.1,0.4,0.3077318797659988,0.4778481636759524,20,0.20000000000000004,2.6567009684194294,0.804993884978817,89,0.8900000000000001,4.122489251105677,3.5822227881557356
2077,0.1,0.4,1.0554665134647705,0.357329149692791,0,0.0,0.8792432011288973,0.0,63,0.6300000000000001,3.3515348147199053,11.630451644766493
2078,0.1,0.4,0.5016189549625844,0.4893848852290365,141,1.4100000000000004,2.9688257417916417,9.032802552818795,185,1.8500000000000003,4.663049704348643,11.85154944873388
2079,0.1,0.4,0.5437792923891491,0.2982287474840452,0,0.0,1.0242349375989115,0.0,42,0.4200000000000001,3.5676704377164787,4.786328127531975
2080,0.1,0.4,0.7615181493237597,0.3973312686312129,0,0.0,0.7686159620932995,0.0,50,0.5000000000000001,3.1548746227230753,5.989320258722284
2081,0.1,0.4,1.2126320720937396,0.3130791047274652,0,0.0,0.9973163375328422,0.0,42,0.4200000000000001,3.1548712815507622,10.167268083946391
2082,0.1,0.4,0.9777516885519536,0.1563669803517462,151,1.5100000000000002,4.69510609519593,59.01202120774992,203,2.0300000000000002,6.22357850380902,79.33404175611412
2083,0.1,0.4,1.088398087624189,0.1777375458000347,0,0.0,1.553458469311851,0.0,49,0.4900000000000001,4.103210945800936,18.753601712826327
2084,0.1,0.4,0.6586594080491026,0.180854344305595,30,0.30000000000000004,2.872675441495209,6.8286244095152835,102,1.0200000000000002,4.474708512790882,23.217322992351964
2085,0.1,0.4,0.7667592216357253,1.1189124757957312,0,0.0,1.621917672121129,0.0,102,1.0200000000000002,4.293718542376375,4.3686080400985
2086,0.1,0.4,1.4095921262975035,0.5108351220439573,0,0.0,0.22967796337700902,0.0,40,0.4000000000000001,3.1712487338762494,6.898469121785484
2087,0.1,0.4,0.5589103979543232,0.3393568809870144,58,0.5800000000000001,5.165517393096131,5.970264067407989,133,1.3300000000000003,5.585318337314454,13.690433120090734
2088,0.1,0.4,0.7590144318790034,0.2954989427355664,43,0.4300000000000001,2.8274063452773928,6.903074734518515,109,1.0900000000000003,5.524127406428102,17.49849176889577
2089,0.1,0.4,0.7218191107831999,0.2880238290333446,14,0.14,2.757435818634182,2.192845376908659,71,0.7100000000000002,4.100417008259936,11.120858697179631
2090,0.1,0.4,0.4033293871449145,0.3054112851666627,77,0.7700000000000001,9.987285531600374,6.355438616407662,139,1.3900000000000003,10.088866221697186,11.472804775073572
2091,0.1,0.4,1.2331162614044855,0.3010809268934229,25,0.25000000000000006,3.213936661060426,6.399422834002834,119,1.1900000000000002,3.9565255912566397,30.461252689853488
2092,0.1,0.4,0.437579386637342,0.2610873589988263,0,0.0,0.8577020205243,0.0,59,0.5900000000000001,3.222379260188532,6.180207247155357
2093,0.1,0.4,0.8311373747053276,0.4167650209632537,20,0.20000000000000004,2.699612109373545,2.4928236923061293,73,0.7300000000000001,4.117569241110203,9.098806476917371
2094,0.1,0.4,0.5363619054506682,0.1147947625296054,59,0.5900000000000001,3.9302798886538337,17.22930979398349,118,1.1800000000000002,5.734315695703094,34.45861958796698
2095,0.1,0.4,0.4942506223027658,0.3451950620209953,27,0.2700000000000001,2.9774143382889933,2.416164125445077,104,1.0400000000000003,4.731632366455699,9.30670626097363
2096,0.1,0.4,0.466683011706919,0.5611377327026487,37,0.37000000000000005,3.655369338959645,1.9232434421659703,100,1.0000000000000002,5.044025362871553,5.197955249097217
2097,0.1,0.4,0.3035851453266828,0.2539382508017236,25,0.25000000000000006,4.181665506283487,1.867980849971745,71,0.7100000000000002,4.990117141833687,5.305065613919756
2098,0.1,0.4,0.9911485083723988,0.2861521060233819,24,0.24000000000000005,3.4565994161411138,5.195568130598053,70,0.7000000000000002,6.418415078617665,15.153740380910987
2099,0.1,0.4,0.7794504444092561,0.1690244912302932,0,0.0,1.5666855869502645,0.0,52,0.5200000000000001,3.1548714514198064,14.987259691724903
2100,0.1,0.4,0.5817628544561453,0.3003557843114867,111,1.1100000000000003,19.88047960792096,13.437330038578377,163,1.6300000000000003,21.092312742006527,19.732295462056534
2101,0.1,0.4,1.1705091243996828,0.4429523960263581,33,0.33000000000000007,2.8457569076694718,5.450190789645687,117,1.1700000000000002,4.035560485858655,19.323403708743797
2102,0.1,0.4,0.4841244394305512,0.3499339056251672,0,0.0,0.7665374171291706,0.0,50,0.5000000000000001,3.154871354735508,4.323356064962188
2103,0.1,0.4,0.759606962161145,0.1986955621285538,57,0.5700000000000001,3.049342793180152,13.619326842077442,115,1.1500000000000001,5.183776792519355,27.477589242787822
2104,0.1,0.4,0.531059870170056,0.3856522485743417,0,0.0,0.7386627850812343,0.0,47,0.4700000000000001,3.1548714511185474,4.0450648852467985
2105,0.1,0.4,0.8745653113760531,0.1880785526961208,0,0.0,0.6289995302010124,0.0,52,0.5200000000000001,3.3959670154177233,15.112500714340072
2106,0.1,0.4,1.048959807562217,0.2914933415257605,25,0.25000000000000006,3.8254240653281273,5.622768913817946,87,0.8700000000000002,4.5469744506853615,19.567235820086452
2107,0.1,0.4,1.5564283328073782,0.3100545007636914,0,0.0,1.0607857142523038,0.0,45,0.45000000000000007,3.2556016131405414,14.118339437868816
2108,0.1,0.4,0.8052542405239321,0.3379993532892101,0,0.0,0.489981386406141,0.0,52,0.5200000000000001,3.184716420685512,7.74284405054311
2109,0.1,0.4,0.4661568097233207,0.157885416372694,23,0.23000000000000004,3.012123487858146,4.244219823289304,79,0.7900000000000001,4.649073994752515,14.577972436515436
2110,0.1,0.4,0.398750577030397,0.3775120058706726,9,0.09000000000000002,2.3733457964868174,0.594145871102276,67,0.6700000000000002,4.94045497660063,4.423085929316944
2111,0.1,0.4,0.3240192698860639,0.0911523429644054,82,0.8200000000000002,34.34073748927633,18.21783954379027,127,1.2700000000000002,33.24449502306326,28.21543441538249
2112,0.1,0.4,1.214446599433306,0.1462694912721726,54,0.5400000000000001,3.6963399389002687,28.021956167609822,118,1.1800000000000002,6.357986714574768,61.23316347736961
2113,0.1,0.4,0.5131615730075355,0.2967786592125017,0,0.0,1.4081615391344804,0.0,61,0.6100000000000001,3.219900130700157,6.592214218780375
2114,0.1,0.4,0.6303238436980525,0.0931144615090917,98,0.9800000000000002,11.447105099334864,41.46223347136695,155,1.5500000000000003,11.934154529188932,65.57802232716202
2115,0.1,0.4,0.8242629626515482,0.1942291081470821,0,0.0,1.6357532761957019,0.0,50,0.5000000000000001,3.7651265491324075,13.261769993483774
2116,0.1,0.4,0.6130574273362465,0.4841475890427209,66,0.6600000000000001,6.019362793291339,5.223328474612875,109,1.0900000000000003,7.339238320933964,8.626406117163688
2117,0.1,0.4,0.8184461527183031,0.8342776049061913,0,0.0,1.3973535296605581,0.0,77,0.7700000000000001,3.935496495113328,4.721176844246852
2118,0.1,0.4,1.0367078992145162,0.2854528997845323,8,0.08000000000000002,2.171508496552976,1.8159001012024258,121,1.2100000000000002,3.7463369005370577,27.46548903068669
2119,0.1,0.4,1.7801754399459726,0.1330190808157188,55,0.5500000000000002,5.394231358332979,46.003573602285485,96,0.9600000000000002,5.904693433333904,80.29714665126193
2120,0.1,0.4,0.4658142085338791,0.2885875942939335,83,0.8300000000000002,7.779138745250064,8.373233134575855,141,1.4100000000000004,10.44762130133859,14.224408096086695
2121,0.1,0.4,0.4953339298857918,0.2861747429694788,18,0.18000000000000005,3.027782453077293,1.9472391775012365,59,0.5900000000000001,4.300718559559933,6.3826173040318315
2122,0.1,0.4,0.502972825578363,0.2991019221986452,0,0.0,1.1707105150935706,0.0,59,0.5900000000000001,3.1548848324002425,6.20093739514127
2123,0.1,0.4,0.6293846164581962,0.2113829685411072,0,0.0,0.3882583940840963,0.0,71,0.7100000000000002,3.367904100675801,13.212484689797122
2124,0.1,0.4,0.865664754156378,0.1808439584598101,166,1.6600000000000004,7.880891567955847,49.66310127727257,231,2.3100000000000005,8.643321879969461,69.10949635572267
2125,0.1,0.4,0.6537409751520563,0.2466194034470883,0,0.0,0.7118381322936138,0.0,41,0.4100000000000001,3.154871281550762,6.792698487678232
2126,0.1,0.4,0.5875141517445883,0.3866968713346183,0,0.0,0.7492944543721752,0.0,54,0.5400000000000001,3.155867140829949,5.127686332952429
2127,0.1,0.4,0.9579373142780786,0.13976108592005,115,1.1500000000000001,200.57812018383777,49.263887734189026,150,1.5000000000000002,200.42414870324683,64.25724487068135
2128,0.1,0.4,0.3281910092084459,0.6263103775314429,0,0.0,1.3669032633431277,0.0,64,0.6400000000000001,3.286394420948132,2.096027918310963
2129,0.1,0.4,0.8543570304287541,0.582190035880418,0,0.0,0.6955417332137064,0.0,45,0.45000000000000007,3.154871322430643,4.127310671758772
2130,0.1,0.4,2.279241367036555,0.218948364459263,0,0.0,0.854205422646872,0.0,40,0.4000000000000001,3.156691388867514,26.02487317803903
2131,0.1,0.4,0.4139982914385367,0.2581882615628297,50,0.5000000000000001,3.146343476808043,5.010857786153057,103,1.0300000000000002,4.558895396028472,10.322367039475298
2132,0.1,0.4,0.9993096846796596,0.4986217512892221,51,0.5100000000000001,3.9332607594731233,6.388208319594153,109,1.0900000000000003,5.987886065438728,13.65322954579927
2133,0.1,0.4,0.8129229380534881,0.1721567634755223,0,0.0,1.1772421141212934,0.0,50,0.5000000000000001,3.1548988754929903,14.756226419058748
2134,0.1,0.4,0.6488750014358391,0.4760242671989463,0,0.0,0.20822807330033022,0.0,54,0.5400000000000001,3.1904421906863765,4.6005073286121005
2135,0.1,0.4,1.1638021797438955,0.1654899889365595,0,0.0,1.7680535871852219,0.0,72,0.7200000000000002,3.340233397920202,31.646082294773574
2136,0.1,0.4,0.7698335184648704,0.144775063684968,46,0.4600000000000001,7.605139839045924,15.287655962649776,89,0.8900000000000001,10.180734777094006,29.578290884257175
2137,0.1,0.4,0.3913042242632703,0.2214727090031402,7,0.07,2.1974827124265235,0.7729873305191448,63,0.6300000000000001,3.6835098263699377,6.956885974672304
2138,0.1,0.4,0.7831516122741682,0.4893728346329348,30,0.30000000000000004,3.7098422927757255,3.0005941668492473,91,0.9100000000000001,5.650201257998616,9.101802306109382
2139,0.1,0.4,0.716958558281371,0.1679677652444264,0,0.0,0.454706959244527,0.0,41,0.4100000000000001,3.1548844950160673,10.937850503175499
2140,0.1,0.4,1.1582627301188069,0.1302556850845417,12,0.12000000000000002,2.493503326842712,6.669168006181707,82,0.8200000000000002,3.5500622934260924,45.57264804224166
2141,0.1,0.4,0.9516298973488247,0.1204367632232319,8,0.08000000000000002,2.2702754795954916,3.950745071025199,79,0.7900000000000001,3.6883112462861423,39.01360757637384
2142,0.1,0.4,0.6328947156091327,0.4358725317113877,0,0.0,1.4571772730067691,0.0,52,0.5200000000000001,3.8896311913732453,4.719058155955695
2143,0.1,0.4,0.4007264709223727,0.1851710978349281,0,0.0,1.7953667859790166,0.0,60,0.6000000000000001,3.154871358466495,8.115328382934306
2144,0.1,0.4,0.5889847861916675,0.1269164927182257,63,0.6300000000000001,3.649805260795247,18.272862304653454,133,1.3300000000000003,5.126411210749753,38.576042643157294
2145,0.1,0.4,1.14748754799154,0.1905331802667447,200,2.0000000000000004,16.114471552114583,75.28134642907524,250,2.5000000000000004,16.161975997274887,94.10168303634406
2146,0.1,0.4,0.3068452341996466,0.4221273079047317,184,1.8400000000000003,24.67052859937281,8.35937435749198,233,2.3300000000000005,24.99460783211389,10.585512093997997
2147,0.1,0.4,0.5889043845579278,0.2189880292665109,0,0.0,1.7274683335167484,0.0,65,0.6500000000000001,3.2730974938921555,10.924907951726324
2148,0.1,0.4,0.3599436020909027,0.4518157570692016,18,0.18000000000000005,2.7978155646553953,0.8962426520468699,76,0.7600000000000001,4.1733028053153305,3.7841356419756726
2149,0.1,0.4,0.5854526845569815,0.7356184749562439,69,0.6900000000000002,4.544078872610599,3.4321659774819566,149,1.4900000000000002,5.776810795665072,7.411488849924805
2150,0.1,0.4,0.6533814489286024,0.179879,0,0.0,1.1937770892218786,0.0,60,0.6000000000000001,3.2160006441103905,13.6212700397615
2151,0.1,0.4,0.4315438470850866,0.3494721057117009,8,0.08000000000000002,2.5812747367087345,0.6174224495060148,68,0.6800000000000002,3.978045838780914,5.248090820801125
2152,0.1,0.4,0.9187505933666412,0.2856348062402299,0,0.0,1.7973433587248437,0.0,52,0.5200000000000001,3.169169523108396,10.453695989452678
2153,0.1,0.4,1.2883901376129727,0.8262970003592274,11,0.11000000000000001,2.7502731504956683,1.0719731757755826,78,0.7800000000000001,3.8327062523862874,7.601264337317767
2154,0.1,0.4,0.6261175454702718,0.3851501524351347,0,0.0,0.11843600914097435,0.0,48,0.4800000000000001,3.2924229718447946,4.876935980772225
2155,0.1,0.4,0.8990488742656517,0.4892890692511157,17,0.17000000000000004,3.0021529730524645,1.952300774610196,65,0.6500000000000001,5.7695918887828475,7.464679432333102
2156,0.1,0.4,0.8466514312286456,0.1424582388527144,77,0.7700000000000001,7.847190852733224,28.601434677291195,119,1.1900000000000002,10.10153536429732,44.20221722854094
2157,0.1,0.4,1.4057033553027924,0.3771892883904528,0,0.0,1.0680219814831164,0.0,48,0.4800000000000001,3.1585608257808016,11.180354786594513
2158,0.1,0.4,0.4624888028837213,0.2364683677794645,42,0.4200000000000001,2.9232728041382976,5.1340190612809655,109,1.0900000000000003,4.640042526969008,13.324001849514888
2159,0.1,0.4,1.074238121585822,0.4186104523996197,0,0.0,1.0249941160794693,0.0,39,0.39000000000000007,3.165400878692464,6.255112375612101
2160,0.1,0.4,0.3886425937812152,0.5499997145733054,0,0.0,1.2785441644889868,0.0,54,0.5400000000000001,3.1664904280412727,2.3848535176590144
2161,0.1,0.4,1.3566037827840745,0.4098354739810502,0,0.0,0.8307310857744834,0.0,49,0.4900000000000001,3.1963452743767857,10.137236399815226
2162,0.1,0.4,0.7085791366470308,0.1272984710667996,0,0.0,0.07414767614497346,0.0,43,0.4300000000000001,3.164811647971836,14.959381788172573
2163,0.1,0.4,0.6721685721957189,0.6619063411898303,9,0.09000000000000002,2.1803820094934308,0.5712210298218866,83,0.8300000000000002,4.612744189948894,5.267927275024065
2164,0.1,0.4,0.8590085949594263,0.4476882144331023,38,0.38000000000000006,4.449224703400678,4.557067502015948,127,1.2700000000000002,4.956977343008981,15.230199283053299
2165,0.1,0.4,0.7184566530817074,0.4126778735311384,22,0.22000000000000003,3.033435682962211,2.39382327318503,70,0.7000000000000002,4.840807507008972,7.616710414679641
2166,0.1,0.4,0.7267834862401845,0.2808821019900825,41,0.4100000000000001,2.9522089875297266,6.630478304937459,130,1.3000000000000003,4.149163077146386,21.023467796143162
2167,0.1,0.4,0.5832621007745978,0.1587164358216947,0,0.0,1.5695660146123285,0.0,64,0.6400000000000001,3.2501136533388206,14.699475772751008
2168,0.1,0.4,0.6472792298834608,0.3078323879888544,0,0.0,1.1186600087358824,0.0,71,0.7100000000000002,3.408026349919984,9.33073222532989
2169,0.1,0.4,0.3527118891520268,0.4697998779003017,0,0.0,1.8701944709528948,0.0,63,0.6300000000000001,3.347035253168528,2.9561588430868633
2170,0.1,0.4,1.2714051521796224,0.3233463968327691,0,0.0,1.4391211903957541,0.0,53,0.5300000000000001,3.3457130329103446,13.024822938642956
2171,0.1,0.4,0.6215185712167357,0.3647544453913463,0,0.0,0.6556910855651658,0.0,52,0.5200000000000001,3.6247049115453738,5.5377950343749625
2172,0.1,0.4,0.4974919199707282,0.2369558027979097,15,0.15000000000000002,2.681474274797065,1.9682939580522991,81,0.8100000000000002,3.611602567389802,10.628787373482416
2173,0.1,0.4,1.4471270369676428,0.1547959042062549,72,0.7200000000000002,2.6277422416817355,42.06875950462814,135,1.3500000000000003,4.973966571414666,78.87892407117776
2174,0.1,0.4,0.4416880694080923,0.3962643106339796,0,0.0,1.0581542906457095,0.0,61,0.6100000000000001,3.391033986463147,4.249526690718724
2175,0.1,0.4,0.4279031338751335,0.3142588345931706,0,0.0,1.2640365278821233,0.0,62,0.6200000000000001,3.281625925108355,5.276302401848772
2176,0.1,0.4,0.6587181844063785,0.1961005630804924,7,0.07,2.41084274077878,1.4695990727956199,53,0.5300000000000001,3.8302641439840026,11.126964408309695
2177,0.1,0.4,0.5981684188987966,0.6103576951931188,0,0.0,1.1314512891617516,0.0,54,0.5400000000000001,3.5691971754493976,3.3075988550364377
2178,0.1,0.4,0.359588411311303,0.4897606571502661,0,0.0,1.8645076409417907,0.0,62,0.6200000000000001,3.4033998821884413,2.845073554782864
2179,0.1,0.4,1.1386095205338125,0.4958778671368164,0,0.0,1.1347875677758923,0.0,61,0.6100000000000001,3.154871449392918,8.754068460646701
2180,0.1,0.4,0.7951823254164038,0.2299586187550051,0,0.0,0.3653054280686771,0.0,43,0.4300000000000001,3.154871281550761,9.293204625799971
2181,0.1,0.4,1.3557270498724043,0.1961916786117448,0,0.0,0.3602184803874399,0.0,44,0.44000000000000006,3.1548839632246772,19.003096428606245
2182,0.1,0.4,2.0943492444396683,0.2309413416278038,9,0.09000000000000002,2.452576423316622,5.101171759432965,59,0.5900000000000001,3.9880100560106095,33.44101486739388
2183,0.1,0.4,1.2184470108162735,0.8914015760855162,1,0.010000000000000002,2.0106612563976967,0.08543056263197744,57,0.5700000000000001,3.176790105185084,4.869542070022714
2184,0.1,0.4,0.68706544616565,0.4086784365106288,0,0.0,0.34445727848711355,0.0,58,0.5800000000000001,3.327975884615799,6.094307944445965
2185,0.1,0.4,0.4434270062047443,0.4067586593338212,91,0.9100000000000001,7.220508362389204,6.20021489381427,153,1.5300000000000002,7.645247260741653,10.424537129160257
2186,0.1,0.4,0.6963009668655479,0.3531435986109742,0,0.0,1.4526134501921566,0.0,75,0.7500000000000001,3.443677862079591,9.242446401464594
2187,0.1,0.4,0.5646120638247895,0.3015970170370399,29,0.29000000000000004,3.298937162619574,3.393134904768469,96,0.9600000000000002,6.173797313604686,11.23244658130252
2188,0.1,0.4,1.3337002418002477,0.4903924012891519,0,0.0,0.5317101842828205,0.0,42,0.4200000000000001,3.154871281550761,7.139105592831901
2189,0.1,0.4,0.6501141832028858,0.5625420446064852,77,0.7700000000000001,10.87030003486518,5.561672299272294,142,1.4200000000000004,11.022398468594881,10.256590473982673
2190,0.1,0.4,1.0498083629574289,0.1756253687010678,0,0.0,0.9526574844082836,0.0,39,0.39000000000000007,3.293458751239377,14.570263417150478
2191,0.1,0.4,0.4150185697540308,0.3710877272881441,123,1.2300000000000002,2.7243182808523834,8.597576854129617,157,1.5700000000000003,4.790656861308699,10.974142813807724
2192,0.1,0.4,0.7204556475758329,0.2499188416747988,0,0.0,1.6871604661878281,0.0,127,1.2700000000000002,4.094638291749929,22.881895035646785
2193,0.1,0.4,0.7272135039872863,0.6664885143859967,85,0.8500000000000002,3.6851610938888224,5.7965316078875695,123,1.2300000000000002,5.303315178401145,8.387922209060836
2194,0.1,0.4,1.7356665226420551,0.3206646366681077,1,0.010000000000000002,2.019644028754426,0.33829473306532976,87,0.8700000000000002,4.4071083889541285,29.431641776683687
2195,0.1,0.4,1.6241596401035667,0.1405867577557344,0,0.0,1.3668519934019359,0.0,61,0.6100000000000001,3.247285018804768,44.04475020793541
2196,0.1,0.4,0.7468946093770777,1.0788638300643214,0,0.0,1.4493408490240196,0.0,48,0.4800000000000001,3.156732903178069,2.076892157926589
2197,0.1,0.4,1.7915663178674288,0.1660883881313564,86,0.8600000000000002,7.115625157969226,57.97918245146369,149,1.4900000000000002,7.8809769619201555,100.45230447986151
2198,0.1,0.4,0.4573655013237915,0.3143236758684002,102,1.0200000000000002,5.736052703416193,9.276122973822394,150,1.5000000000000002,7.537545061266648,13.641357314444697
2199,0.1,0.4,0.5980076777992404,0.1308139386788203,34,0.3400000000000001,7.816430729534111,9.714303599125035,84,0.8400000000000002,8.35188970092456,24.000044186073616
2200,0.1,0.4,0.731791665954824,0.1474521247610359,0,0.0,1.7069518410035314,0.0,90,0.9000000000000001,3.8625716539036405,27.916370331501803
2201,0.1,0.4,0.5107738106644834,0.3801785440114218,29,0.29000000000000004,3.6651788642080305,2.435112518610631,86,0.8600000000000002,4.023113309080455,7.221368158638424
2202,0.1,0.4,0.5200537431308694,0.3025160654727026,9,0.09000000000000002,2.876318139081994,0.9669907284230178,60,0.6000000000000001,3.9956143954817605,6.446604856153452
2203,0.1,0.4,0.8360238255946587,0.1579346252714122,0,0.0,1.4273112674137391,0.0,67,0.6700000000000002,4.075208291864159,22.166448704084928
2204,0.1,0.4,1.062100880896647,0.1910123844293562,63,0.6300000000000001,9.025322087256692,21.89398468075363,110,1.1000000000000003,9.534503195943987,38.22759229972856
2205,0.1,0.4,0.5032446265476357,0.4559217366578005,0,0.0,1.3670445106162343,0.0,49,0.4900000000000001,3.3548210884171192,3.380375500628734
2206,0.1,0.4,0.5565085088927776,0.1286485951143928,37,0.37000000000000005,2.52898242514463,10.003419980375448,106,1.0600000000000003,4.706989510616159,28.658446430264796
2207,0.1,0.4,1.1736313188203,0.3099584320854682,0,0.0,0.8907244670882987,0.0,41,0.4100000000000001,3.1955905289161017,9.702688951684165
2208,0.1,0.4,0.5538612176877341,0.2311590805998204,0,0.0,0.05326080656991787,0.0,42,0.4200000000000001,3.165154807304041,6.289546111092431
2209,0.1,0.4,0.774894146052162,0.2123086020114467,1,0.010000000000000002,2.0140687753429165,0.22811550577516854,87,0.8700000000000002,4.967075413456754,19.846049002439663
2210,0.1,0.4,0.5214653689571384,0.2515902689826663,14,0.14,2.5351109207056544,1.813592392434432,70,0.7000000000000002,4.2865138844973965,9.067961962172161
2211,0.1,0.4,0.4583280091697164,0.3459415055561845,0,0.0,1.487156927423515,0.0,46,0.4600000000000001,3.351514953502172,3.80900529482412
2212,0.1,0.4,0.6114475954640171,0.3920896974627829,38,0.38000000000000006,4.073475091253468,3.703713840542526,101,1.0100000000000002,5.010796543092805,9.844081523547239
2213,0.1,0.4,1.291074880645796,0.662062339102661,0,0.0,0.8959842800951753,0.0,53,0.5300000000000001,3.1548716745170107,6.459641773213815
2214,0.1,0.4,0.8083570151525068,0.3349038732662543,35,0.3500000000000001,3.3494128735965307,5.279965720910893,85,0.8500000000000002,4.859972157541647,12.82277389364074
2215,0.1,0.4,0.5424743868880484,0.2272534613141039,0,0.0,0.6588014947118475,0.0,58,0.5800000000000001,3.1572517738814843,8.653200004514657
2216,0.1,0.4,0.8135510921670782,0.350645224605653,0,0.0,1.431197481209673,0.0,62,0.6200000000000001,3.332780700562584,8.99059864765831
2217,0.1,0.4,0.560343878864618,0.3581386809094829,0,0.0,0.05598263964641786,0.0,43,0.4300000000000001,3.2109037360764043,4.2048632407546975
2218,0.1,0.4,0.8125802744845976,0.4588240457207697,22,0.22000000000000003,4.562700762871404,2.435133659268339,80,0.8000000000000002,5.852531490999797,8.855031488248507
2219,0.1,0.4,1.2596942368744084,0.2333873747592732,25,0.25000000000000006,3.4107774213557494,8.433499229109682,64,0.6400000000000001,5.530431131282679,21.589758026520787
2220,0.1,0.4,1.1464882050650658,0.1109269363565102,19,0.19000000000000003,4.68809801124971,12.27343680654048,71,0.7100000000000002,5.4505701518764615,45.863895434967056
2221,0.1,0.4,0.4537389458407176,0.3098104702582244,110,1.1000000000000003,20.581014327952712,10.06891487577839,164,1.6400000000000003,20.522507701264438,15.011836723887779
2222,0.1,0.4,1.2222945171845565,0.2958709071810242,0,0.0,0.7480960803771125,0.0,42,0.4200000000000001,3.1548721993200983,10.844334572058393
2223,0.1,0.4,0.572011235947026,0.340266483230785,30,0.30000000000000004,3.0189739097379253,3.152003268782834,103,1.0300000000000002,4.045858559419603,10.82187788948773
2224,0.1,0.4,0.9250628523630942,0.5083781109179425,22,0.22000000000000003,3.2059819386100252,2.501998797120835,71,0.7100000000000002,4.845725037202482,8.07463248161724
2225,0.1,0.4,1.5508281458541295,0.4688072695802239,0,0.0,0.22175741432723836,0.0,40,0.4000000000000001,3.154871281550761,8.270073047516739
2226,0.1,0.4,0.5973926911613946,0.1685722919889917,127,1.2700000000000002,5.7165348998973835,28.129204569415382,169,1.6900000000000004,6.612780927436271,37.43177615930078
2227,0.1,0.4,0.6596776470286834,0.2856975933099704,6,0.06000000000000001,2.2605180240941602,0.8658774992457141,77,0.7700000000000001,4.897423207545257,11.112094573653332
2228,0.1,0.4,0.546791085560125,0.4523275435860204,0,0.0,1.636149773847691,0.0,50,0.5000000000000001,3.193819246719873,3.77762125390102
2229,0.1,0.4,0.5071675706278255,0.6777764834561363,0,0.0,0.9962387379171649,0.0,56,0.56,3.7350058777675343,2.618985079189853
2230,0.1,0.4,0.6325259107254158,0.2673443571363884,2,0.020000000000000004,2.0532588127257534,0.2957449324443411,79,0.7900000000000001,4.23547719670853,11.681924831551473
2231,0.1,0.4,0.8119996575620531,0.2318390397369887,0,0.0,1.743091065031752,0.0,79,0.7900000000000001,4.023961216048677,17.2932406628364
2232,0.1,0.4,0.7946751609939635,0.1670106473184914,43,0.4300000000000001,4.691349508654522,12.787744550791963,100,1.0000000000000002,5.670008820318151,29.73894081579526
2233,0.1,0.4,0.9040865488179288,0.5483603574310589,0,0.0,1.9608456929125362,0.0,58,0.5800000000000001,5.0345823796627345,5.976569412892
2234,0.1,0.4,0.3648899369790523,0.45874566095386,50,0.5000000000000001,5.3387943205140775,2.4856497839970335,106,1.0600000000000003,6.568727009232755,5.269577542073711
2235,0.1,0.4,0.4573221531837975,0.4577782151633958,33,0.33000000000000007,3.3818545591419777,2.060445232425301,95,0.9500000000000002,5.021441606197412,5.931584760012229
2236,0.1,0.4,1.4248417347295017,0.397669456299823,0,0.0,0.5534724368415204,0.0,61,0.6100000000000001,3.6095487125370127,13.66011150114735
2237,0.1,0.4,0.4288072660733151,0.2910858423640671,41,0.4100000000000001,3.8378865128773323,3.774895441113741,103,1.0300000000000002,4.334995081610969,9.483273913041838
2238,0.1,0.4,0.7034859037561115,0.4956383096369903,0,0.0,0.9850282313249278,0.0,45,0.45000000000000007,3.1714304106263618,3.991931345587821
2239,0.1,0.4,0.4109481701641741,0.3730175271993355,2,0.020000000000000004,2.036604915954959,0.1377107442006904,69,0.6900000000000002,4.0623699997752984,4.751020674923819
2240,0.1,0.4,1.0369511374026,0.3309180626762091,191,1.9100000000000004,19.001849006157453,37.406855650715976,252,2.5200000000000005,19.04097943990636,49.353547769531026
2241,0.1,0.4,1.1281911001486966,0.3154724467955644,31,0.31000000000000005,6.472935359504944,6.928878508222334,69,0.6900000000000002,7.7260437307076835,15.422342486043258
2242,0.1,0.4,0.5167532147625056,0.154892615779084,29,0.29000000000000004,5.5806012846383135,6.046867999781805,70,0.7000000000000002,6.32587405381622,14.595888275335392
2243,0.1,0.4,0.3818985684075537,0.2531880674403853,37,0.37000000000000005,3.858294929517609,3.4880808103265326,97,0.9700000000000002,4.212173669915108,9.144428070315504
2244,0.1,0.4,0.6402982647142916,0.2179838962717018,16,0.16000000000000003,2.9296556436453445,2.9373649873484426,81,0.8100000000000002,4.330151453728692,14.87041024845149
2245,0.1,0.4,0.6366990451000828,0.1176221943263608,377,3.770000000000001,177.29114511994874,127.54583721287106,416,4.160000000000001,177.58894583060032,140.7402341659267
2246,0.1,0.4,0.5740382643198122,0.3507180069247621,0,0.0,0.8257121567318361,0.0,60,0.6000000000000001,3.3285706065154157,6.137818557063973
2247,0.1,0.4,0.4495500564817353,0.4548943630562543,0,0.0,1.549178996602509,0.0,44,0.44000000000000006,3.3287090074865513,2.717691744999465
2248,0.1,0.4,1.2315796699816466,0.168223830534942,0,0.0,1.204814842449074,0.0,53,0.5300000000000001,3.5136368213381797,24.251068614008428
2249,0.1,0.4,0.6832555852039596,0.6578615869511397,23,0.23000000000000004,2.5113641650271172,1.4929886821369305,88,0.8800000000000001,4.4809219736822605,5.712304522958691
2250,0.1,0.4,0.4807613774991576,0.2797558560455827,0,0.0,1.249190820235108,0.0,58,0.5800000000000001,3.7392654349328076,6.229574665813199
2251,0.1,0.4,0.7133503253029413,0.2273037531056118,55,0.5500000000000002,3.637985345832433,10.787950967485902,132,1.3200000000000003,5.139631041827049,25.89108232196616
2252,0.1,0.4,0.5548672535778534,0.4409659719437639,20,0.20000000000000004,2.566628894219581,1.5728743510865937,67,0.6700000000000002,5.084284142911411,5.269129076140088
2253,0.1,0.4,0.6497912948180394,0.5200736509895522,25,0.25000000000000006,2.6438359781705807,1.952221375225147,80,0.8000000000000002,4.028018470175415,6.24710840072047
2254,0.1,0.4,1.3642765529862282,0.2464277429288237,0,0.0,0.5388471712457557,0.0,48,0.4800000000000001,3.154871281556887,16.608639962022565
2255,0.1,0.4,0.8024463029523383,0.8941536287073396,0,0.0,1.482061349559302,0.0,58,0.5800000000000001,3.1553849362390447,3.25320812309124
2256,0.1,0.4,2.0478417167622123,0.3020413594287923,0,0.0,0.6192411355934084,0.0,40,0.4000000000000001,3.1907741912218692,16.950010758750086
2257,0.1,0.4,0.4386764477824283,0.5741506928520127,0,0.0,0.5999550007476132,0.0,42,0.4200000000000001,3.1548773640675893,2.00561575517541
2258,0.1,0.4,1.565466515880452,0.328834485665165,21,0.21000000000000005,2.8403468055548773,6.248355606428887,106,1.0600000000000003,4.971736997643918,31.539318775307716
2259,0.1,0.4,0.7743847161278937,0.3073632364643198,10,0.10000000000000002,2.5743059218147346,1.5746530168910344,61,0.6100000000000001,3.765101598433545,9.60538340303531
2260,0.1,0.4,1.9267985014290487,0.2364428835196663,0,0.0,1.290702418042963,0.0,38,0.38000000000000006,3.2721255872862587,19.354130573836308
2261,0.1,0.4,0.7635817726045542,0.142044785893283,20,0.20000000000000004,4.309993273954216,6.719551229939428,62,0.6200000000000001,4.549027651910134,20.83060881281223
2262,0.1,0.4,0.8762306370258506,0.3078423601700399,0,0.0,0.7816600498958587,0.0,40,0.4000000000000001,3.303227197162466,7.115903709140739
2263,0.1,0.4,0.7582402166087616,0.7486145301018198,464,4.640000000000001,18.97199293171876,29.37288203404674,586,5.860000000000001,19.11208362857961,37.09592429299869
2264,0.1,0.4,2.028978101489701,0.3179410895833476,10,0.10000000000000002,2.835163596917357,3.988510308915672,81,0.8100000000000002,4.563993630567252,32.30693350221694
2265,0.1,0.4,1.3167018978748852,0.642400770097614,0,0.0,1.3095963782108848,0.0,102,1.0200000000000002,3.720156655617772,13.066569950837563
2266,0.1,0.4,0.9398017517313176,0.2311536559326508,18,0.18000000000000005,2.9610277981044724,4.5739141197307385,94,0.9400000000000002,4.780485135283328,23.885995958593856
2267,0.1,0.4,1.108253477973787,0.7466983891051806,0,0.0,0.6973272859883612,0.0,40,0.4000000000000001,3.154871281550761,3.710512484504896
2268,0.1,0.4,0.4806994859230968,0.1403946577384172,43,0.4300000000000001,2.836805306090552,9.201773694447466,94,0.9400000000000002,5.068065819851879,20.11550528553632
2269,0.1,0.4,0.4295410951950826,0.1735109848860188,118,1.1800000000000002,6.210325806918211,18.25743528079642,158,1.5800000000000003,7.164711510367354,24.4463963929308
2270,0.1,0.4,0.6603287836533855,0.7915443433173711,15,0.15000000000000002,2.4917014251969296,0.7820891399218002,77,0.7700000000000001,3.8033650685990232,4.014724251598574
2271,0.1,0.4,0.934260509409124,0.3568691297557865,0,0.0,0.8650373233626159,0.0,61,0.6100000000000001,3.5286906131509808,9.98088065100994
2272,0.1,0.4,0.7573408021426083,0.504439904914092,0,0.0,1.543252826462221,0.0,64,0.6400000000000001,3.4847495951719276,6.005399610655992
2273,0.1,0.4,0.3677881124088296,0.5144230292717727,0,0.0,1.2146442913368627,0.0,48,0.4800000000000001,3.155043029454226,2.1448579757178305
2274,0.1,0.4,0.7229551447513902,0.1307993841089377,2,0.020000000000000004,2.177155163036763,0.6909007539260172,59,0.5900000000000001,3.2657632336676246,20.38157224081751
2275,0.1,0.4,0.4728225000989306,0.1927506017736861,242,2.4200000000000004,42.62522906257325,37.10203884288274,279,2.7900000000000005,42.834667809132924,42.774664616381344
2276,0.1,0.4,0.3659663092497092,0.1155198486761211,165,1.6500000000000004,20.565312402223626,32.66994899481502,204,2.0400000000000005,21.628854514226568,40.39193693904403
2277,0.1,0.4,0.8543793420503967,0.3572734000683707,13,0.13000000000000003,2.5241728730939226,1.9430027964105436,81,0.8100000000000002,3.6587177252973277,12.106402039173387
2278,0.1,0.4,1.339475858921103,0.1050308778113826,0,0.0,0.5662961113817294,0.0,44,0.44000000000000006,3.1564303006364627,35.07119704976732
2279,0.1,0.4,0.6705469234804158,0.3435199918198932,75,0.7500000000000001,5.366476342353023,9.149944045941922,151,1.5100000000000002,6.642033004751833,18.421887345829735
2280,0.1,0.4,0.9408785657697932,0.7083972644542231,0,0.0,1.0170251646410133,0.0,58,0.5800000000000001,3.4985263299165568,4.814649875226755
2281,0.1,0.4,0.423949649971697,0.3148610336235921,27,0.2700000000000001,3.562603624774877,2.2721612328266008,90,0.9000000000000001,4.494025632161163,7.573870776088668
2282,0.1,0.4,1.063767226352183,0.4477570106643118,0,0.0,0.9798760798640346,0.0,73,0.7300000000000001,3.6258192854898406,10.839446071499948
2283,0.1,0.4,1.6245515158142645,0.4624657103659556,0,0.0,1.4828117038234145,0.0,77,0.7700000000000001,3.5625032704159985,16.905370483942544
2284,0.1,0.4,3.117399934661284,0.0935320765852622,0,0.0,0.0,0.0,38,0.38000000000000006,3.154871281550761,79.15813606545294
2285,0.1,0.4,0.8983418344579158,0.229896842899046,62,0.6200000000000001,4.0973958425661,15.141898273274936,116,1.1600000000000001,5.389671405631964,28.330003220966006
2286,0.1,0.4,0.6694566339460015,0.5334776517860365,3,0.030000000000000006,2.0674734121774647,0.2352921784907669,77,0.7700000000000001,3.977284151760725,6.03916591459635
2287,0.1,0.4,1.062701036900418,0.2176213769102022,0,0.0,1.3126803634977355,0.0,73,0.7300000000000001,3.874740256798087,22.279858484944885
2288,0.1,0.4,0.6353790332644303,0.5611268081590318,3,0.030000000000000006,2.0412890169035114,0.21231131181905044,66,0.6600000000000001,4.4137575023640485,4.67084886001911
2289,0.1,0.4,0.6346786048088366,0.4031052976862229,0,0.0,1.4852826972632267,0.0,52,0.5200000000000001,3.6827644620292186,5.117038841881778
2290,0.1,0.4,0.7689800086612587,0.2338359106961979,0,0.0,0.20727012494852903,0.0,42,0.4200000000000001,3.1799962770061283,8.632431677093237
2291,0.1,0.4,0.6439525268724945,0.1711441515449594,29,0.29000000000000004,3.6229485153085013,6.819771195335198,95,0.9500000000000002,4.173514230217282,22.340629777822205
2292,0.1,0.4,0.6059592206258152,0.2616413356601326,0,0.0,0.47572080131668276,0.0,43,0.4300000000000001,3.154871285714867,6.224228298342318
2293,0.1,0.4,1.098794493263147,0.2620781670788871,0,0.0,1.7658440856665312,0.0,66,0.6600000000000001,4.3514815883319065,17.294562668954274
2294,0.1,0.4,0.4410749271142785,0.3376398648329923,116,1.1600000000000001,5.210899600675438,9.471017953286564,162,1.6200000000000003,6.367412778743188,13.22676645200365
2295,0.1,0.4,0.9647153618744118,0.0620708784593317,78,0.7800000000000001,127.30455157486256,75.76801723885886,118,1.1800000000000002,128.18059682416427,114.62341069468393
2296,0.1,0.4,0.9246943548086928,0.1316433651769258,0,0.0,1.218418951817074,0.0,55,0.5500000000000002,3.480426153121255,24.145818821805896
2297,0.1,0.4,1.846099324393668,0.3453613776951963,0,0.0,0.44149654270719946,0.0,38,0.38000000000000006,3.154871281550762,12.69535674398587
2298,0.1,0.4,1.297216467384345,0.2248004001881896,0,0.0,1.3864465524971994,0.0,71,0.7100000000000002,3.62937916120308,25.60670741332807
2299,0.1,0.4,0.5407241954871729,0.0966918790142209,32,0.32000000000000006,4.730887574597241,11.184480041134503,84,0.8400000000000002,5.865053096683802,29.35926010797807
2300,0.1,0.4,0.4983608167073679,0.3945250884005448,15,0.15000000000000002,2.182309902200198,1.184242217794817,84,0.8400000000000002,4.185896354803515,6.6317564196509755
2301,0.1,0.4,1.4556691710841627,0.1642617680392735,12,0.12000000000000002,2.5151363196432137,6.646414995679908,75,0.7500000000000001,4.343882293038919,41.54009372299942
2302,0.1,0.4,2.2462939646714126,0.4012476361719037,0,0.0,1.7314189430029492,0.0,47,0.4700000000000001,3.4466273390410804,16.444928085246914
2303,0.1,0.4,0.9120445980923748,0.4769652469419694,0,0.0,0.9991496027529708,0.0,68,0.6800000000000002,3.4959413231554417,8.126775623055392
2304,0.1,0.4,1.6915899039407305,0.3692478296427542,0,0.0,1.077573413837358,0.0,52,0.5200000000000001,3.872146987407344,14.88882735783808
2305,0.1,0.4,0.588433339366422,0.9934139320963083,0,0.0,1.3674009707688122,0.0,63,0.6300000000000001,3.6015051656285393,2.3323170723668336
2306,0.1,0.4,0.4921272228931198,0.1145189032470011,0,0.0,1.126959201923152,0.0,44,0.44000000000000006,3.157742711416013,11.817698428678582
2307,0.1,0.4,0.9963520713816184,0.4794029981085176,0,0.0,0.5940925457021123,0.0,45,0.45000000000000007,3.1548728986684496,5.845270496465454
2308,0.1,0.4,0.3559261879385532,0.2557064636723941,82,0.8200000000000002,17.778532016768278,7.133655078512652,126,1.2600000000000002,17.325045019050386,10.961469998690173
2309,0.1,0.4,0.7780061096873487,0.2782083247904958,0,0.0,1.5606930698410921,0.0,47,0.4700000000000001,3.5275199123266137,8.214682105316573
2310,0.1,0.4,0.568021798657403,0.323405255202306,8,0.08000000000000002,2.173730487212631,0.8781888814733039,90,0.9000000000000001,4.327453486322996,9.879624916574668
2311,0.1,0.4,0.8711220349887374,0.5045678503373411,43,0.4300000000000001,10.056045532562246,4.639892271112806,97,0.9700000000000002,10.422841685786484,10.46673372785912
2312,0.1,0.4,0.5534727151553642,0.438799908292906,0,0.0,1.0050627901162557,0.0,46,0.4600000000000001,3.3810669476017936,3.626331788131318
2313,0.1,0.4,0.9163316696286652,0.1205029914832819,37,0.37000000000000005,3.720312501225852,17.584766651293233,89,0.8900000000000001,5.084745094512169,42.298492755813456
2314,0.1,0.4,0.934606486149481,0.2474342936396096,0,0.0,0.699174889286908,0.0,41,0.4100000000000001,3.162287786140739,9.679050892784824
2315,0.1,0.4,3.248965316725319,0.13837293922358,0,0.0,1.0434928347658574,0.0,40,0.4000000000000001,3.3651439076300846,58.69943456711054
2316,0.1,0.4,1.020471231652701,0.4395755246210955,0,0.0,1.9571668655149954,0.0,58,0.5800000000000001,3.8669046123279185,8.415409884182422
2317,0.1,0.4,0.6035138012824546,0.1554692518334889,0,0.0,1.8417354627267828,0.0,63,0.6300000000000001,3.1553135595775825,15.28492331779389
2318,0.1,0.4,1.6315268634872293,0.2236555032329752,226,2.2600000000000002,3.453975455574849,103.03934673474812,302,3.0200000000000005,5.809830078543517,137.68974652165457
2319,0.1,0.4,0.7438369296126435,0.2867593694677153,0,0.0,1.775248111189549,0.0,63,0.6300000000000001,4.749979993913186,10.213643291887376
2320,0.1,0.4,1.1790716487734874,0.5119756776347031,0,0.0,0.7245023632935282,0.0,41,0.4100000000000001,3.1551186094419372,5.901395773214491
2321,0.1,0.4,0.4668290570057393,0.4904950759337092,0,0.0,0.9781410879497627,0.0,79,0.7900000000000001,3.7899459572109753,4.699269334311026
2322,0.1,0.4,0.6719678061142558,0.111553824725644,73,0.7300000000000001,14.103631837554582,27.483173463002867,139,1.3900000000000003,13.836955614684925,52.33097412818354
2323,0.1,0.4,0.5415652431183823,0.4979876651388417,16,0.16000000000000003,2.675307992716513,1.087507344117431,55,0.5500000000000002,4.37966553225192,3.7383064954036693
2324,0.1,0.4,0.5327490481154146,0.3260393766838513,50,0.5000000000000001,3.576354943619586,5.106256772705731,104,1.0400000000000003,4.791835306408707,10.62101408722792
2325,0.1,0.4,0.6199283141308648,0.3968155399483789,2,0.020000000000000004,2.034649711802105,0.19528226963197756,77,0.7700000000000001,4.700463150231682,7.518367380831136
2326,0.1,0.4,0.6613901148757279,0.3808680696133441,0,0.0,0.9037662983851831,0.0,56,0.56,3.3758194555355012,6.077866817281612
2327,0.1,0.4,0.6483137061857751,0.6411963777809687,22,0.22000000000000003,3.766482511535565,1.3902626042437682,73,0.7300000000000001,4.415611371272363,4.613144095899777
2328,0.1,0.4,1.885019085389724,0.2851043112486143,0,0.0,0.5494331007978188,0.0,40,0.4000000000000001,3.1548712841490905,16.52920537341476
2329,0.1,0.4,1.126949831247671,0.1130980698095169,0,0.0,1.005906590071615,0.0,41,0.4100000000000001,3.1888432129421447,25.533671329987236
2330,0.1,0.4,0.6520856855885302,0.5278070524024363,0,0.0,1.768200390697586,0.0,68,0.6800000000000002,4.0581982474997105,5.250714538839044
2331,0.1,0.4,0.5352952705246096,0.2726270179866605,0,0.0,0.20129350728615242,0.0,44,0.44000000000000006,3.1798717523583533,5.39954552125389
2332,0.1,0.4,1.0655616321956487,0.3713895805678031,0,0.0,1.3378711057159391,0.0,56,0.56,3.7385263835144937,10.041923381326248
2333,0.1,0.4,0.844304197983815,0.1655863104502633,0,0.0,0.7442643831300106,0.0,39,0.39000000000000007,3.2904327765477954,12.42851221812628
2334,0.1,0.4,0.9387117572309848,0.0872766005704395,9,0.09000000000000002,2.4356208103066512,6.05002211350187,51,0.5100000000000001,4.03520900484686,34.28345864317726
2335,0.1,0.4,0.3482679274909306,0.164673599855316,77,0.7700000000000001,4.878064194814563,10.1779483932014,117,1.1700000000000002,6.043663817286571,15.46519431174758
2336,0.1,0.4,0.5818319067945109,0.5382743551190591,0,0.0,0.3482333893840896,0.0,40,0.4000000000000001,3.1549488843737308,2.702301815334568
2337,0.1,0.4,0.5081890618987196,0.2206973386947162,0,0.0,1.674660853209668,0.0,52,0.5200000000000001,3.7499721872343437,7.483617432539438
2338,0.1,0.4,1.2423386719731506,0.1579966312574591,0,0.0,1.0887349811186962,0.0,60,0.6000000000000001,3.6240788666682033,29.48651488845824
2339,0.1,0.4,0.3890435623420545,0.7951707063654874,0,0.0,1.4625677942488184,0.0,79,0.7900000000000001,3.9794870190882667,2.4157109582718737
2340,0.1,0.4,0.9611202395698476,0.2336179575212751,4,0.04000000000000001,2.2339706747271135,1.0285170816570472,59,0.5900000000000001,4.15255052156796,15.170626954441447
2341,0.1,0.4,1.2219118596993088,0.3250038250685725,13,0.13000000000000003,6.369627482646181,3.054743696620238,57,0.5700000000000001,7.255168499935737,13.393876208257966
2342,0.1,0.4,0.4719930223687383,0.3147345379597924,94,0.9400000000000002,6.82090733658221,8.81046937012863,144,1.4400000000000004,8.209765377002993,13.496889247856624
2343,0.1,0.4,1.0489292681433209,0.2656355865599374,11,0.11000000000000001,2.4453062041923705,2.7147675550083608,59,0.5900000000000001,4.284414762934352,14.561025976863027
2344,0.1,0.4,0.8557889053264209,0.346715436622014,0,0.0,1.1771175003024352,0.0,83,0.8300000000000002,3.5893874838694737,12.804174482777956
2345,0.1,0.4,0.7809192287289809,0.2463645592643672,166,1.6600000000000004,45.26128145778637,32.88637384474241,235,2.3500000000000005,44.46090744106906,46.5560111657498
2346,0.1,0.4,1.3245186975023056,0.1933301996828161,173,1.7300000000000004,4.692368933390039,74.07719249367027,236,2.3600000000000003,6.211388277610213,101.05327993356175
2347,0.1,0.4,0.8891571780256827,0.4486972087539112,30,0.30000000000000004,8.313611224560901,3.7155785154717047,76,0.7600000000000001,9.08263863552369,9.412798905861653
2348,0.1,0.4,0.5430310102791226,0.433729008929835,21,0.21000000000000005,2.3169208942233417,1.6432569330557447,106,1.0600000000000003,3.839904505119666,8.294534995424234
2349,0.1,0.4,0.732951043250958,0.2733687093222097,18,0.18000000000000005,3.1544039437188496,3.016328846493683,91,0.9100000000000001,5.072904221143134,15.24921805727362
2350,0.1,0.4,0.4907903312471887,0.3279017178699941,0,0.0,1.4488564166258853,0.0,109,1.0900000000000003,4.051252251032131,10.196680741230828
2351,0.1,0.4,0.6032570471365297,0.2659784536573612,68,0.6800000000000002,10.254936603554468,9.639286246971887,115,1.1500000000000001,10.974117620202623,16.30173409414363
2352,0.1,0.4,0.6871934846703565,0.6988303139386027,1,0.010000000000000002,2.0015718352711387,0.06145925832815362,46,0.4600000000000001,3.2482187251206773,2.8271258830950665
2353,0.1,0.4,1.0334168574822629,0.3628903560695927,0,0.0,0.4687894267882276,0.0,42,0.4200000000000001,3.1589147052696256,7.475313701559799
2354,0.1,0.4,0.6074745810478146,0.3254536205914076,206,2.0600000000000005,3.5024307847208913,24.031796655935263,246,2.4600000000000004,5.235506062262514,28.698164938641142
2355,0.1,0.4,1.0274617319914785,0.4390873066985538,31,0.31000000000000005,2.637736469061267,4.533738678763875,125,1.2500000000000002,4.253837618222075,18.281204349854335
2356,0.1,0.4,0.4120596984026817,0.308736458140784,0,0.0,1.5384400495971111,0.0,57,0.5700000000000001,3.154917192786897,4.754743525917375
2357,0.1,0.4,1.1686708351683073,0.9522464842599568,0,0.0,1.79199567110098,0.0,52,0.5200000000000001,3.469493289479328,3.988652388933495
2358,0.1,0.4,0.4562716870374121,0.2684626499967865,0,0.0,1.8048832619241182,0.0,63,0.6300000000000001,4.325190457595956,6.692065982852048
2359,0.1,0.4,0.5857098301039207,0.2240174926930598,0,0.0,1.28270197853134,0.0,67,0.6700000000000002,3.391606720156739,10.948519618156377
2360,0.1,0.4,0.5336565935675422,0.0525233925068883,39,0.39000000000000007,5.104010659126735,24.765878301754583,94,0.9400000000000002,6.740238479411365,59.692116932434125
2361,0.1,0.4,0.339670995308504,0.2879394896913198,51,0.5100000000000001,2.6432298494770996,3.7601695366847605,95,0.9500000000000002,4.822402166392179,7.004237372255926
2362,0.1,0.4,1.2560617818487392,0.1388942403851896,0,0.0,0.9021630074570908,0.0,44,0.44000000000000006,3.1552159035879876,24.86906505629555
2363,0.1,0.4,0.6428058434963125,0.225436261963749,23,0.23000000000000004,4.7284117440824796,4.098867644347906,96,0.9600000000000002,5.7080825465466924,17.108317124234738
2364,0.1,0.4,1.122667908651919,0.6791060107559761,0,0.0,1.2731264003256504,0.0,65,0.6500000000000001,3.2064257626421426,6.715944648791029
2365,0.1,0.4,0.7577404901176696,0.2319330801645103,43,0.4300000000000001,3.4688215827670157,8.780237669188017,118,1.1800000000000002,5.082239520781254,24.094605696841533
2366,0.1,0.4,0.6461251400425392,0.4878962536155021,0,0.0,0.7218843716182379,0.0,56,0.56,3.2848357118869997,4.635079637096507
2367,0.1,0.4,1.8718377290657728,0.2635391864291313,0,0.0,0.18687564826047345,0.0,39,0.39000000000000007,3.1558225094719647,17.31281228579173
2368,0.1,0.4,0.7061417844555679,0.1391809876175172,141,1.4100000000000004,19.99063723139562,44.7106647397542,197,1.9700000000000004,20.921145586227283,62.468091870436716
2369,0.1,0.4,0.3264713678208725,0.2507416334781,145,1.4500000000000002,31.959827286599218,11.799583219733103,196,1.9600000000000004,32.92868803895345,15.94978145563923
2370,0.1,0.4,0.4367625806268509,0.1861702283055637,0,0.0,0.6621436114423125,0.0,89,0.8900000000000001,3.6322751811658716,13.049840873317834
2371,0.1,0.4,0.6240474111789533,0.1729702708753089,29,0.29000000000000004,4.830368813995262,6.539192700792103,89,0.8900000000000001,6.212988426379658,20.06855690932749
2372,0.1,0.4,0.6278566399587899,0.4390931946421917,30,0.30000000000000004,3.3088725749723054,2.681050889167238,101,1.0100000000000002,4.893172169361556,9.026204660196369
2373,0.1,0.4,0.7421614418442213,0.4914162119903812,0,0.0,0.9907092741250731,0.0,48,0.4800000000000001,3.414107486995276,4.530750657400461
2374,0.1,0.4,0.8005177515948727,0.5244131176028655,6,0.06000000000000001,2.1938474034088755,0.5724383063114228,67,0.6700000000000002,3.8929165712295806,6.392227753810888
2375,0.1,0.4,0.8625680286834485,0.475196415267791,0,0.0,0.5667534634798064,0.0,42,0.4200000000000001,3.1594020169415122,4.76485302191951
2376,0.1,0.4,0.5603700024875282,0.484532544626768,47,0.4700000000000001,4.219972556993027,3.3972679452833936,95,0.9500000000000002,5.683375155390739,6.866818187274944
2377,0.1,0.4,0.5367903348839225,0.3003566774844111,77,0.7700000000000001,4.1280569333311865,8.600785933127636,137,1.3700000000000003,5.829495629645706,15.302697049850469
2378,0.1,0.4,0.417131432862784,0.5777182188314371,0,0.0,1.2549268117186319,0.0,44,0.44000000000000006,3.154886182300099,1.9855898654069497
2379,0.1,0.4,1.2842049501092618,0.5108356093645141,49,0.4900000000000001,6.537837281227742,7.698910545022818,138,1.3800000000000003,6.969282020244583,21.68264602475814
2380,0.1,0.4,0.7024482949546288,0.4169663764322705,19,0.19000000000000003,2.442847300250481,2.0005386462956616,78,0.7800000000000001,4.812156402931492,8.212737600582189
2381,0.1,0.4,1.1341027706860327,0.1151754814117127,306,3.0600000000000005,20.43323882768482,188.31886112841246,360,3.6000000000000005,21.385052862217037,221.55160132754406
2382,0.1,0.4,0.421687868035031,0.7605233096245849,22,0.22000000000000003,3.7069963995618833,0.7623971694363754,85,0.8500000000000002,5.253154537724175,2.9456254273678137
2383,0.1,0.4,1.2150269584997464,0.3113644462626193,0,0.0,1.4668471975056796,0.0,70,0.7000000000000002,3.4836897541235996,17.072414680746324
2384,0.1,0.4,0.3844614415255124,0.7053801134853712,7,0.07,2.3787696293865768,0.23845566022028203,52,0.5200000000000001,3.7093487874119986,1.771384904493524
2385,0.1,0.4,0.7155028148609367,0.3011982795143368,0,0.0,0.2253958613211536,0.0,46,0.4600000000000001,3.2761886869711874,6.829622652699375
2386,0.1,0.4,1.2202293445114951,0.3771464155404666,0,0.0,1.9165545482117927,0.0,69,0.6900000000000002,3.8624875521169213,13.952774920755417
2387,0.1,0.4,0.3366693595657431,0.5103416933462133,47,0.4700000000000001,5.0299762533735635,1.9378511625023367,99,0.9900000000000002,6.720380285076988,4.0818567039942835
2388,0.1,0.4,0.3413260058344518,0.1167833295755675,411,4.110000000000001,417.3630191012583,75.07759717707872,489,4.890000000000001,415.03564534097734,89.32590029097685
2389,0.1,0.4,1.0650488497730033,0.7953788774207574,0,0.0,0.835561685730239,0.0,41,0.4100000000000001,3.167987628130748,3.4313051993453603
2390,0.1,0.4,0.6542364279908399,0.8272767881516276,0,0.0,1.6973107831713679,0.0,56,0.56,4.118435172249818,2.7679097622019193
2391,0.1,0.4,0.6486300209734429,0.3329030160123567,0,0.0,1.1482561883122522,0.0,43,0.4300000000000001,3.2038573093735105,5.236339406734074
2392,0.1,0.4,0.4720776524789902,0.3342018342830128,214,2.1400000000000006,26.740967352333147,18.892890326148134,308,3.0800000000000005,27.494869858972393,27.191636544175815
2393,0.1,0.4,1.2939818356391637,0.3501622033159025,0,0.0,1.4726825654156088,0.0,62,0.6200000000000001,3.685557877215698,14.31959122263737
2394,0.1,0.4,0.4931097524691112,0.1782203615082902,94,0.9400000000000002,13.064718026709869,16.255268316360524,155,1.5500000000000003,12.798602033376374,26.803899883360437
2395,0.1,0.4,0.7228263468228598,0.2866132713369056,0,0.0,1.0037797931543009,0.0,60,0.6000000000000001,3.3036313343782497,9.457338761537995
2396,0.1,0.4,0.7104342833212303,0.5370207065316572,0,0.0,0.8983844109989546,0.0,45,0.45000000000000007,3.3992837320002605,3.72070647842547
2397,0.1,0.4,0.4091024692061434,0.2670734225053519,3,0.030000000000000006,2.1325129926045254,0.2872120791974902,61,0.6100000000000001,3.8433860086813088,5.839978943682301
2398,0.1,0.4,1.6768473842966154,0.3584934299236016,37,0.37000000000000005,2.8035868312004903,10.8166824061805,104,1.0400000000000003,4.6027810839872085,30.40364784439924
2399,0.1,0.4,0.6559733291906573,0.3364067092535783,0,0.0,1.923228170617855,0.0,96,0.9600000000000002,3.6021437500669986,11.699647679075174
2400,0.1,0.4,0.3420064318238505,0.2600982716820714,18,0.18000000000000005,2.425020453138244,1.4792764031594032,82,0.8200000000000002,4.211004159966141,6.738925836615059
2401,0.1,0.4,1.4281456763014664,0.1219190499183118,13,0.13000000000000003,2.3316378470355867,9.517531204290153,77,0.7700000000000001,4.519203995410192,56.37306944079552
2402,0.1,0.4,0.8565971849319943,0.5698007683734129,0,0.0,1.2674234401963613,0.0,50,0.5000000000000001,3.7664024997075587,4.697898548915656
2403,0.1,0.4,0.8544980181041268,0.2204223213350079,248,2.4800000000000004,8.666938938927375,60.08792213236897,323,3.2300000000000004,9.596117761611474,78.25967277723862
2404,0.1,0.4,0.4592478888461627,0.3029302645988289,74,0.7400000000000001,7.984922028217699,7.011585616004225,133,1.3300000000000003,8.06293863095541,12.601903877412997
2405,0.1,0.4,0.525479288983393,0.3095011472882592,0,0.0,1.6641579959966584,0.0,55,0.5500000000000002,3.154877507115814,5.8362790306494485
2406,0.1,0.4,0.5871926484371676,0.1624315991164312,0,0.0,1.0131243528578824,0.0,69,0.6900000000000002,3.2849908981337665,15.589751687232678
2407,0.1,0.4,0.6874546355451775,0.938662355573223,0,0.0,0.6974630583166765,0.0,65,0.6500000000000001,3.512282668683699,2.9752811970357373
2408,0.1,0.4,0.4211218884189655,0.2827920138223609,0,0.0,1.656285132781876,0.0,60,0.6000000000000001,3.1843419158406707,5.584341156688809
2409,0.1,0.4,0.9525138891768647,0.2606412037602035,45,0.45000000000000007,14.88452722330868,10.278287832704416,97,0.9700000000000002,14.309421146817787,22.15542043938507
2410,0.1,0.4,0.7885027371354119,0.3615784000437,12,0.12000000000000002,2.3326943473065604,1.6355430876957406,132,1.3200000000000003,4.0900354010442905,17.990973964653147
2411,0.1,0.4,2.034212800891252,0.1387015794060727,9,0.09000000000000002,2.7168800254703975,8.249687605584912,54,0.5400000000000001,4.181313029449736,49.498125633509474
2412,0.1,0.4,1.0280199799255028,0.3377040226010484,66,0.6600000000000001,4.063092566738812,12.557097734670377,154,1.5400000000000003,5.023371839459096,29.29989471423088
2413,0.1,0.4,0.4025369093708563,0.2703257700534848,34,0.3400000000000001,4.900750552500089,3.164296664146477,104,1.0400000000000003,5.611644656522632,9.6790250903304
2414,0.1,0.4,0.7255060006576192,0.3246785979133024,8,0.08000000000000002,2.10006054066644,1.1172679771940928,111,1.1100000000000003,4.389656370420909,15.50209318356804
2415,0.1,0.4,0.8196600195125863,0.3509549731742799,0,0.0,0.9107690797168128,0.0,60,0.6000000000000001,3.3892359408572252,8.75817500282529
2416,0.1,0.4,1.3477276212213498,0.1158097019468147,39,0.39000000000000007,4.283704885841299,28.366242391640967,93,0.9300000000000002,4.739281444751506,67.64257801083615
2417,0.1,0.4,0.9909806563218408,0.1468458236488199,0,0.0,1.387951790628156,0.0,51,0.5100000000000001,3.838276653504271,21.51066175078962
2418,0.1,0.4,0.5182641983044436,0.3020217548868759,0,0.0,1.1002700725841592,0.0,47,0.4700000000000001,3.1553333358761195,5.040700075031111
2419,0.1,0.4,0.408170393900054,0.3913959353813651,27,0.2700000000000001,3.710619112620063,1.759822924668868,96,0.9600000000000002,4.410493266110085,6.257148176600419
2420,0.1,0.4,1.0400570965387808,0.4277815552219474,59,0.5900000000000001,5.640146668003285,8.965348077003737,139,1.3900000000000003,6.857571601823667,21.121752249212193
2421,0.1,0.4,0.9000998845212883,0.4033865415866056,121,1.2100000000000002,5.865251868092685,16.874646709627033,160,1.6000000000000003,8.164419086525907,22.3135824259531
2422,0.1,0.4,0.8329548429529788,0.3426199506568539,0,0.0,0.6766719963704503,0.0,52,0.5200000000000001,3.246864184170656,7.901183904811315
2423,0.1,0.4,0.6220301338624381,0.0857512329002521,35,0.3500000000000001,6.780257550286934,15.8678875137209,100,1.0000000000000002,8.907259301644874,45.336821467774
2424,0.1,0.4,0.6640939743951932,0.4535785953402475,23,0.23000000000000004,3.6788559027705534,2.104674025627202,70,0.7000000000000002,5.456464207753683,6.405529643213223
2425,0.1,0.4,0.6197402117150806,0.1708133844744888,6,0.06000000000000001,2.255021612878609,1.3605642210541462,104,1.0400000000000003,3.927002838312619,23.583113164938535
2426,0.1,0.4,0.6000435929434187,0.5421729097188263,0,0.0,0.8118540169162817,0.0,41,0.4100000000000001,3.267524240125606,2.836017217671248
2427,0.1,0.4,1.1177718934729075,0.3436351579353215,33,0.33000000000000007,2.6206167864125764,6.708872701325257,101,1.0100000000000002,5.109116299775851,20.533216449510636
2428,0.1,0.4,0.4395066543114649,0.2947257496813231,40,0.4000000000000001,2.216446154567417,3.728098535559656,110,1.1000000000000003,4.423590968801566,10.252270972789054
2429,0.1,0.4,0.4529668788391622,0.3390868497858439,0,0.0,1.0376247218859755,0.0,49,0.4900000000000001,3.15550062545164,4.091019947606494
2430,0.1,0.4,0.5180298139541195,0.3531519945219681,36,0.3600000000000001,4.012971239927696,3.300468635252926,92,0.9200000000000002,5.11391877161182,8.434530956757477
2431,0.1,0.4,1.4517644822415998,0.3074582589951558,61,0.6100000000000001,2.6503230136392233,18.00196262944852,130,1.3000000000000003,4.783283798331467,38.364838390628
2432,0.1,0.4,0.490537495018835,0.2800334578962467,0,0.0,0.6098843109991307,0.0,43,0.4300000000000001,3.154888453098019,4.707721455025424
2433,0.1,0.4,0.4671073106264749,0.1890961555770518,22,0.22000000000000003,3.4882287728307477,3.3965394492099734,82,0.8200000000000002,4.3595502935051185,12.659828856146264
2434,0.1,0.4,2.880862982564124,0.3455338715827818,0,0.0,1.2972154307455002,0.0,45,0.45000000000000007,3.8347226826083887,23.449009792721426
2435,0.1,0.4,0.5980304137018524,0.3638967033925633,0,0.0,1.5403053448907202,0.0,55,0.5500000000000002,3.2385430145335583,5.649211789870063
2436,0.1,0.4,1.3344751344424008,0.3502281398684164,0,0.0,0.2168627065666253,0.0,42,0.4200000000000001,3.189059945481876,10.002043894095452
2437,0.1,0.4,1.134952955653722,0.3830133172458361,0,0.0,1.9422785533936227,0.0,47,0.4700000000000001,3.69206032077711,8.704460542537579
2438,0.1,0.4,0.8489360524395516,0.3172110257910355,0,0.0,1.7327252864040057,0.0,44,0.44000000000000006,3.903892194583456,7.359687887225839
2439,0.1,0.4,0.4779513342523528,0.6838512384663479,0,0.0,1.7037837209731423,0.0,57,0.5700000000000001,4.199851770840237,2.4898713821043934
2440,0.1,0.4,1.5248957062725217,0.3916815033781159,13,0.13000000000000003,2.5803285813337475,3.163227649660947,117,1.1700000000000002,3.601861759346332,28.469048846948517
2441,0.1,0.4,0.7045101692974184,0.3892872361989588,18,0.18000000000000005,3.268569322707571,2.035961795712519,91,0.9100000000000001,4.926745850792644,10.292917967213292
2442,0.1,0.4,0.9302183466628268,0.1575489482601162,0,0.0,0.8233566229085297,0.0,45,0.45000000000000007,3.1548878795493045,16.605881085729255
2443,0.1,0.4,0.6183504886100591,0.0483507123199637,159,1.5900000000000003,39.52546078564905,127.08929580806382,228,2.2800000000000002,41.041517454021005,182.24125436628017
2444,0.1,0.4,0.7289756606888406,0.1657651357849784,0,0.0,1.4591891019265288,0.0,70,0.7000000000000002,3.4626156069902057,19.23968209847591
2445,0.1,0.4,0.5206682831106297,0.173095297694387,93,0.9300000000000002,12.296548772677358,17.483920336899324,160,1.6000000000000003,12.777290020880857,30.07986294520314
2446,0.1,0.4,0.7614170124239745,0.2182846998205647,7,0.07,2.071040512045746,1.5260801293417334,71,0.7100000000000002,4.312783607095752,15.478812740466156
2447,0.1,0.4,0.909418222312794,0.2686566754086446,255,2.5500000000000007,68.98150230168518,53.94934965254092,295,2.9500000000000006,68.78589730605084,62.41199273529242
2448,0.1,0.4,1.1644037217853205,0.2821085840041631,23,0.23000000000000004,3.0263223486025734,5.933284008265757,71,0.7100000000000002,4.253028291800462,18.31578976464647
2449,0.1,0.4,0.5324053174827428,0.378491701750167,27,0.2700000000000001,5.624686650125285,2.3737217199154412,75,0.7500000000000001,5.965253523636177,6.593671444209558
2450,0.1,0.4,0.6118469030265421,0.3822726937002439,0,0.0,1.3261450899177052,0.0,85,0.8500000000000002,3.726613450672571,8.502926643453401
2451,0.1,0.4,0.601563044277891,0.591317247724086,198,1.9800000000000004,13.436776805051034,12.58942251657861,239,2.3900000000000006,15.104431481173293,15.196323138698425
2452,0.1,0.4,1.2508937800267792,0.3407466204712383,0,0.0,1.3769168476274039,0.0,68,0.6800000000000002,3.331384160647116,15.601911349147331
2453,0.1,0.4,0.5664883019573465,0.1762229921862038,1,0.010000000000000002,2.030241459318938,0.2009131636745979,47,0.4700000000000001,3.1548936042825666,9.442918692706101
2454,0.1,0.4,0.6178813041246376,0.1263366593190732,104,1.0400000000000003,15.543034643924594,31.789889794907765,168,1.6800000000000004,15.460976192311348,51.35289889946639
2455,0.1,0.4,0.8375417024913047,0.1436366131968825,4,0.04000000000000001,2.284176536359566,1.4577441013303611,61,0.6100000000000001,3.983029522361708,22.230597545288006
2456,0.1,0.4,0.5727212347971828,0.3358748284420038,0,0.0,1.2872601699379451,0.0,61,0.6100000000000001,3.6508398398396507,6.500932855828132
2457,0.1,0.4,0.8565779017815717,0.3578324569612389,0,0.0,1.4357483609608461,0.0,61,0.6100000000000001,3.169137269073511,9.12634722482983
2458,0.1,0.4,0.3900791130555297,0.5324055749843323,0,0.0,1.2485100060152283,0.0,57,0.5700000000000001,3.166412326244854,2.6101470487066547
2459,0.1,0.4,1.9237834031443128,0.3787026130614089,0,0.0,1.698292023620956,0.0,43,0.4300000000000001,3.171760699136348,13.652316402453678
2460,0.1,0.4,0.8568644771172466,0.2267636465280934,0,0.0,1.3222163360120225,0.0,80,0.8000000000000002,3.32041926423032,18.893338730357094
2461,0.1,0.4,0.7866675062978683,0.0938915911033194,0,0.0,1.3703517711117512,0.0,50,0.5000000000000001,3.3314703358205477,26.18270633496515
2462,0.1,0.4,0.5689482900312082,0.2848036229214573,0,0.0,1.8898751355602867,0.0,63,0.6300000000000001,4.348402852711251,7.865889727869405
